date,SeriesCode,LineDescription,value
2015-01-01,DPCERX,Personal consumption expenditures (PCE),12484726
2015-02-01,DPCERX,Personal consumption expenditures (PCE),12514133
2015-03-01,DPCERX,Personal consumption expenditures (PCE),12551848
2015-04-01,DPCERX,Personal consumption expenditures (PCE),12574797
2015-05-01,DPCERX,Personal consumption expenditures (PCE),12612729
2015-06-01,DPCERX,Personal consumption expenditures (PCE),12621633
2015-07-01,DPCERX,Personal consumption expenditures (PCE),12668446
2015-08-01,DPCERX,Personal consumption expenditures (PCE),12699695
2015-09-01,DPCERX,Personal consumption expenditures (PCE),12707228
2015-10-01,DPCERX,Personal consumption expenditures (PCE),12715920
2015-11-01,DPCERX,Personal consumption expenditures (PCE),12737026
2015-12-01,DPCERX,Personal consumption expenditures (PCE),12777287
2016-01-01,DPCERX,Personal consumption expenditures (PCE),12798711
2016-02-01,DPCERX,Personal consumption expenditures (PCE),12884040
2016-03-01,DPCERX,Personal consumption expenditures (PCE),12836102
2016-04-01,DPCERX,Personal consumption expenditures (PCE),12870150
2016-05-01,DPCERX,Personal consumption expenditures (PCE),12891217
2016-06-01,DPCERX,Personal consumption expenditures (PCE),12948552
2016-07-01,DPCERX,Personal consumption expenditures (PCE),12972225
2016-08-01,DPCERX,Personal consumption expenditures (PCE),12986082
2016-09-01,DPCERX,Personal consumption expenditures (PCE),13020884
2016-10-01,DPCERX,Personal consumption expenditures (PCE),13014898
2016-11-01,DPCERX,Personal consumption expenditures (PCE),13036803
2016-12-01,DPCERX,Personal consumption expenditures (PCE),13128482
2017-01-01,DPCERX,Personal consumption expenditures (PCE),13136309
2017-02-01,DPCERX,Personal consumption expenditures (PCE),13143371
2017-03-01,DPCERX,Personal consumption expenditures (PCE),13201744
2017-04-01,DPCERX,Personal consumption expenditures (PCE),13206064
2017-05-01,DPCERX,Personal consumption expenditures (PCE),13214465
2017-06-01,DPCERX,Personal consumption expenditures (PCE),13256700
2017-07-01,DPCERX,Personal consumption expenditures (PCE),13290089
2017-08-01,DPCERX,Personal consumption expenditures (PCE),13291675
2017-09-01,DPCERX,Personal consumption expenditures (PCE),13364384
2017-10-01,DPCERX,Personal consumption expenditures (PCE),13377008
2017-11-01,DPCERX,Personal consumption expenditures (PCE),13450341
2017-12-01,DPCERX,Personal consumption expenditures (PCE),13555357
2018-01-01,DPCERX,Personal consumption expenditures (PCE),13541333
2018-02-01,DPCERX,Personal consumption expenditures (PCE),13547251
2018-03-01,DPCERX,Personal consumption expenditures (PCE),13586534
2018-04-01,DPCERX,Personal consumption expenditures (PCE),13598657
2018-05-01,DPCERX,Personal consumption expenditures (PCE),13640539
2018-06-01,DPCERX,Personal consumption expenditures (PCE),13653705
2018-07-01,DPCERX,Personal consumption expenditures (PCE),13682745
2018-08-01,DPCERX,Personal consumption expenditures (PCE),13711487
2018-09-01,DPCERX,Personal consumption expenditures (PCE),13687137
2018-10-01,DPCERX,Personal consumption expenditures (PCE),13727109
2018-11-01,DPCERX,Personal consumption expenditures (PCE),13800281
2018-12-01,DPCERX,Personal consumption expenditures (PCE),13682327
2019-01-01,DPCERX,Personal consumption expenditures (PCE),13721695
2019-02-01,DPCERX,Personal consumption expenditures (PCE),13728472
2019-03-01,DPCERX,Personal consumption expenditures (PCE),13824825
2019-04-01,DPCERX,Personal consumption expenditures (PCE),13825912
2019-05-01,DPCERX,Personal consumption expenditures (PCE),13877100
2019-06-01,DPCERX,Personal consumption expenditures (PCE),13924102
2019-07-01,DPCERX,Personal consumption expenditures (PCE),13989862
2019-08-01,DPCERX,Personal consumption expenditures (PCE),14043558
2019-09-01,DPCERX,Personal consumption expenditures (PCE),14066246
2019-10-01,DPCERX,Personal consumption expenditures (PCE),14067246
2019-11-01,DPCERX,Personal consumption expenditures (PCE),14142836
2019-12-01,DPCERX,Personal consumption expenditures (PCE),14165741
2020-01-01,DPCERX,Personal consumption expenditures (PCE),14230697
2020-02-01,DPCERX,Personal consumption expenditures (PCE),14181357
2020-03-01,DPCERX,Personal consumption expenditures (PCE),13249089
2020-04-01,DPCERX,Personal consumption expenditures (PCE),11798613
2020-05-01,DPCERX,Personal consumption expenditures (PCE),12780528
2020-06-01,DPCERX,Personal consumption expenditures (PCE),13476816
2020-07-01,DPCERX,Personal consumption expenditures (PCE),13683504
2020-08-01,DPCERX,Personal consumption expenditures (PCE),13793028
2020-09-01,DPCERX,Personal consumption expenditures (PCE),13964586
2020-10-01,DPCERX,Personal consumption expenditures (PCE),14007104
2020-11-01,DPCERX,Personal consumption expenditures (PCE),13970316
2020-12-01,DPCERX,Personal consumption expenditures (PCE),14026679
2021-01-01,DPCERX,Personal consumption expenditures (PCE),14204700
2021-02-01,DPCERX,Personal consumption expenditures (PCE),14074144
2021-03-01,DPCERX,Personal consumption expenditures (PCE),14680008
2021-04-01,DPCERX,Personal consumption expenditures (PCE),14796046
2021-05-01,DPCERX,Personal consumption expenditures (PCE),14771441
2021-06-01,DPCERX,Personal consumption expenditures (PCE),14892556
2021-07-01,DPCERX,Personal consumption expenditures (PCE),14869012
2021-08-01,DPCERX,Personal consumption expenditures (PCE),14970163
2021-09-01,DPCERX,Personal consumption expenditures (PCE),14990558
2021-10-01,DPCERX,Personal consumption expenditures (PCE),15085519
2021-11-01,DPCERX,Personal consumption expenditures (PCE),15115905
2021-12-01,DPCERX,Personal consumption expenditures (PCE),15059161
2022-01-01,DPCERX,Personal consumption expenditures (PCE),15067837
2022-02-01,DPCERX,Personal consumption expenditures (PCE),15077930
2022-03-01,DPCERX,Personal consumption expenditures (PCE),15156782
2022-04-01,DPCERX,Personal consumption expenditures (PCE),15235370
2022-05-01,DPCERX,Personal consumption expenditures (PCE),15214128
2022-06-01,DPCERX,Personal consumption expenditures (PCE),15223574
2022-07-01,DPCERX,Personal consumption expenditures (PCE),15237130
2022-08-01,DPCERX,Personal consumption expenditures (PCE),15319831
2022-09-01,DPCERX,Personal consumption expenditures (PCE),15330524
2022-10-01,DPCERX,Personal consumption expenditures (PCE),15358093
2022-11-01,DPCERX,Personal consumption expenditures (PCE),15317074
2022-12-01,DPCERX,Personal consumption expenditures (PCE),15303578
2023-01-01,DPCERX,Personal consumption expenditures (PCE),15501541
2023-02-01,DPCERX,Personal consumption expenditures (PCE),15491753
2023-03-01,DPCERX,Personal consumption expenditures (PCE),15493967
2023-04-01,DPCERX,Personal consumption expenditures (PCE),15541844
2023-05-01,DPCERX,Personal consumption expenditures (PCE),15535209
2023-06-01,DPCERX,Personal consumption expenditures (PCE),15584105
2023-07-01,DPCERX,Personal consumption expenditures (PCE),15658427
2023-08-01,DPCERX,Personal consumption expenditures (PCE),15668579
2023-09-01,DPCERX,Personal consumption expenditures (PCE),15688712
2023-10-01,DPCERX,Personal consumption expenditures (PCE),15730882
2023-11-01,DPCERX,Personal consumption expenditures (PCE),15786940
2023-12-01,DPCERX,Personal consumption expenditures (PCE),15851330
2024-01-01,DPCERX,Personal consumption expenditures (PCE),15793672
2024-02-01,DPCERX,Personal consumption expenditures (PCE),15863138
2024-03-01,DPCERX,Personal consumption expenditures (PCE),15916303
2024-04-01,DPCERX,Personal consumption expenditures (PCE),15945244
2024-05-01,DPCERX,Personal consumption expenditures (PCE),16019243
2024-06-01,DPCERX,Personal consumption expenditures (PCE),16064423
2024-07-01,DPCERX,Personal consumption expenditures (PCE),16123773
2024-08-01,DPCERX,Personal consumption expenditures (PCE),16145720
2024-09-01,DPCERX,Personal consumption expenditures (PCE),16227812
2024-10-01,DPCERX,Personal consumption expenditures (PCE),16247737
2024-11-01,DPCERX,Personal consumption expenditures (PCE),16299468
2024-12-01,DPCERX,Personal consumption expenditures (PCE),16415463
2025-01-01,DPCERX,Personal consumption expenditures (PCE),16316534
2025-02-01,DPCERX,Personal consumption expenditures (PCE),16296951
2025-03-01,DPCERX,Personal consumption expenditures (PCE),16423896
2025-04-01,DPCERX,Personal consumption expenditures (PCE),16446911
2025-05-01,DPCERX,Personal consumption expenditures (PCE),16423880
2025-06-01,DPCERX,Personal consumption expenditures (PCE),16466264
2025-07-01,DPCERX,Personal consumption expenditures (PCE),16547526
2025-08-01,DPCERX,Personal consumption expenditures (PCE),16595846
2025-09-01,DPCERX,Personal consumption expenditures (PCE),16614263
2025-10-01,DPCERX,Personal consumption expenditures (PCE),16649274
2025-11-01,DPCERX,Personal consumption expenditures (PCE),16665684
2025-12-01,DPCERX,Personal consumption expenditures (PCE),16680700
2026-01-01,DPCERX,Personal consumption expenditures (PCE),16648492
2026-02-01,DPCERX,Personal consumption expenditures (PCE),16684623
2026-03-01,DPCERX,Personal consumption expenditures (PCE),16730070
2026-04-01,DPCERX,Personal consumption expenditures (PCE),16763505
2026-05-01,DPCERX,Personal consumption expenditures (PCE),16825519
2026-06-01,DPCERX,Personal consumption expenditures (PCE),16900020
2026-07-01,DPCERX,Personal consumption expenditures (PCE),16901280
2015-01-01,DGDSRX,Goods,3828118
2015-02-01,DGDSRX,Goods,3835908
2015-03-01,DGDSRX,Goods,3870913
2015-04-01,DGDSRX,Goods,3874200
2015-05-01,DGDSRX,Goods,3891983
2015-06-01,DGDSRX,Goods,3892181
2015-07-01,DGDSRX,Goods,3920145
2015-08-01,DGDSRX,Goods,3934359
2015-09-01,DGDSRX,Goods,3936052
2015-10-01,DGDSRX,Goods,3922302
2015-11-01,DGDSRX,Goods,3954148
2015-12-01,DGDSRX,Goods,3969241
2016-01-01,DGDSRX,Goods,3968019
2016-02-01,DGDSRX,Goods,4013880
2016-03-01,DGDSRX,Goods,3990342
2016-04-01,DGDSRX,Goods,3999128
2016-05-01,DGDSRX,Goods,4017023
2016-06-01,DGDSRX,Goods,4060211
2016-07-01,DGDSRX,Goods,4062945
2016-08-01,DGDSRX,Goods,4067312
2016-09-01,DGDSRX,Goods,4075099
2016-10-01,DGDSRX,Goods,4078463
2016-11-01,DGDSRX,Goods,4072334
2016-12-01,DGDSRX,Goods,4132226
2017-01-01,DGDSRX,Goods,4120097
2017-02-01,DGDSRX,Goods,4133322
2017-03-01,DGDSRX,Goods,4140219
2017-04-01,DGDSRX,Goods,4163754
2017-05-01,DGDSRX,Goods,4162038
2017-06-01,DGDSRX,Goods,4199368
2017-07-01,DGDSRX,Goods,4204388
2017-08-01,DGDSRX,Goods,4209057
2017-09-01,DGDSRX,Goods,4267089
2017-10-01,DGDSRX,Goods,4265381
2017-11-01,DGDSRX,Goods,4312635
2017-12-01,DGDSRX,Goods,4369224
2018-01-01,DGDSRX,Goods,4351858
2018-02-01,DGDSRX,Goods,4360215
2018-03-01,DGDSRX,Goods,4353973
2018-04-01,DGDSRX,Goods,4343187
2018-05-01,DGDSRX,Goods,4390814
2018-06-01,DGDSRX,Goods,4363067
2018-07-01,DGDSRX,Goods,4381709
2018-08-01,DGDSRX,Goods,4393314
2018-09-01,DGDSRX,Goods,4381824
2018-10-01,DGDSRX,Goods,4394409
2018-11-01,DGDSRX,Goods,4465859
2018-12-01,DGDSRX,Goods,4364182
2019-01-01,DGDSRX,Goods,4401678
2019-02-01,DGDSRX,Goods,4401105
2019-03-01,DGDSRX,Goods,4458645
2019-04-01,DGDSRX,Goods,4462735
2019-05-01,DGDSRX,Goods,4501968
2019-06-01,DGDSRX,Goods,4525618
2019-07-01,DGDSRX,Goods,4552734
2019-08-01,DGDSRX,Goods,4567263
2019-09-01,DGDSRX,Goods,4563075
2019-10-01,DGDSRX,Goods,4549030
2019-11-01,DGDSRX,Goods,4583979
2019-12-01,DGDSRX,Goods,4595034
2020-01-01,DGDSRX,Goods,4580782
2020-02-01,DGDSRX,Goods,4585372
2020-03-01,DGDSRX,Goods,4501265
2020-04-01,DGDSRX,Goods,3970385
2020-05-01,DGDSRX,Goods,4570456
2020-06-01,DGDSRX,Goods,4828228
2020-07-01,DGDSRX,Goods,4914217
2020-08-01,DGDSRX,Goods,4905642
2020-09-01,DGDSRX,Goods,4969504
2020-10-01,DGDSRX,Goods,4954925
2020-11-01,DGDSRX,Goods,4932945
2020-12-01,DGDSRX,Goods,4979000
2021-01-01,DGDSRX,Goods,5094224
2021-02-01,DGDSRX,Goods,4973618
2021-03-01,DGDSRX,Goods,5414812
2021-04-01,DGDSRX,Goods,5425789
2021-05-01,DGDSRX,Goods,5313177
2021-06-01,DGDSRX,Goods,5331105
2021-07-01,DGDSRX,Goods,5212958
2021-08-01,DGDSRX,Goods,5248525
2021-09-01,DGDSRX,Goods,5238939
2021-10-01,DGDSRX,Goods,5294677
2021-11-01,DGDSRX,Goods,5301523
2021-12-01,DGDSRX,Goods,5242461
2022-01-01,DGDSRX,Goods,5276766
2022-02-01,DGDSRX,Goods,5229275
2022-03-01,DGDSRX,Goods,5254704
2022-04-01,DGDSRX,Goods,5285773
2022-05-01,DGDSRX,Goods,5236202
2022-06-01,DGDSRX,Goods,5222882
2022-07-01,DGDSRX,Goods,5192455
2022-08-01,DGDSRX,Goods,5230018
2022-09-01,DGDSRX,Goods,5224921
2022-10-01,DGDSRX,Goods,5240228
2022-11-01,DGDSRX,Goods,5169320
2022-12-01,DGDSRX,Goods,5148279
2023-01-01,DGDSRX,Goods,5300572
2023-02-01,DGDSRX,Goods,5288603
2023-03-01,DGDSRX,Goods,5240750
2023-04-01,DGDSRX,Goods,5287413
2023-05-01,DGDSRX,Goods,5269057
2023-06-01,DGDSRX,Goods,5289845
2023-07-01,DGDSRX,Goods,5328322
2023-08-01,DGDSRX,Goods,5341055
2023-09-01,DGDSRX,Goods,5346974
2023-10-01,DGDSRX,Goods,5349880
2023-11-01,DGDSRX,Goods,5360395
2023-12-01,DGDSRX,Goods,5392396
2024-01-01,DGDSRX,Goods,5329077
2024-02-01,DGDSRX,Goods,5337641
2024-03-01,DGDSRX,Goods,5381764
2024-04-01,DGDSRX,Goods,5386317
2024-05-01,DGDSRX,Goods,5434101
2024-06-01,DGDSRX,Goods,5442587
2024-07-01,DGDSRX,Goods,5488835
2024-08-01,DGDSRX,Goods,5475519
2024-09-01,DGDSRX,Goods,5541239
2024-10-01,DGDSRX,Goods,5544457
2024-11-01,DGDSRX,Goods,5576758
2024-12-01,DGDSRX,Goods,5662817
2025-01-01,DGDSRX,Goods,5554047
2025-02-01,DGDSRX,Goods,5572012
2025-03-01,DGDSRX,Goods,5666218
2025-04-01,DGDSRX,Goods,5652981
2025-05-01,DGDSRX,Goods,5604957
2025-06-01,DGDSRX,Goods,5627132
2025-07-01,DGDSRX,Goods,5663523
2025-08-01,DGDSRX,Goods,5685497
2025-09-01,DGDSRX,Goods,5663206
2025-10-01,DGDSRX,Goods,5668760
2025-11-01,DGDSRX,Goods,5688124
2025-12-01,DGDSRX,Goods,5668424
2026-01-01,DGDSRX,Goods,5635699
2026-02-01,DGDSRX,Goods,5681997
2026-03-01,DGDSRX,Goods,5730341
2026-04-01,DGDSRX,Goods,5721245
2026-05-01,DGDSRX,Goods,5736443
2026-06-01,DGDSRX,Goods,5770143
2026-07-01,DGDSRX,Goods,5734667
2015-01-01,DDURRX,Durable goods,1219912
2015-02-01,DDURRX,Durable goods,1220627
2015-03-01,DDURRX,Durable goods,1246151
2015-04-01,DDURRX,Durable goods,1250655
2015-05-01,DDURRX,Durable goods,1255031
2015-06-01,DDURRX,Durable goods,1255350
2015-07-01,DDURRX,Durable goods,1265524
2015-08-01,DDURRX,Durable goods,1275828
2015-09-01,DDURRX,Durable goods,1268854
2015-10-01,DDURRX,Durable goods,1264999
2015-11-01,DDURRX,Durable goods,1283090
2015-12-01,DDURRX,Durable goods,1286731
2016-01-01,DDURRX,Durable goods,1284235
2016-02-01,DDURRX,Durable goods,1308405
2016-03-01,DDURRX,Durable goods,1293217
2016-04-01,DDURRX,Durable goods,1294328
2016-05-01,DDURRX,Durable goods,1299523
2016-06-01,DDURRX,Durable goods,1324965
2016-07-01,DDURRX,Durable goods,1336542
2016-08-01,DDURRX,Durable goods,1337595
2016-09-01,DDURRX,Durable goods,1345119
2016-10-01,DDURRX,Durable goods,1353502
2016-11-01,DDURRX,Durable goods,1345518
2016-12-01,DDURRX,Durable goods,1383288
2017-01-01,DDURRX,Durable goods,1369690
2017-02-01,DDURRX,Durable goods,1375391
2017-03-01,DDURRX,Durable goods,1370042
2017-04-01,DDURRX,Durable goods,1382546
2017-05-01,DDURRX,Durable goods,1383295
2017-06-01,DDURRX,Durable goods,1401687
2017-07-01,DDURRX,Durable goods,1415718
2017-08-01,DDURRX,Durable goods,1410058
2017-09-01,DDURRX,Durable goods,1449048
2017-10-01,DDURRX,Durable goods,1454528
2017-11-01,DDURRX,Durable goods,1478825
2017-12-01,DDURRX,Durable goods,1500100
2018-01-01,DDURRX,Durable goods,1488160
2018-02-01,DDURRX,Durable goods,1505143
2018-03-01,DDURRX,Durable goods,1497463
2018-04-01,DDURRX,Durable goods,1491995
2018-05-01,DDURRX,Durable goods,1515354
2018-06-01,DDURRX,Durable goods,1509336
2018-07-01,DDURRX,Durable goods,1513646
2018-08-01,DDURRX,Durable goods,1522086
2018-09-01,DDURRX,Durable goods,1513573
2018-10-01,DDURRX,Durable goods,1511438
2018-11-01,DDURRX,Durable goods,1546205
2018-12-01,DDURRX,Durable goods,1499177
2019-01-01,DDURRX,Durable goods,1490037
2019-02-01,DDURRX,Durable goods,1493864
2019-03-01,DDURRX,Durable goods,1532346
2019-04-01,DDURRX,Durable goods,1528790
2019-05-01,DDURRX,Durable goods,1558874
2019-06-01,DDURRX,Durable goods,1560067
2019-07-01,DDURRX,Durable goods,1577653
2019-08-01,DDURRX,Durable goods,1583495
2019-09-01,DDURRX,Durable goods,1595994
2019-10-01,DDURRX,Durable goods,1574340
2019-11-01,DDURRX,Durable goods,1605359
2019-12-01,DDURRX,Durable goods,1616068
2020-01-01,DDURRX,Durable goods,1606258
2020-02-01,DDURRX,Durable goods,1600452
2020-03-01,DDURRX,Durable goods,1397522
2020-04-01,DDURRX,Durable goods,1235743
2020-05-01,DDURRX,Durable goods,1605894
2020-06-01,DDURRX,Durable goods,1750243
2020-07-01,DDURRX,Durable goods,1805266
2020-08-01,DDURRX,Durable goods,1812171
2020-09-01,DDURRX,Durable goods,1816490
2020-10-01,DDURRX,Durable goods,1819578
2020-11-01,DDURRX,Durable goods,1808210
2020-12-01,DDURRX,Durable goods,1842996
2021-01-01,DDURRX,Durable goods,1903894
2021-02-01,DDURRX,Durable goods,1842138
2021-03-01,DDURRX,Durable goods,2102810
2021-04-01,DDURRX,Durable goods,2112228
2021-05-01,DDURRX,Durable goods,2005143
2021-06-01,DDURRX,Durable goods,1966176
2021-07-01,DDURRX,Durable goods,1901922
2021-08-01,DDURRX,Durable goods,1894982
2021-09-01,DDURRX,Durable goods,1889590
2021-10-01,DDURRX,Durable goods,1935370
2021-11-01,DDURRX,Durable goods,1935659
2021-12-01,DDURRX,Durable goods,1901975
2022-01-01,DDURRX,Durable goods,1941314
2022-02-01,DDURRX,Durable goods,1904925
2022-03-01,DDURRX,Durable goods,1926129
2022-04-01,DDURRX,Durable goods,1957526
2022-05-01,DDURRX,Durable goods,1900434
2022-06-01,DDURRX,Durable goods,1895795
2022-07-01,DDURRX,Durable goods,1904149
2022-08-01,DDURRX,Durable goods,1921868
2022-09-01,DDURRX,Durable goods,1905884
2022-10-01,DDURRX,Durable goods,1926107
2022-11-01,DDURRX,Durable goods,1871591
2022-12-01,DDURRX,Durable goods,1864255
2023-01-01,DDURRX,Durable goods,1988949
2023-02-01,DDURRX,Durable goods,1963356
2023-03-01,DDURRX,Durable goods,1948949
2023-04-01,DDURRX,Durable goods,1972276
2023-05-01,DDURRX,Durable goods,1962460
2023-06-01,DDURRX,Durable goods,1967658
2023-07-01,DDURRX,Durable goods,1994160
2023-08-01,DDURRX,Durable goods,2000654
2023-09-01,DDURRX,Durable goods,1998732
2023-10-01,DDURRX,Durable goods,1990397
2023-11-01,DDURRX,Durable goods,1992022
2023-12-01,DDURRX,Durable goods,2014290
2024-01-01,DDURRX,Durable goods,1979064
2024-02-01,DDURRX,Durable goods,1997530
2024-03-01,DDURRX,Durable goods,2006226
2024-04-01,DDURRX,Durable goods,2009102
2024-05-01,DDURRX,Durable goods,2043929
2024-06-01,DDURRX,Durable goods,2042516
2024-07-01,DDURRX,Durable goods,2070877
2024-08-01,DDURRX,Durable goods,2064020
2024-09-01,DDURRX,Durable goods,2087063
2024-10-01,DDURRX,Durable goods,2095975
2024-11-01,DDURRX,Durable goods,2131719
2024-12-01,DDURRX,Durable goods,2187582
2025-01-01,DDURRX,Durable goods,2089608
2025-02-01,DDURRX,Durable goods,2091782
2025-03-01,DDURRX,Durable goods,2179057
2025-04-01,DDURRX,Durable goods,2165004
2025-05-01,DDURRX,Durable goods,2117716
2025-06-01,DDURRX,Durable goods,2113913
2025-07-01,DDURRX,Durable goods,2141608
2025-08-01,DDURRX,Durable goods,2144764
2025-09-01,DDURRX,Durable goods,2134934
2025-10-01,DDURRX,Durable goods,2134860
2025-11-01,DDURRX,Durable goods,2150576
2025-12-01,DDURRX,Durable goods,2138069
2026-01-01,DDURRX,Durable goods,2105411
2026-02-01,DDURRX,Durable goods,2148159
2026-03-01,DDURRX,Durable goods,2177454
2026-04-01,DDURRX,Durable goods,2152548
2026-05-01,DDURRX,Durable goods,2175984
2026-06-01,DDURRX,Durable goods,2192663
2026-07-01,DDURRX,Durable goods,2162183
2015-01-01,DMOTRX,Motor vehicles and parts,462779
2015-02-01,DMOTRX,Motor vehicles and parts,467689
2015-03-01,DMOTRX,Motor vehicles and parts,484033
2015-04-01,DMOTRX,Motor vehicles and parts,487168
2015-05-01,DMOTRX,Motor vehicles and parts,485898
2015-06-01,DMOTRX,Motor vehicles and parts,483277
2015-07-01,DMOTRX,Motor vehicles and parts,486451
2015-08-01,DMOTRX,Motor vehicles and parts,489826
2015-09-01,DMOTRX,Motor vehicles and parts,483418
2015-10-01,DMOTRX,Motor vehicles and parts,476708
2015-11-01,DMOTRX,Motor vehicles and parts,490222
2015-12-01,DMOTRX,Motor vehicles and parts,477858
2016-01-01,DMOTRX,Motor vehicles and parts,481755
2016-02-01,DMOTRX,Motor vehicles and parts,495654
2016-03-01,DMOTRX,Motor vehicles and parts,477464
2016-04-01,DMOTRX,Motor vehicles and parts,485175
2016-05-01,DMOTRX,Motor vehicles and parts,481018
2016-06-01,DMOTRX,Motor vehicles and parts,491948
2016-07-01,DMOTRX,Motor vehicles and parts,504230
2016-08-01,DMOTRX,Motor vehicles and parts,502371
2016-09-01,DMOTRX,Motor vehicles and parts,506841
2016-10-01,DMOTRX,Motor vehicles and parts,515224
2016-11-01,DMOTRX,Motor vehicles and parts,504033
2016-12-01,DMOTRX,Motor vehicles and parts,531554
2017-01-01,DMOTRX,Motor vehicles and parts,518275
2017-02-01,DMOTRX,Motor vehicles and parts,518178
2017-03-01,DMOTRX,Motor vehicles and parts,504613
2017-04-01,DMOTRX,Motor vehicles and parts,506960
2017-05-01,DMOTRX,Motor vehicles and parts,512078
2017-06-01,DMOTRX,Motor vehicles and parts,523467
2017-07-01,DMOTRX,Motor vehicles and parts,531961
2017-08-01,DMOTRX,Motor vehicles and parts,519087
2017-09-01,DMOTRX,Motor vehicles and parts,549068
2017-10-01,DMOTRX,Motor vehicles and parts,555524
2017-11-01,DMOTRX,Motor vehicles and parts,553999
2017-12-01,DMOTRX,Motor vehicles and parts,559751
2018-01-01,DMOTRX,Motor vehicles and parts,542601
2018-02-01,DMOTRX,Motor vehicles and parts,545954
2018-03-01,DMOTRX,Motor vehicles and parts,545585
2018-04-01,DMOTRX,Motor vehicles and parts,539614
2018-05-01,DMOTRX,Motor vehicles and parts,555678
2018-06-01,DMOTRX,Motor vehicles and parts,547592
2018-07-01,DMOTRX,Motor vehicles and parts,554387
2018-08-01,DMOTRX,Motor vehicles and parts,555340
2018-09-01,DMOTRX,Motor vehicles and parts,551261
2018-10-01,DMOTRX,Motor vehicles and parts,544847
2018-11-01,DMOTRX,Motor vehicles and parts,558725
2018-12-01,DMOTRX,Motor vehicles and parts,557330
2019-01-01,DMOTRX,Motor vehicles and parts,517505
2019-02-01,DMOTRX,Motor vehicles and parts,520485
2019-03-01,DMOTRX,Motor vehicles and parts,545506
2019-04-01,DMOTRX,Motor vehicles and parts,532273
2019-05-01,DMOTRX,Motor vehicles and parts,544243
2019-06-01,DMOTRX,Motor vehicles and parts,541918
2019-07-01,DMOTRX,Motor vehicles and parts,543231
2019-08-01,DMOTRX,Motor vehicles and parts,542636
2019-09-01,DMOTRX,Motor vehicles and parts,551524
2019-10-01,DMOTRX,Motor vehicles and parts,532145
2019-11-01,DMOTRX,Motor vehicles and parts,555750
2019-12-01,DMOTRX,Motor vehicles and parts,557491
2020-01-01,DMOTRX,Motor vehicles and parts,527202
2020-02-01,DMOTRX,Motor vehicles and parts,528032
2020-03-01,DMOTRX,Motor vehicles and parts,413892
2020-04-01,DMOTRX,Motor vehicles and parts,368521
2020-05-01,DMOTRX,Motor vehicles and parts,526916
2020-06-01,DMOTRX,Motor vehicles and parts,557150
2020-07-01,DMOTRX,Motor vehicles and parts,585150
2020-08-01,DMOTRX,Motor vehicles and parts,590047
2020-09-01,DMOTRX,Motor vehicles and parts,577782
2020-10-01,DMOTRX,Motor vehicles and parts,571971
2020-11-01,DMOTRX,Motor vehicles and parts,568985
2020-12-01,DMOTRX,Motor vehicles and parts,587034
2021-01-01,DMOTRX,Motor vehicles and parts,604700
2021-02-01,DMOTRX,Motor vehicles and parts,589553
2021-03-01,DMOTRX,Motor vehicles and parts,713531
2021-04-01,DMOTRX,Motor vehicles and parts,727847
2021-05-01,DMOTRX,Motor vehicles and parts,658536
2021-06-01,DMOTRX,Motor vehicles and parts,603820
2021-07-01,DMOTRX,Motor vehicles and parts,583494
2021-08-01,DMOTRX,Motor vehicles and parts,568749
2021-09-01,DMOTRX,Motor vehicles and parts,557246
2021-10-01,DMOTRX,Motor vehicles and parts,576941
2021-11-01,DMOTRX,Motor vehicles and parts,574326
2021-12-01,DMOTRX,Motor vehicles and parts,565757
2022-01-01,DMOTRX,Motor vehicles and parts,595253
2022-02-01,DMOTRX,Motor vehicles and parts,563258
2022-03-01,DMOTRX,Motor vehicles and parts,573424
2022-04-01,DMOTRX,Motor vehicles and parts,591993
2022-05-01,DMOTRX,Motor vehicles and parts,561518
2022-06-01,DMOTRX,Motor vehicles and parts,562062
2022-07-01,DMOTRX,Motor vehicles and parts,560454
2022-08-01,DMOTRX,Motor vehicles and parts,574962
2022-09-01,DMOTRX,Motor vehicles and parts,568505
2022-10-01,DMOTRX,Motor vehicles and parts,578830
2022-11-01,DMOTRX,Motor vehicles and parts,555624
2022-12-01,DMOTRX,Motor vehicles and parts,547486
2023-01-01,DMOTRX,Motor vehicles and parts,606328
2023-02-01,DMOTRX,Motor vehicles and parts,598598
2023-03-01,DMOTRX,Motor vehicles and parts,599662
2023-04-01,DMOTRX,Motor vehicles and parts,600389
2023-05-01,DMOTRX,Motor vehicles and parts,584248
2023-06-01,DMOTRX,Motor vehicles and parts,581058
2023-07-01,DMOTRX,Motor vehicles and parts,585085
2023-08-01,DMOTRX,Motor vehicles and parts,589075
2023-09-01,DMOTRX,Motor vehicles and parts,584996
2023-10-01,DMOTRX,Motor vehicles and parts,580646
2023-11-01,DMOTRX,Motor vehicles and parts,566979
2023-12-01,DMOTRX,Motor vehicles and parts,571846
2024-01-01,DMOTRX,Motor vehicles and parts,556857
2024-02-01,DMOTRX,Motor vehicles and parts,568259
2024-03-01,DMOTRX,Motor vehicles and parts,564833
2024-04-01,DMOTRX,Motor vehicles and parts,574424
2024-05-01,DMOTRX,Motor vehicles and parts,579528
2024-06-01,DMOTRX,Motor vehicles and parts,564613
2024-07-01,DMOTRX,Motor vehicles and parts,593137
2024-08-01,DMOTRX,Motor vehicles and parts,583732
2024-09-01,DMOTRX,Motor vehicles and parts,592186
2024-10-01,DMOTRX,Motor vehicles and parts,590682
2024-11-01,DMOTRX,Motor vehicles and parts,613998
2024-12-01,DMOTRX,Motor vehicles and parts,638330
2025-01-01,DMOTRX,Motor vehicles and parts,574821
2025-02-01,DMOTRX,Motor vehicles and parts,574537
2025-03-01,DMOTRX,Motor vehicles and parts,638743
2025-04-01,DMOTRX,Motor vehicles and parts,640000
2025-05-01,DMOTRX,Motor vehicles and parts,596189
2025-06-01,DMOTRX,Motor vehicles and parts,593637
2025-07-01,DMOTRX,Motor vehicles and parts,605333
2025-08-01,DMOTRX,Motor vehicles and parts,596100
2025-09-01,DMOTRX,Motor vehicles and parts,597124
2025-10-01,DMOTRX,Motor vehicles and parts,581753
2025-11-01,DMOTRX,Motor vehicles and parts,588935
2025-12-01,DMOTRX,Motor vehicles and parts,590283
2026-01-01,DMOTRX,Motor vehicles and parts,560402
2026-02-01,DMOTRX,Motor vehicles and parts,598616
2026-03-01,DMOTRX,Motor vehicles and parts,619848
2026-04-01,DMOTRX,Motor vehicles and parts,597730
2026-05-01,DMOTRX,Motor vehicles and parts,610260
2026-06-01,DMOTRX,Motor vehicles and parts,617301
2026-07-01,DMOTRX,Motor vehicles and parts,607290
2015-01-01,DFDHRX,Furnishings and durable household equipment,267241
2015-02-01,DFDHRX,Furnishings and durable household equipment,264505
2015-03-01,DFDHRX,Furnishings and durable household equipment,270873
2015-04-01,DFDHRX,Furnishings and durable household equipment,270570
2015-05-01,DFDHRX,Furnishings and durable household equipment,275200
2015-06-01,DFDHRX,Furnishings and durable household equipment,274107
2015-07-01,DFDHRX,Furnishings and durable household equipment,278827
2015-08-01,DFDHRX,Furnishings and durable household equipment,281082
2015-09-01,DFDHRX,Furnishings and durable household equipment,281879
2015-10-01,DFDHRX,Furnishings and durable household equipment,281855
2015-11-01,DFDHRX,Furnishings and durable household equipment,285270
2015-12-01,DFDHRX,Furnishings and durable household equipment,290273
2016-01-01,DFDHRX,Furnishings and durable household equipment,288536
2016-02-01,DFDHRX,Furnishings and durable household equipment,292506
2016-03-01,DFDHRX,Furnishings and durable household equipment,292156
2016-04-01,DFDHRX,Furnishings and durable household equipment,291359
2016-05-01,DFDHRX,Furnishings and durable household equipment,293139
2016-06-01,DFDHRX,Furnishings and durable household equipment,299151
2016-07-01,DFDHRX,Furnishings and durable household equipment,298961
2016-08-01,DFDHRX,Furnishings and durable household equipment,300605
2016-09-01,DFDHRX,Furnishings and durable household equipment,302346
2016-10-01,DFDHRX,Furnishings and durable household equipment,301083
2016-11-01,DFDHRX,Furnishings and durable household equipment,303588
2016-12-01,DFDHRX,Furnishings and durable household equipment,305573
2017-01-01,DFDHRX,Furnishings and durable household equipment,306766
2017-02-01,DFDHRX,Furnishings and durable household equipment,307777
2017-03-01,DFDHRX,Furnishings and durable household equipment,309353
2017-04-01,DFDHRX,Furnishings and durable household equipment,311891
2017-05-01,DFDHRX,Furnishings and durable household equipment,311377
2017-06-01,DFDHRX,Furnishings and durable household equipment,314662
2017-07-01,DFDHRX,Furnishings and durable household equipment,318221
2017-08-01,DFDHRX,Furnishings and durable household equipment,320720
2017-09-01,DFDHRX,Furnishings and durable household equipment,325535
2017-10-01,DFDHRX,Furnishings and durable household equipment,327301
2017-11-01,DFDHRX,Furnishings and durable household equipment,335668
2017-12-01,DFDHRX,Furnishings and durable household equipment,340944
2018-01-01,DFDHRX,Furnishings and durable household equipment,339451
2018-02-01,DFDHRX,Furnishings and durable household equipment,341004
2018-03-01,DFDHRX,Furnishings and durable household equipment,340048
2018-04-01,DFDHRX,Furnishings and durable household equipment,336271
2018-05-01,DFDHRX,Furnishings and durable household equipment,338851
2018-06-01,DFDHRX,Furnishings and durable household equipment,340333
2018-07-01,DFDHRX,Furnishings and durable household equipment,340600
2018-08-01,DFDHRX,Furnishings and durable household equipment,340489
2018-09-01,DFDHRX,Furnishings and durable household equipment,339551
2018-10-01,DFDHRX,Furnishings and durable household equipment,338528
2018-11-01,DFDHRX,Furnishings and durable household equipment,341790
2018-12-01,DFDHRX,Furnishings and durable household equipment,334095
2019-01-01,DFDHRX,Furnishings and durable household equipment,336914
2019-02-01,DFDHRX,Furnishings and durable household equipment,333250
2019-03-01,DFDHRX,Furnishings and durable household equipment,337709
2019-04-01,DFDHRX,Furnishings and durable household equipment,342145
2019-05-01,DFDHRX,Furnishings and durable household equipment,345482
2019-06-01,DFDHRX,Furnishings and durable household equipment,346042
2019-07-01,DFDHRX,Furnishings and durable household equipment,350521
2019-08-01,DFDHRX,Furnishings and durable household equipment,352547
2019-09-01,DFDHRX,Furnishings and durable household equipment,353260
2019-10-01,DFDHRX,Furnishings and durable household equipment,354898
2019-11-01,DFDHRX,Furnishings and durable household equipment,356938
2019-12-01,DFDHRX,Furnishings and durable household equipment,361053
2020-01-01,DFDHRX,Furnishings and durable household equipment,365835
2020-02-01,DFDHRX,Furnishings and durable household equipment,363215
2020-03-01,DFDHRX,Furnishings and durable household equipment,340475
2020-04-01,DFDHRX,Furnishings and durable household equipment,291743
2020-05-01,DFDHRX,Furnishings and durable household equipment,362811
2020-06-01,DFDHRX,Furnishings and durable household equipment,399767
2020-07-01,DFDHRX,Furnishings and durable household equipment,404508
2020-08-01,DFDHRX,Furnishings and durable household equipment,401850
2020-09-01,DFDHRX,Furnishings and durable household equipment,405365
2020-10-01,DFDHRX,Furnishings and durable household equipment,404227
2020-11-01,DFDHRX,Furnishings and durable household equipment,397232
2020-12-01,DFDHRX,Furnishings and durable household equipment,403236
2021-01-01,DFDHRX,Furnishings and durable household equipment,431298
2021-02-01,DFDHRX,Furnishings and durable household equipment,411198
2021-03-01,DFDHRX,Furnishings and durable household equipment,448819
2021-04-01,DFDHRX,Furnishings and durable household equipment,446512
2021-05-01,DFDHRX,Furnishings and durable household equipment,429584
2021-06-01,DFDHRX,Furnishings and durable household equipment,429596
2021-07-01,DFDHRX,Furnishings and durable household equipment,420056
2021-08-01,DFDHRX,Furnishings and durable household equipment,420191
2021-09-01,DFDHRX,Furnishings and durable household equipment,418948
2021-10-01,DFDHRX,Furnishings and durable household equipment,424602
2021-11-01,DFDHRX,Furnishings and durable household equipment,421489
2021-12-01,DFDHRX,Furnishings and durable household equipment,411849
2022-01-01,DFDHRX,Furnishings and durable household equipment,414133
2022-02-01,DFDHRX,Furnishings and durable household equipment,412859
2022-03-01,DFDHRX,Furnishings and durable household equipment,413861
2022-04-01,DFDHRX,Furnishings and durable household equipment,415366
2022-05-01,DFDHRX,Furnishings and durable household equipment,415848
2022-06-01,DFDHRX,Furnishings and durable household equipment,413407
2022-07-01,DFDHRX,Furnishings and durable household equipment,410558
2022-08-01,DFDHRX,Furnishings and durable household equipment,411549
2022-09-01,DFDHRX,Furnishings and durable household equipment,409464
2022-10-01,DFDHRX,Furnishings and durable household equipment,414789
2022-11-01,DFDHRX,Furnishings and durable household equipment,407941
2022-12-01,DFDHRX,Furnishings and durable household equipment,403513
2023-01-01,DFDHRX,Furnishings and durable household equipment,423777
2023-02-01,DFDHRX,Furnishings and durable household equipment,414487
2023-03-01,DFDHRX,Furnishings and durable household equipment,406710
2023-04-01,DFDHRX,Furnishings and durable household equipment,412079
2023-05-01,DFDHRX,Furnishings and durable household equipment,415199
2023-06-01,DFDHRX,Furnishings and durable household equipment,418744
2023-07-01,DFDHRX,Furnishings and durable household equipment,420670
2023-08-01,DFDHRX,Furnishings and durable household equipment,420130
2023-09-01,DFDHRX,Furnishings and durable household equipment,420008
2023-10-01,DFDHRX,Furnishings and durable household equipment,418569
2023-11-01,DFDHRX,Furnishings and durable household equipment,426935
2023-12-01,DFDHRX,Furnishings and durable household equipment,424776
2024-01-01,DFDHRX,Furnishings and durable household equipment,424427
2024-02-01,DFDHRX,Furnishings and durable household equipment,425585
2024-03-01,DFDHRX,Furnishings and durable household equipment,427455
2024-04-01,DFDHRX,Furnishings and durable household equipment,429507
2024-05-01,DFDHRX,Furnishings and durable household equipment,436210
2024-06-01,DFDHRX,Furnishings and durable household equipment,444101
2024-07-01,DFDHRX,Furnishings and durable household equipment,445770
2024-08-01,DFDHRX,Furnishings and durable household equipment,445173
2024-09-01,DFDHRX,Furnishings and durable household equipment,449354
2024-10-01,DFDHRX,Furnishings and durable household equipment,449144
2024-11-01,DFDHRX,Furnishings and durable household equipment,452563
2024-12-01,DFDHRX,Furnishings and durable household equipment,461481
2025-01-01,DFDHRX,Furnishings and durable household equipment,454487
2025-02-01,DFDHRX,Furnishings and durable household equipment,456427
2025-03-01,DFDHRX,Furnishings and durable household equipment,460516
2025-04-01,DFDHRX,Furnishings and durable household equipment,458146
2025-05-01,DFDHRX,Furnishings and durable household equipment,454199
2025-06-01,DFDHRX,Furnishings and durable household equipment,451946
2025-07-01,DFDHRX,Furnishings and durable household equipment,451397
2025-08-01,DFDHRX,Furnishings and durable household equipment,451934
2025-09-01,DFDHRX,Furnishings and durable household equipment,446186
2025-10-01,DFDHRX,Furnishings and durable household equipment,450775
2025-11-01,DFDHRX,Furnishings and durable household equipment,452443
2025-12-01,DFDHRX,Furnishings and durable household equipment,447304
2026-01-01,DFDHRX,Furnishings and durable household equipment,448885
2026-02-01,DFDHRX,Furnishings and durable household equipment,451539
2026-03-01,DFDHRX,Furnishings and durable household equipment,459312
2026-04-01,DFDHRX,Furnishings and durable household equipment,460702
2026-05-01,DFDHRX,Furnishings and durable household equipment,466571
2026-06-01,DFDHRX,Furnishings and durable household equipment,469871
2026-07-01,DFDHRX,Furnishings and durable household equipment,470749
2015-01-01,DREQRX,Recreational goods and vehicles,306030
2015-02-01,DREQRX,Recreational goods and vehicles,303447
2015-03-01,DREQRX,Recreational goods and vehicles,306647
2015-04-01,DREQRX,Recreational goods and vehicles,306811
2015-05-01,DREQRX,Recreational goods and vehicles,307107
2015-06-01,DREQRX,Recreational goods and vehicles,308976
2015-07-01,DREQRX,Recreational goods and vehicles,311395
2015-08-01,DREQRX,Recreational goods and vehicles,314613
2015-09-01,DREQRX,Recreational goods and vehicles,316025
2015-10-01,DREQRX,Recreational goods and vehicles,318480
2015-11-01,DREQRX,Recreational goods and vehicles,316831
2015-12-01,DREQRX,Recreational goods and vehicles,325752
2016-01-01,DREQRX,Recreational goods and vehicles,325739
2016-02-01,DREQRX,Recreational goods and vehicles,330413
2016-03-01,DREQRX,Recreational goods and vehicles,333488
2016-04-01,DREQRX,Recreational goods and vehicles,330109
2016-05-01,DREQRX,Recreational goods and vehicles,338435
2016-06-01,DREQRX,Recreational goods and vehicles,345613
2016-07-01,DREQRX,Recreational goods and vehicles,345024
2016-08-01,DREQRX,Recreational goods and vehicles,345636
2016-09-01,DREQRX,Recreational goods and vehicles,346931
2016-10-01,DREQRX,Recreational goods and vehicles,349517
2016-11-01,DREQRX,Recreational goods and vehicles,350035
2016-12-01,DREQRX,Recreational goods and vehicles,355929
2017-01-01,DREQRX,Recreational goods and vehicles,355170
2017-02-01,DREQRX,Recreational goods and vehicles,362537
2017-03-01,DREQRX,Recreational goods and vehicles,366732
2017-04-01,DREQRX,Recreational goods and vehicles,375410
2017-05-01,DREQRX,Recreational goods and vehicles,371273
2017-06-01,DREQRX,Recreational goods and vehicles,373132
2017-07-01,DREQRX,Recreational goods and vehicles,371679
2017-08-01,DREQRX,Recreational goods and vehicles,376212
2017-09-01,DREQRX,Recreational goods and vehicles,380857
2017-10-01,DREQRX,Recreational goods and vehicles,378781
2017-11-01,DREQRX,Recreational goods and vehicles,392781
2017-12-01,DREQRX,Recreational goods and vehicles,403660
2018-01-01,DREQRX,Recreational goods and vehicles,409375
2018-02-01,DREQRX,Recreational goods and vehicles,419240
2018-03-01,DREQRX,Recreational goods and vehicles,414408
2018-04-01,DREQRX,Recreational goods and vehicles,416191
2018-05-01,DREQRX,Recreational goods and vehicles,419335
2018-06-01,DREQRX,Recreational goods and vehicles,418735
2018-07-01,DREQRX,Recreational goods and vehicles,417520
2018-08-01,DREQRX,Recreational goods and vehicles,423984
2018-09-01,DREQRX,Recreational goods and vehicles,421969
2018-10-01,DREQRX,Recreational goods and vehicles,423724
2018-11-01,DREQRX,Recreational goods and vehicles,437835
2018-12-01,DREQRX,Recreational goods and vehicles,406572
2019-01-01,DREQRX,Recreational goods and vehicles,431175
2019-02-01,DREQRX,Recreational goods and vehicles,435022
2019-03-01,DREQRX,Recreational goods and vehicles,438942
2019-04-01,DREQRX,Recreational goods and vehicles,446295
2019-05-01,DREQRX,Recreational goods and vehicles,460790
2019-06-01,DREQRX,Recreational goods and vehicles,466575
2019-07-01,DREQRX,Recreational goods and vehicles,472884
2019-08-01,DREQRX,Recreational goods and vehicles,475768
2019-09-01,DREQRX,Recreational goods and vehicles,477311
2019-10-01,DREQRX,Recreational goods and vehicles,476726
2019-11-01,DREQRX,Recreational goods and vehicles,481413
2019-12-01,DREQRX,Recreational goods and vehicles,483674
2020-01-01,DREQRX,Recreational goods and vehicles,496759
2020-02-01,DREQRX,Recreational goods and vehicles,494580
2020-03-01,DREQRX,Recreational goods and vehicles,474960
2020-04-01,DREQRX,Recreational goods and vehicles,459027
2020-05-01,DREQRX,Recreational goods and vehicles,557860
2020-06-01,DREQRX,Recreational goods and vehicles,592728
2020-07-01,DREQRX,Recreational goods and vehicles,595185
2020-08-01,DREQRX,Recreational goods and vehicles,593512
2020-09-01,DREQRX,Recreational goods and vehicles,602772
2020-10-01,DREQRX,Recreational goods and vehicles,613261
2020-11-01,DREQRX,Recreational goods and vehicles,609155
2020-12-01,DREQRX,Recreational goods and vehicles,613827
2021-01-01,DREQRX,Recreational goods and vehicles,627052
2021-02-01,DREQRX,Recreational goods and vehicles,601812
2021-03-01,DREQRX,Recreational goods and vehicles,671990
2021-04-01,DREQRX,Recreational goods and vehicles,669659
2021-05-01,DREQRX,Recreational goods and vehicles,653183
2021-06-01,DREQRX,Recreational goods and vehicles,669482
2021-07-01,DREQRX,Recreational goods and vehicles,639196
2021-08-01,DREQRX,Recreational goods and vehicles,651067
2021-09-01,DREQRX,Recreational goods and vehicles,656855
2021-10-01,DREQRX,Recreational goods and vehicles,669747
2021-11-01,DREQRX,Recreational goods and vehicles,672125
2021-12-01,DREQRX,Recreational goods and vehicles,669470
2022-01-01,DREQRX,Recreational goods and vehicles,676457
2022-02-01,DREQRX,Recreational goods and vehicles,669285
2022-03-01,DREQRX,Recreational goods and vehicles,674188
2022-04-01,DREQRX,Recreational goods and vehicles,678827
2022-05-01,DREQRX,Recreational goods and vehicles,664569
2022-06-01,DREQRX,Recreational goods and vehicles,657552
2022-07-01,DREQRX,Recreational goods and vehicles,672325
2022-08-01,DREQRX,Recreational goods and vehicles,671606
2022-09-01,DREQRX,Recreational goods and vehicles,668145
2022-10-01,DREQRX,Recreational goods and vehicles,671629
2022-11-01,DREQRX,Recreational goods and vehicles,652769
2022-12-01,DREQRX,Recreational goods and vehicles,666985
2023-01-01,DREQRX,Recreational goods and vehicles,694480
2023-02-01,DREQRX,Recreational goods and vehicles,690745
2023-03-01,DREQRX,Recreational goods and vehicles,685117
2023-04-01,DREQRX,Recreational goods and vehicles,701387
2023-05-01,DREQRX,Recreational goods and vehicles,708218
2023-06-01,DREQRX,Recreational goods and vehicles,713295
2023-07-01,DREQRX,Recreational goods and vehicles,735141
2023-08-01,DREQRX,Recreational goods and vehicles,735500
2023-09-01,DREQRX,Recreational goods and vehicles,738121
2023-10-01,DREQRX,Recreational goods and vehicles,737227
2023-11-01,DREQRX,Recreational goods and vehicles,742555
2023-12-01,DREQRX,Recreational goods and vehicles,764243
2024-01-01,DREQRX,Recreational goods and vehicles,742598
2024-02-01,DREQRX,Recreational goods and vehicles,742047
2024-03-01,DREQRX,Recreational goods and vehicles,754190
2024-04-01,DREQRX,Recreational goods and vehicles,744191
2024-05-01,DREQRX,Recreational goods and vehicles,766692
2024-06-01,DREQRX,Recreational goods and vehicles,776597
2024-07-01,DREQRX,Recreational goods and vehicles,769794
2024-08-01,DREQRX,Recreational goods and vehicles,772802
2024-09-01,DREQRX,Recreational goods and vehicles,780036
2024-10-01,DREQRX,Recreational goods and vehicles,790839
2024-11-01,DREQRX,Recreational goods and vehicles,799936
2024-12-01,DREQRX,Recreational goods and vehicles,816394
2025-01-01,DREQRX,Recreational goods and vehicles,799111
2025-02-01,DREQRX,Recreational goods and vehicles,802073
2025-03-01,DREQRX,Recreational goods and vehicles,810794
2025-04-01,DREQRX,Recreational goods and vehicles,792805
2025-05-01,DREQRX,Recreational goods and vehicles,801586
2025-06-01,DREQRX,Recreational goods and vehicles,802159
2025-07-01,DREQRX,Recreational goods and vehicles,815658
2025-08-01,DREQRX,Recreational goods and vehicles,838163
2025-09-01,DREQRX,Recreational goods and vehicles,830269
2025-10-01,DREQRX,Recreational goods and vehicles,844955
2025-11-01,DREQRX,Recreational goods and vehicles,854291
2025-12-01,DREQRX,Recreational goods and vehicles,841271
2026-01-01,DREQRX,Recreational goods and vehicles,835944
2026-02-01,DREQRX,Recreational goods and vehicles,830293
2026-03-01,DREQRX,Recreational goods and vehicles,826079
2026-04-01,DREQRX,Recreational goods and vehicles,827138
2026-05-01,DREQRX,Recreational goods and vehicles,830139
2026-06-01,DREQRX,Recreational goods and vehicles,831024
2026-07-01,DREQRX,Recreational goods and vehicles,807043
2015-01-01,DODGRX,Other durable goods,184351
2015-02-01,DODGRX,Other durable goods,185806
2015-03-01,DODGRX,Other durable goods,185691
2015-04-01,DODGRX,Other durable goods,187293
2015-05-01,DODGRX,Other durable goods,187892
2015-06-01,DODGRX,Other durable goods,189978
2015-07-01,DODGRX,Other durable goods,189776
2015-08-01,DODGRX,Other durable goods,191208
2015-09-01,DODGRX,Other durable goods,188166
2015-10-01,DODGRX,Other durable goods,188361
2015-11-01,DODGRX,Other durable goods,191610
2015-12-01,DODGRX,Other durable goods,193098
2016-01-01,DODGRX,Other durable goods,188467
2016-02-01,DODGRX,Other durable goods,190243
2016-03-01,DODGRX,Other durable goods,190133
2016-04-01,DODGRX,Other durable goods,187897
2016-05-01,DODGRX,Other durable goods,186902
2016-06-01,DODGRX,Other durable goods,188232
2016-07-01,DODGRX,Other durable goods,188445
2016-08-01,DODGRX,Other durable goods,189090
2016-09-01,DODGRX,Other durable goods,189123
2016-10-01,DODGRX,Other durable goods,187809
2016-11-01,DODGRX,Other durable goods,187936
2016-12-01,DODGRX,Other durable goods,190361
2017-01-01,DODGRX,Other durable goods,189544
2017-02-01,DODGRX,Other durable goods,186931
2017-03-01,DODGRX,Other durable goods,189327
2017-04-01,DODGRX,Other durable goods,188285
2017-05-01,DODGRX,Other durable goods,188550
2017-06-01,DODGRX,Other durable goods,190405
2017-07-01,DODGRX,Other durable goods,193879
2017-08-01,DODGRX,Other durable goods,194013
2017-09-01,DODGRX,Other durable goods,193559
2017-10-01,DODGRX,Other durable goods,192881
2017-11-01,DODGRX,Other durable goods,196358
2017-12-01,DODGRX,Other durable goods,195793
2018-01-01,DODGRX,Other durable goods,196972
2018-02-01,DODGRX,Other durable goods,199262
2018-03-01,DODGRX,Other durable goods,197684
2018-04-01,DODGRX,Other durable goods,200249
2018-05-01,DODGRX,Other durable goods,201721
2018-06-01,DODGRX,Other durable goods,202973
2018-07-01,DODGRX,Other durable goods,201291
2018-08-01,DODGRX,Other durable goods,202532
2018-09-01,DODGRX,Other durable goods,201065
2018-10-01,DODGRX,Other durable goods,204828
2018-11-01,DODGRX,Other durable goods,208466
2018-12-01,DODGRX,Other durable goods,200859
2019-01-01,DODGRX,Other durable goods,205870
2019-02-01,DODGRX,Other durable goods,206634
2019-03-01,DODGRX,Other durable goods,211134
2019-04-01,DODGRX,Other durable goods,209567
2019-05-01,DODGRX,Other durable goods,210063
2019-06-01,DODGRX,Other durable goods,207542
2019-07-01,DODGRX,Other durable goods,213279
2019-08-01,DODGRX,Other durable goods,214992
2019-09-01,DODGRX,Other durable goods,216192
2019-10-01,DODGRX,Other durable goods,213457
2019-11-01,DODGRX,Other durable goods,213518
2019-12-01,DODGRX,Other durable goods,216054
2020-01-01,DODGRX,Other durable goods,220741
2020-02-01,DODGRX,Other durable goods,218751
2020-03-01,DODGRX,Other durable goods,176105
2020-04-01,DODGRX,Other durable goods,125810
2020-05-01,DODGRX,Other durable goods,165746
2020-06-01,DODGRX,Other durable goods,208808
2020-07-01,DODGRX,Other durable goods,227643
2020-08-01,DODGRX,Other durable goods,233744
2020-09-01,DODGRX,Other durable goods,239006
2020-10-01,DODGRX,Other durable goods,239909
2020-11-01,DODGRX,Other durable goods,242720
2020-12-01,DODGRX,Other durable goods,247692
2021-01-01,DODGRX,Other durable goods,248164
2021-02-01,DODGRX,Other durable goods,246093
2021-03-01,DODGRX,Other durable goods,271164
2021-04-01,DODGRX,Other durable goods,268335
2021-05-01,DODGRX,Other durable goods,269060
2021-06-01,DODGRX,Other durable goods,277391
2021-07-01,DODGRX,Other durable goods,272422
2021-08-01,DODGRX,Other durable goods,271852
2021-09-01,DODGRX,Other durable goods,276324
2021-10-01,DODGRX,Other durable goods,283366
2021-11-01,DODGRX,Other durable goods,288587
2021-12-01,DODGRX,Other durable goods,275961
2022-01-01,DODGRX,Other durable goods,272225
2022-02-01,DODGRX,Other durable goods,282324
2022-03-01,DODGRX,Other durable goods,287229
2022-04-01,DODGRX,Other durable goods,292231
2022-05-01,DODGRX,Other durable goods,280798
2022-06-01,DODGRX,Other durable goods,284553
2022-07-01,DODGRX,Other durable goods,285775
2022-08-01,DODGRX,Other durable goods,286108
2022-09-01,DODGRX,Other durable goods,282319
2022-10-01,DODGRX,Other durable goods,281752
2022-11-01,DODGRX,Other durable goods,276751
2022-12-01,DODGRX,Other durable goods,271325
2023-01-01,DODGRX,Other durable goods,283994
2023-02-01,DODGRX,Other durable goods,279900
2023-03-01,DODGRX,Other durable goods,276776
2023-04-01,DODGRX,Other durable goods,280366
2023-05-01,DODGRX,Other durable goods,280678
2023-06-01,DODGRX,Other durable goods,281828
2023-07-01,DODGRX,Other durable goods,283957
2023-08-01,DODGRX,Other durable goods,286151
2023-09-01,DODGRX,Other durable goods,287141
2023-10-01,DODGRX,Other durable goods,286087
2023-11-01,DODGRX,Other durable goods,291268
2023-12-01,DODGRX,Other durable goods,292695
2024-01-01,DODGRX,Other durable goods,293180
2024-02-01,DODGRX,Other durable goods,297757
2024-03-01,DODGRX,Other durable goods,298718
2024-04-01,DODGRX,Other durable goods,296049
2024-05-01,DODGRX,Other durable goods,299681
2024-06-01,DODGRX,Other durable goods,299483
2024-07-01,DODGRX,Other durable goods,297888
2024-08-01,DODGRX,Other durable goods,300456
2024-09-01,DODGRX,Other durable goods,303506
2024-10-01,DODGRX,Other durable goods,305904
2024-11-01,DODGRX,Other durable goods,302800
2024-12-01,DODGRX,Other durable goods,307254
2025-01-01,DODGRX,Other durable goods,306623
2025-02-01,DODGRX,Other durable goods,304430
2025-03-01,DODGRX,Other durable goods,303170
2025-04-01,DODGRX,Other durable goods,305024
2025-05-01,DODGRX,Other durable goods,307344
2025-06-01,DODGRX,Other durable goods,308677
2025-07-01,DODGRX,Other durable goods,312352
2025-08-01,DODGRX,Other durable goods,307427
2025-09-01,DODGRX,Other durable goods,308799
2025-10-01,DODGRX,Other durable goods,310771
2025-11-01,DODGRX,Other durable goods,308603
2025-12-01,DODGRX,Other durable goods,310415
2026-01-01,DODGRX,Other durable goods,315867
2026-02-01,DODGRX,Other durable goods,315401
2026-03-01,DODGRX,Other durable goods,315106
2026-04-01,DODGRX,Other durable goods,313580
2026-05-01,DODGRX,Other durable goods,314141
2026-06-01,DODGRX,Other durable goods,318970
2026-07-01,DODGRX,Other durable goods,319429
2015-01-01,DNDGRX,Nondurable goods,2610457
2015-02-01,DNDGRX,Nondurable goods,2617653
2015-03-01,DNDGRX,Nondurable goods,2626398
2015-04-01,DNDGRX,Nondurable goods,2625023
2015-05-01,DNDGRX,Nondurable goods,2638518
2015-06-01,DNDGRX,Nondurable goods,2638384
2015-07-01,DNDGRX,Nondurable goods,2656123
2015-08-01,DNDGRX,Nondurable goods,2659810
2015-09-01,DNDGRX,Nondurable goods,2668813
2015-10-01,DNDGRX,Nondurable goods,2658889
2015-11-01,DNDGRX,Nondurable goods,2672283
2015-12-01,DNDGRX,Nondurable goods,2683807
2016-01-01,DNDGRX,Nondurable goods,2685201
2016-02-01,DNDGRX,Nondurable goods,2706340
2016-03-01,DNDGRX,Nondurable goods,2698412
2016-04-01,DNDGRX,Nondurable goods,2706154
2016-05-01,DNDGRX,Nondurable goods,2718867
2016-06-01,DNDGRX,Nondurable goods,2736109
2016-07-01,DNDGRX,Nondurable goods,2726832
2016-08-01,DNDGRX,Nondurable goods,2730146
2016-09-01,DNDGRX,Nondurable goods,2730216
2016-10-01,DNDGRX,Nondurable goods,2724963
2016-11-01,DNDGRX,Nondurable goods,2726934
2016-12-01,DNDGRX,Nondurable goods,2748767
2017-01-01,DNDGRX,Nondurable goods,2750355
2017-02-01,DNDGRX,Nondurable goods,2757865
2017-03-01,DNDGRX,Nondurable goods,2770174
2017-04-01,DNDGRX,Nondurable goods,2781159
2017-05-01,DNDGRX,Nondurable goods,2778685
2017-06-01,DNDGRX,Nondurable goods,2797575
2017-07-01,DNDGRX,Nondurable goods,2788492
2017-08-01,DNDGRX,Nondurable goods,2798863
2017-09-01,DNDGRX,Nondurable goods,2818080
2017-10-01,DNDGRX,Nondurable goods,2810957
2017-11-01,DNDGRX,Nondurable goods,2834029
2017-12-01,DNDGRX,Nondurable goods,2869409
2018-01-01,DNDGRX,Nondurable goods,2863919
2018-02-01,DNDGRX,Nondurable goods,2855677
2018-03-01,DNDGRX,Nondurable goods,2856997
2018-04-01,DNDGRX,Nondurable goods,2851644
2018-05-01,DNDGRX,Nondurable goods,2876139
2018-06-01,DNDGRX,Nondurable goods,2854535
2018-07-01,DNDGRX,Nondurable goods,2868801
2018-08-01,DNDGRX,Nondurable goods,2872124
2018-09-01,DNDGRX,Nondurable goods,2868970
2018-10-01,DNDGRX,Nondurable goods,2883417
2018-11-01,DNDGRX,Nondurable goods,2920466
2018-12-01,DNDGRX,Nondurable goods,2865341
2019-01-01,DNDGRX,Nondurable goods,2911321
2019-02-01,DNDGRX,Nondurable goods,2906928
2019-03-01,DNDGRX,Nondurable goods,2926497
2019-04-01,DNDGRX,Nondurable goods,2933958
2019-05-01,DNDGRX,Nondurable goods,2943838
2019-06-01,DNDGRX,Nondurable goods,2966040
2019-07-01,DNDGRX,Nondurable goods,2975912
2019-08-01,DNDGRX,Nondurable goods,2984669
2019-09-01,DNDGRX,Nondurable goods,2968637
2019-10-01,DNDGRX,Nondurable goods,2975557
2019-11-01,DNDGRX,Nondurable goods,2980441
2019-12-01,DNDGRX,Nondurable goods,2981182
2020-01-01,DNDGRX,Nondurable goods,2976343
2020-02-01,DNDGRX,Nondurable goods,2986370
2020-03-01,DNDGRX,Nondurable goods,3097293
2020-04-01,DNDGRX,Nondurable goods,2729761
2020-05-01,DNDGRX,Nondurable goods,2966422
2020-06-01,DNDGRX,Nondurable goods,3082261
2020-07-01,DNDGRX,Nondurable goods,3114337
2020-08-01,DNDGRX,Nondurable goods,3099184
2020-09-01,DNDGRX,Nondurable goods,3157971
2020-10-01,DNDGRX,Nondurable goods,3140532
2020-11-01,DNDGRX,Nondurable goods,3129715
2020-12-01,DNDGRX,Nondurable goods,3141612
2021-01-01,DNDGRX,Nondurable goods,3196773
2021-02-01,DNDGRX,Nondurable goods,3136677
2021-03-01,DNDGRX,Nondurable goods,3322243
2021-04-01,DNDGRX,Nondurable goods,3323416
2021-05-01,DNDGRX,Nondurable goods,3314964
2021-06-01,DNDGRX,Nondurable goods,3370452
2021-07-01,DNDGRX,Nondurable goods,3315971
2021-08-01,DNDGRX,Nondurable goods,3358053
2021-09-01,DNDGRX,Nondurable goods,3353754
2021-10-01,DNDGRX,Nondurable goods,3364343
2021-11-01,DNDGRX,Nondurable goods,3370771
2021-12-01,DNDGRX,Nondurable goods,3344928
2022-01-01,DNDGRX,Nondurable goods,3340624
2022-02-01,DNDGRX,Nondurable goods,3328925
2022-03-01,DNDGRX,Nondurable goods,3333749
2022-04-01,DNDGRX,Nondurable goods,3334672
2022-05-01,DNDGRX,Nondurable goods,3339607
2022-06-01,DNDGRX,Nondurable goods,3330813
2022-07-01,DNDGRX,Nondurable goods,3293392
2022-08-01,DNDGRX,Nondurable goods,3313448
2022-09-01,DNDGRX,Nondurable goods,3323396
2022-10-01,DNDGRX,Nondurable goods,3319551
2022-11-01,DNDGRX,Nondurable goods,3300944
2022-12-01,DNDGRX,Nondurable goods,3287287
2023-01-01,DNDGRX,Nondurable goods,3320408
2023-02-01,DNDGRX,Nondurable goods,3332326
2023-03-01,DNDGRX,Nondurable goods,3299087
2023-04-01,DNDGRX,Nondurable goods,3322960
2023-05-01,DNDGRX,Nondurable goods,3314146
2023-06-01,DNDGRX,Nondurable goods,3329557
2023-07-01,DNDGRX,Nondurable goods,3342651
2023-08-01,DNDGRX,Nondurable goods,3349078
2023-09-01,DNDGRX,Nondurable goods,3356495
2023-10-01,DNDGRX,Nondurable goods,3366730
2023-11-01,DNDGRX,Nondurable goods,3375378
2023-12-01,DNDGRX,Nondurable goods,3386239
2024-01-01,DNDGRX,Nondurable goods,3356796
2024-02-01,DNDGRX,Nondurable goods,3348488
2024-03-01,DNDGRX,Nondurable goods,3383118
2024-04-01,DNDGRX,Nondurable goods,3384895
2024-05-01,DNDGRX,Nondurable goods,3399856
2024-06-01,DNDGRX,Nondurable goods,3409207
2024-07-01,DNDGRX,Nondurable goods,3428474
2024-08-01,DNDGRX,Nondurable goods,3421758
2024-09-01,DNDGRX,Nondurable goods,3464344
2024-10-01,DNDGRX,Nondurable goods,3459533
2024-11-01,DNDGRX,Nondurable goods,3458921
2024-12-01,DNDGRX,Nondurable goods,3492190
2025-01-01,DNDGRX,Nondurable goods,3474195
2025-02-01,DNDGRX,Nondurable goods,3489541
2025-03-01,DNDGRX,Nondurable goods,3502989
2025-04-01,DNDGRX,Nondurable goods,3502539
2025-05-01,DNDGRX,Nondurable goods,3498267
2025-06-01,DNDGRX,Nondurable goods,3522843
2025-07-01,DNDGRX,Nondurable goods,3533241
2025-08-01,DNDGRX,Nondurable goods,3551550
2025-09-01,DNDGRX,Nondurable goods,3538895
2025-10-01,DNDGRX,Nondurable goods,3544245
2025-11-01,DNDGRX,Nondurable goods,3548938
2025-12-01,DNDGRX,Nondurable goods,3541085
2026-01-01,DNDGRX,Nondurable goods,3538620
2026-02-01,DNDGRX,Nondurable goods,3545156
2026-03-01,DNDGRX,Nondurable goods,3565624
2026-04-01,DNDGRX,Nondurable goods,3578756
2026-05-01,DNDGRX,Nondurable goods,3572867
2026-06-01,DNDGRX,Nondurable goods,3590472
2026-07-01,DNDGRX,Nondurable goods,3583345
2015-01-01,DFXARX,Food and beverages purchased for off-premises consumption,922381
2015-02-01,DFXARX,Food and beverages purchased for off-premises consumption,923960
2015-03-01,DFXARX,Food and beverages purchased for off-premises consumption,928757
2015-04-01,DFXARX,Food and beverages purchased for off-premises consumption,927729
2015-05-01,DFXARX,Food and beverages purchased for off-premises consumption,929200
2015-06-01,DFXARX,Food and beverages purchased for off-premises consumption,930742
2015-07-01,DFXARX,Food and beverages purchased for off-premises consumption,933873
2015-08-01,DFXARX,Food and beverages purchased for off-premises consumption,932310
2015-09-01,DFXARX,Food and beverages purchased for off-premises consumption,936508
2015-10-01,DFXARX,Food and beverages purchased for off-premises consumption,928446
2015-11-01,DFXARX,Food and beverages purchased for off-premises consumption,938262
2015-12-01,DFXARX,Food and beverages purchased for off-premises consumption,944385
2016-01-01,DFXARX,Food and beverages purchased for off-premises consumption,944151
2016-02-01,DFXARX,Food and beverages purchased for off-premises consumption,951223
2016-03-01,DFXARX,Food and beverages purchased for off-premises consumption,948630
2016-04-01,DFXARX,Food and beverages purchased for off-premises consumption,958249
2016-05-01,DFXARX,Food and beverages purchased for off-premises consumption,965749
2016-06-01,DFXARX,Food and beverages purchased for off-premises consumption,973095
2016-07-01,DFXARX,Food and beverages purchased for off-premises consumption,970610
2016-08-01,DFXARX,Food and beverages purchased for off-premises consumption,974227
2016-09-01,DFXARX,Food and beverages purchased for off-premises consumption,976407
2016-10-01,DFXARX,Food and beverages purchased for off-premises consumption,983557
2016-11-01,DFXARX,Food and beverages purchased for off-premises consumption,984438
2016-12-01,DFXARX,Food and beverages purchased for off-premises consumption,989675
2017-01-01,DFXARX,Food and beverages purchased for off-premises consumption,994155
2017-02-01,DFXARX,Food and beverages purchased for off-premises consumption,995454
2017-03-01,DFXARX,Food and beverages purchased for off-premises consumption,999251
2017-04-01,DFXARX,Food and beverages purchased for off-premises consumption,1002525
2017-05-01,DFXARX,Food and beverages purchased for off-premises consumption,1000855
2017-06-01,DFXARX,Food and beverages purchased for off-premises consumption,1009294
2017-07-01,DFXARX,Food and beverages purchased for off-premises consumption,1007371
2017-08-01,DFXARX,Food and beverages purchased for off-premises consumption,1012997
2017-09-01,DFXARX,Food and beverages purchased for off-premises consumption,1021371
2017-10-01,DFXARX,Food and beverages purchased for off-premises consumption,1020271
2017-11-01,DFXARX,Food and beverages purchased for off-premises consumption,1024550
2017-12-01,DFXARX,Food and beverages purchased for off-premises consumption,1037234
2018-01-01,DFXARX,Food and beverages purchased for off-premises consumption,1036622
2018-02-01,DFXARX,Food and beverages purchased for off-premises consumption,1038237
2018-03-01,DFXARX,Food and beverages purchased for off-premises consumption,1038910
2018-04-01,DFXARX,Food and beverages purchased for off-premises consumption,1032760
2018-05-01,DFXARX,Food and beverages purchased for off-premises consumption,1043369
2018-06-01,DFXARX,Food and beverages purchased for off-premises consumption,1033348
2018-07-01,DFXARX,Food and beverages purchased for off-premises consumption,1037353
2018-08-01,DFXARX,Food and beverages purchased for off-premises consumption,1035843
2018-09-01,DFXARX,Food and beverages purchased for off-premises consumption,1038136
2018-10-01,DFXARX,Food and beverages purchased for off-premises consumption,1043830
2018-11-01,DFXARX,Food and beverages purchased for off-premises consumption,1052519
2018-12-01,DFXARX,Food and beverages purchased for off-premises consumption,1037148
2019-01-01,DFXARX,Food and beverages purchased for off-premises consumption,1054269
2019-02-01,DFXARX,Food and beverages purchased for off-premises consumption,1038043
2019-03-01,DFXARX,Food and beverages purchased for off-premises consumption,1051226
2019-04-01,DFXARX,Food and beverages purchased for off-premises consumption,1059804
2019-05-01,DFXARX,Food and beverages purchased for off-premises consumption,1061838
2019-06-01,DFXARX,Food and beverages purchased for off-premises consumption,1070630
2019-07-01,DFXARX,Food and beverages purchased for off-premises consumption,1082482
2019-08-01,DFXARX,Food and beverages purchased for off-premises consumption,1082837
2019-09-01,DFXARX,Food and beverages purchased for off-premises consumption,1073867
2019-10-01,DFXARX,Food and beverages purchased for off-premises consumption,1073688
2019-11-01,DFXARX,Food and beverages purchased for off-premises consumption,1075522
2019-12-01,DFXARX,Food and beverages purchased for off-premises consumption,1078986
2020-01-01,DFXARX,Food and beverages purchased for off-premises consumption,1074696
2020-02-01,DFXARX,Food and beverages purchased for off-premises consumption,1076230
2020-03-01,DFXARX,Food and beverages purchased for off-premises consumption,1285392
2020-04-01,DFXARX,Food and beverages purchased for off-premises consumption,1132242
2020-05-01,DFXARX,Food and beverages purchased for off-premises consumption,1164658
2020-06-01,DFXARX,Food and beverages purchased for off-premises consumption,1144230
2020-07-01,DFXARX,Food and beverages purchased for off-premises consumption,1159362
2020-08-01,DFXARX,Food and beverages purchased for off-premises consumption,1140449
2020-09-01,DFXARX,Food and beverages purchased for off-premises consumption,1146244
2020-10-01,DFXARX,Food and beverages purchased for off-premises consumption,1138485
2020-11-01,DFXARX,Food and beverages purchased for off-premises consumption,1145176
2020-12-01,DFXARX,Food and beverages purchased for off-premises consumption,1141409
2021-01-01,DFXARX,Food and beverages purchased for off-premises consumption,1181329
2021-02-01,DFXARX,Food and beverages purchased for off-premises consumption,1165772
2021-03-01,DFXARX,Food and beverages purchased for off-premises consumption,1196768
2021-04-01,DFXARX,Food and beverages purchased for off-premises consumption,1201185
2021-05-01,DFXARX,Food and beverages purchased for off-premises consumption,1196272
2021-06-01,DFXARX,Food and beverages purchased for off-premises consumption,1202077
2021-07-01,DFXARX,Food and beverages purchased for off-premises consumption,1185799
2021-08-01,DFXARX,Food and beverages purchased for off-premises consumption,1209017
2021-09-01,DFXARX,Food and beverages purchased for off-premises consumption,1199349
2021-10-01,DFXARX,Food and beverages purchased for off-premises consumption,1200839
2021-11-01,DFXARX,Food and beverages purchased for off-premises consumption,1194823
2021-12-01,DFXARX,Food and beverages purchased for off-premises consumption,1195189
2022-01-01,DFXARX,Food and beverages purchased for off-premises consumption,1199309
2022-02-01,DFXARX,Food and beverages purchased for off-premises consumption,1184741
2022-03-01,DFXARX,Food and beverages purchased for off-premises consumption,1177646
2022-04-01,DFXARX,Food and beverages purchased for off-premises consumption,1175685
2022-05-01,DFXARX,Food and beverages purchased for off-premises consumption,1173434
2022-06-01,DFXARX,Food and beverages purchased for off-premises consumption,1176507
2022-07-01,DFXARX,Food and beverages purchased for off-premises consumption,1157957
2022-08-01,DFXARX,Food and beverages purchased for off-premises consumption,1159163
2022-09-01,DFXARX,Food and beverages purchased for off-premises consumption,1160052
2022-10-01,DFXARX,Food and beverages purchased for off-premises consumption,1158233
2022-11-01,DFXARX,Food and beverages purchased for off-premises consumption,1153142
2022-12-01,DFXARX,Food and beverages purchased for off-premises consumption,1143891
2023-01-01,DFXARX,Food and beverages purchased for off-premises consumption,1146909
2023-02-01,DFXARX,Food and beverages purchased for off-premises consumption,1150410
2023-03-01,DFXARX,Food and beverages purchased for off-premises consumption,1136824
2023-04-01,DFXARX,Food and beverages purchased for off-premises consumption,1143520
2023-05-01,DFXARX,Food and beverages purchased for off-premises consumption,1144083
2023-06-01,DFXARX,Food and beverages purchased for off-premises consumption,1146568
2023-07-01,DFXARX,Food and beverages purchased for off-premises consumption,1148389
2023-08-01,DFXARX,Food and beverages purchased for off-premises consumption,1150455
2023-09-01,DFXARX,Food and beverages purchased for off-premises consumption,1148895
2023-10-01,DFXARX,Food and beverages purchased for off-premises consumption,1149535
2023-11-01,DFXARX,Food and beverages purchased for off-premises consumption,1154030
2023-12-01,DFXARX,Food and beverages purchased for off-premises consumption,1151826
2024-01-01,DFXARX,Food and beverages purchased for off-premises consumption,1147058
2024-02-01,DFXARX,Food and beverages purchased for off-premises consumption,1148324
2024-03-01,DFXARX,Food and beverages purchased for off-premises consumption,1157755
2024-04-01,DFXARX,Food and beverages purchased for off-premises consumption,1162588
2024-05-01,DFXARX,Food and beverages purchased for off-premises consumption,1162056
2024-06-01,DFXARX,Food and beverages purchased for off-premises consumption,1164530
2024-07-01,DFXARX,Food and beverages purchased for off-premises consumption,1170982
2024-08-01,DFXARX,Food and beverages purchased for off-premises consumption,1165882
2024-09-01,DFXARX,Food and beverages purchased for off-premises consumption,1175255
2024-10-01,DFXARX,Food and beverages purchased for off-premises consumption,1177147
2024-11-01,DFXARX,Food and beverages purchased for off-premises consumption,1172742
2024-12-01,DFXARX,Food and beverages purchased for off-premises consumption,1180760
2025-01-01,DFXARX,Food and beverages purchased for off-premises consumption,1178642
2025-02-01,DFXARX,Food and beverages purchased for off-premises consumption,1182602
2025-03-01,DFXARX,Food and beverages purchased for off-premises consumption,1178861
2025-04-01,DFXARX,Food and beverages purchased for off-premises consumption,1181153
2025-05-01,DFXARX,Food and beverages purchased for off-premises consumption,1178197
2025-06-01,DFXARX,Food and beverages purchased for off-premises consumption,1182322
2025-07-01,DFXARX,Food and beverages purchased for off-premises consumption,1188334
2025-08-01,DFXARX,Food and beverages purchased for off-premises consumption,1188793
2025-09-01,DFXARX,Food and beverages purchased for off-premises consumption,1181337
2025-10-01,DFXARX,Food and beverages purchased for off-premises consumption,1184039
2025-11-01,DFXARX,Food and beverages purchased for off-premises consumption,1183103
2025-12-01,DFXARX,Food and beverages purchased for off-premises consumption,1180354
2026-01-01,DFXARX,Food and beverages purchased for off-premises consumption,1182698
2026-02-01,DFXARX,Food and beverages purchased for off-premises consumption,1174746
2026-03-01,DFXARX,Food and beverages purchased for off-premises consumption,1185308
2026-04-01,DFXARX,Food and beverages purchased for off-premises consumption,1184170
2026-05-01,DFXARX,Food and beverages purchased for off-premises consumption,1187891
2026-06-01,DFXARX,Food and beverages purchased for off-premises consumption,1189257
2026-07-01,DFXARX,Food and beverages purchased for off-premises consumption,1188378
2015-01-01,DCLORX,Clothing and footwear,369736
2015-02-01,DCLORX,Clothing and footwear,373527
2015-03-01,DCLORX,Clothing and footwear,374211
2015-04-01,DCLORX,Clothing and footwear,373469
2015-05-01,DCLORX,Clothing and footwear,379522
2015-06-01,DCLORX,Clothing and footwear,376217
2015-07-01,DCLORX,Clothing and footwear,378881
2015-08-01,DCLORX,Clothing and footwear,378389
2015-09-01,DCLORX,Clothing and footwear,381321
2015-10-01,DCLORX,Clothing and footwear,380077
2015-11-01,DCLORX,Clothing and footwear,381032
2015-12-01,DCLORX,Clothing and footwear,381715
2016-01-01,DCLORX,Clothing and footwear,385761
2016-02-01,DCLORX,Clothing and footwear,392226
2016-03-01,DCLORX,Clothing and footwear,386458
2016-04-01,DCLORX,Clothing and footwear,385224
2016-05-01,DCLORX,Clothing and footwear,385838
2016-06-01,DCLORX,Clothing and footwear,392779
2016-07-01,DCLORX,Clothing and footwear,390093
2016-08-01,DCLORX,Clothing and footwear,393211
2016-09-01,DCLORX,Clothing and footwear,394711
2016-10-01,DCLORX,Clothing and footwear,390546
2016-11-01,DCLORX,Clothing and footwear,386613
2016-12-01,DCLORX,Clothing and footwear,393948
2017-01-01,DCLORX,Clothing and footwear,398611
2017-02-01,DCLORX,Clothing and footwear,394886
2017-03-01,DCLORX,Clothing and footwear,395879
2017-04-01,DCLORX,Clothing and footwear,399220
2017-05-01,DCLORX,Clothing and footwear,397434
2017-06-01,DCLORX,Clothing and footwear,401532
2017-07-01,DCLORX,Clothing and footwear,398668
2017-08-01,DCLORX,Clothing and footwear,402644
2017-09-01,DCLORX,Clothing and footwear,402929
2017-10-01,DCLORX,Clothing and footwear,398794
2017-11-01,DCLORX,Clothing and footwear,408600
2017-12-01,DCLORX,Clothing and footwear,413816
2018-01-01,DCLORX,Clothing and footwear,414783
2018-02-01,DCLORX,Clothing and footwear,415655
2018-03-01,DCLORX,Clothing and footwear,399981
2018-04-01,DCLORX,Clothing and footwear,404445
2018-05-01,DCLORX,Clothing and footwear,412023
2018-06-01,DCLORX,Clothing and footwear,402599
2018-07-01,DCLORX,Clothing and footwear,410107
2018-08-01,DCLORX,Clothing and footwear,412534
2018-09-01,DCLORX,Clothing and footwear,405510
2018-10-01,DCLORX,Clothing and footwear,408089
2018-11-01,DCLORX,Clothing and footwear,417561
2018-12-01,DCLORX,Clothing and footwear,402699
2019-01-01,DCLORX,Clothing and footwear,410191
2019-02-01,DCLORX,Clothing and footwear,411486
2019-03-01,DCLORX,Clothing and footwear,417996
2019-04-01,DCLORX,Clothing and footwear,418409
2019-05-01,DCLORX,Clothing and footwear,420356
2019-06-01,DCLORX,Clothing and footwear,420074
2019-07-01,DCLORX,Clothing and footwear,423707
2019-08-01,DCLORX,Clothing and footwear,421347
2019-09-01,DCLORX,Clothing and footwear,414387
2019-10-01,DCLORX,Clothing and footwear,422231
2019-11-01,DCLORX,Clothing and footwear,421314
2019-12-01,DCLORX,Clothing and footwear,427452
2020-01-01,DCLORX,Clothing and footwear,419777
2020-02-01,DCLORX,Clothing and footwear,420839
2020-03-01,DCLORX,Clothing and footwear,294894
2020-04-01,DCLORX,Clothing and footwear,206782
2020-05-01,DCLORX,Clothing and footwear,305304
2020-06-01,DCLORX,Clothing and footwear,408828
2020-07-01,DCLORX,Clothing and footwear,408708
2020-08-01,DCLORX,Clothing and footwear,407802
2020-09-01,DCLORX,Clothing and footwear,441715
2020-10-01,DCLORX,Clothing and footwear,436602
2020-11-01,DCLORX,Clothing and footwear,424214
2020-12-01,DCLORX,Clothing and footwear,434390
2021-01-01,DCLORX,Clothing and footwear,446147
2021-02-01,DCLORX,Clothing and footwear,428980
2021-03-01,DCLORX,Clothing and footwear,503816
2021-04-01,DCLORX,Clothing and footwear,498818
2021-05-01,DCLORX,Clothing and footwear,498648
2021-06-01,DCLORX,Clothing and footwear,513584
2021-07-01,DCLORX,Clothing and footwear,493428
2021-08-01,DCLORX,Clothing and footwear,496375
2021-09-01,DCLORX,Clothing and footwear,501522
2021-10-01,DCLORX,Clothing and footwear,499610
2021-11-01,DCLORX,Clothing and footwear,503103
2021-12-01,DCLORX,Clothing and footwear,486697
2022-01-01,DCLORX,Clothing and footwear,476193
2022-02-01,DCLORX,Clothing and footwear,481173
2022-03-01,DCLORX,Clothing and footwear,492039
2022-04-01,DCLORX,Clothing and footwear,496712
2022-05-01,DCLORX,Clothing and footwear,495389
2022-06-01,DCLORX,Clothing and footwear,492507
2022-07-01,DCLORX,Clothing and footwear,486954
2022-08-01,DCLORX,Clothing and footwear,493893
2022-09-01,DCLORX,Clothing and footwear,497745
2022-10-01,DCLORX,Clothing and footwear,497182
2022-11-01,DCLORX,Clothing and footwear,489489
2022-12-01,DCLORX,Clothing and footwear,485833
2023-01-01,DCLORX,Clothing and footwear,497525
2023-02-01,DCLORX,Clothing and footwear,495946
2023-03-01,DCLORX,Clothing and footwear,486981
2023-04-01,DCLORX,Clothing and footwear,491139
2023-05-01,DCLORX,Clothing and footwear,489205
2023-06-01,DCLORX,Clothing and footwear,491076
2023-07-01,DCLORX,Clothing and footwear,498226
2023-08-01,DCLORX,Clothing and footwear,500919
2023-09-01,DCLORX,Clothing and footwear,501398
2023-10-01,DCLORX,Clothing and footwear,498574
2023-11-01,DCLORX,Clothing and footwear,502632
2023-12-01,DCLORX,Clothing and footwear,508951
2024-01-01,DCLORX,Clothing and footwear,505868
2024-02-01,DCLORX,Clothing and footwear,505490
2024-03-01,DCLORX,Clothing and footwear,497557
2024-04-01,DCLORX,Clothing and footwear,500744
2024-05-01,DCLORX,Clothing and footwear,506554
2024-06-01,DCLORX,Clothing and footwear,512600
2024-07-01,DCLORX,Clothing and footwear,511949
2024-08-01,DCLORX,Clothing and footwear,509266
2024-09-01,DCLORX,Clothing and footwear,508281
2024-10-01,DCLORX,Clothing and footwear,515077
2024-11-01,DCLORX,Clothing and footwear,519384
2024-12-01,DCLORX,Clothing and footwear,523668
2025-01-01,DCLORX,Clothing and footwear,527453
2025-02-01,DCLORX,Clothing and footwear,527933
2025-03-01,DCLORX,Clothing and footwear,532424
2025-04-01,DCLORX,Clothing and footwear,530496
2025-05-01,DCLORX,Clothing and footwear,538024
2025-06-01,DCLORX,Clothing and footwear,541792
2025-07-01,DCLORX,Clothing and footwear,545312
2025-08-01,DCLORX,Clothing and footwear,549821
2025-09-01,DCLORX,Clothing and footwear,541248
2025-10-01,DCLORX,Clothing and footwear,550015
2025-11-01,DCLORX,Clothing and footwear,555162
2025-12-01,DCLORX,Clothing and footwear,549663
2026-01-01,DCLORX,Clothing and footwear,547065
2026-02-01,DCLORX,Clothing and footwear,554440
2026-03-01,DCLORX,Clothing and footwear,552598
2026-04-01,DCLORX,Clothing and footwear,551634
2026-05-01,DCLORX,Clothing and footwear,555235
2026-06-01,DCLORX,Clothing and footwear,559842
2026-07-01,DCLORX,Clothing and footwear,558503
2015-01-01,DGOERX,Gasoline and other energy goods,314841
2015-02-01,DGOERX,Gasoline and other energy goods,319780
2015-03-01,DGOERX,Gasoline and other energy goods,316007
2015-04-01,DGOERX,Gasoline and other energy goods,316721
2015-05-01,DGOERX,Gasoline and other energy goods,318072
2015-06-01,DGOERX,Gasoline and other energy goods,316401
2015-07-01,DGOERX,Gasoline and other energy goods,319350
2015-08-01,DGOERX,Gasoline and other energy goods,321059
2015-09-01,DGOERX,Gasoline and other energy goods,322394
2015-10-01,DGOERX,Gasoline and other energy goods,321896
2015-11-01,DGOERX,Gasoline and other energy goods,318858
2015-12-01,DGOERX,Gasoline and other energy goods,320308
2016-01-01,DGOERX,Gasoline and other energy goods,322365
2016-02-01,DGOERX,Gasoline and other energy goods,324159
2016-03-01,DGOERX,Gasoline and other energy goods,327949
2016-04-01,DGOERX,Gasoline and other energy goods,323880
2016-05-01,DGOERX,Gasoline and other energy goods,325279
2016-06-01,DGOERX,Gasoline and other energy goods,323083
2016-07-01,DGOERX,Gasoline and other energy goods,324655
2016-08-01,DGOERX,Gasoline and other energy goods,323443
2016-09-01,DGOERX,Gasoline and other energy goods,326450
2016-10-01,DGOERX,Gasoline and other energy goods,316603
2016-11-01,DGOERX,Gasoline and other energy goods,321359
2016-12-01,DGOERX,Gasoline and other energy goods,326316
2017-01-01,DGOERX,Gasoline and other energy goods,313321
2017-02-01,DGOERX,Gasoline and other energy goods,324263
2017-03-01,DGOERX,Gasoline and other energy goods,325411
2017-04-01,DGOERX,Gasoline and other energy goods,324189
2017-05-01,DGOERX,Gasoline and other energy goods,326777
2017-06-01,DGOERX,Gasoline and other energy goods,327035
2017-07-01,DGOERX,Gasoline and other energy goods,325705
2017-08-01,DGOERX,Gasoline and other energy goods,324918
2017-09-01,DGOERX,Gasoline and other energy goods,324476
2017-10-01,DGOERX,Gasoline and other energy goods,323086
2017-11-01,DGOERX,Gasoline and other energy goods,319759
2017-12-01,DGOERX,Gasoline and other energy goods,328854
2018-01-01,DGOERX,Gasoline and other energy goods,325284
2018-02-01,DGOERX,Gasoline and other energy goods,314320
2018-03-01,DGOERX,Gasoline and other energy goods,329311
2018-04-01,DGOERX,Gasoline and other energy goods,321791
2018-05-01,DGOERX,Gasoline and other energy goods,323526
2018-06-01,DGOERX,Gasoline and other energy goods,326929
2018-07-01,DGOERX,Gasoline and other energy goods,324652
2018-08-01,DGOERX,Gasoline and other energy goods,324684
2018-09-01,DGOERX,Gasoline and other energy goods,319466
2018-10-01,DGOERX,Gasoline and other energy goods,319295
2018-11-01,DGOERX,Gasoline and other energy goods,321737
2018-12-01,DGOERX,Gasoline and other energy goods,325550
2019-01-01,DGOERX,Gasoline and other energy goods,325605
2019-02-01,DGOERX,Gasoline and other energy goods,329245
2019-03-01,DGOERX,Gasoline and other energy goods,324900
2019-04-01,DGOERX,Gasoline and other energy goods,326102
2019-05-01,DGOERX,Gasoline and other energy goods,320775
2019-06-01,DGOERX,Gasoline and other energy goods,323450
2019-07-01,DGOERX,Gasoline and other energy goods,317951
2019-08-01,DGOERX,Gasoline and other energy goods,324488
2019-09-01,DGOERX,Gasoline and other energy goods,318188
2019-10-01,DGOERX,Gasoline and other energy goods,318368
2019-11-01,DGOERX,Gasoline and other energy goods,319229
2019-12-01,DGOERX,Gasoline and other energy goods,313007
2020-01-01,DGOERX,Gasoline and other energy goods,312846
2020-02-01,DGOERX,Gasoline and other energy goods,309486
2020-03-01,DGOERX,Gasoline and other energy goods,270847
2020-04-01,DGOERX,Gasoline and other energy goods,208629
2020-05-01,DGOERX,Gasoline and other energy goods,247770
2020-06-01,DGOERX,Gasoline and other energy goods,276747
2020-07-01,DGOERX,Gasoline and other energy goods,280894
2020-08-01,DGOERX,Gasoline and other energy goods,285952
2020-09-01,DGOERX,Gasoline and other energy goods,295281
2020-10-01,DGOERX,Gasoline and other energy goods,285647
2020-11-01,DGOERX,Gasoline and other energy goods,279953
2020-12-01,DGOERX,Gasoline and other energy goods,275753
2021-01-01,DGOERX,Gasoline and other energy goods,286109
2021-02-01,DGOERX,Gasoline and other energy goods,284165
2021-03-01,DGOERX,Gasoline and other energy goods,298924
2021-04-01,DGOERX,Gasoline and other energy goods,303888
2021-05-01,DGOERX,Gasoline and other energy goods,310742
2021-06-01,DGOERX,Gasoline and other energy goods,322273
2021-07-01,DGOERX,Gasoline and other energy goods,322580
2021-08-01,DGOERX,Gasoline and other energy goods,318201
2021-09-01,DGOERX,Gasoline and other energy goods,320314
2021-10-01,DGOERX,Gasoline and other energy goods,320763
2021-11-01,DGOERX,Gasoline and other energy goods,326806
2021-12-01,DGOERX,Gasoline and other energy goods,320216
2022-01-01,DGOERX,Gasoline and other energy goods,313677
2022-02-01,DGOERX,Gasoline and other energy goods,322408
2022-03-01,DGOERX,Gasoline and other energy goods,322228
2022-04-01,DGOERX,Gasoline and other energy goods,313895
2022-05-01,DGOERX,Gasoline and other energy goods,317413
2022-06-01,DGOERX,Gasoline and other energy goods,310825
2022-07-01,DGOERX,Gasoline and other energy goods,304868
2022-08-01,DGOERX,Gasoline and other energy goods,313150
2022-09-01,DGOERX,Gasoline and other energy goods,313127
2022-10-01,DGOERX,Gasoline and other energy goods,313227
2022-11-01,DGOERX,Gasoline and other energy goods,311271
2022-12-01,DGOERX,Gasoline and other energy goods,310003
2023-01-01,DGOERX,Gasoline and other energy goods,312389
2023-02-01,DGOERX,Gasoline and other energy goods,317184
2023-03-01,DGOERX,Gasoline and other energy goods,320748
2023-04-01,DGOERX,Gasoline and other energy goods,318791
2023-05-01,DGOERX,Gasoline and other energy goods,313932
2023-06-01,DGOERX,Gasoline and other energy goods,318861
2023-07-01,DGOERX,Gasoline and other energy goods,311890
2023-08-01,DGOERX,Gasoline and other energy goods,312954
2023-09-01,DGOERX,Gasoline and other energy goods,311927
2023-10-01,DGOERX,Gasoline and other energy goods,318397
2023-11-01,DGOERX,Gasoline and other energy goods,315514
2023-12-01,DGOERX,Gasoline and other energy goods,315794
2024-01-01,DGOERX,Gasoline and other energy goods,311629
2024-02-01,DGOERX,Gasoline and other energy goods,303569
2024-03-01,DGOERX,Gasoline and other energy goods,315407
2024-04-01,DGOERX,Gasoline and other energy goods,315460
2024-05-01,DGOERX,Gasoline and other energy goods,320176
2024-06-01,DGOERX,Gasoline and other energy goods,313633
2024-07-01,DGOERX,Gasoline and other energy goods,320921
2024-08-01,DGOERX,Gasoline and other energy goods,316523
2024-09-01,DGOERX,Gasoline and other energy goods,321817
2024-10-01,DGOERX,Gasoline and other energy goods,318596
2024-11-01,DGOERX,Gasoline and other energy goods,313628
2024-12-01,DGOERX,Gasoline and other energy goods,322010
2025-01-01,DGOERX,Gasoline and other energy goods,322155
2025-02-01,DGOERX,Gasoline and other energy goods,321335
2025-03-01,DGOERX,Gasoline and other energy goods,317713
2025-04-01,DGOERX,Gasoline and other energy goods,320122
2025-05-01,DGOERX,Gasoline and other energy goods,314178
2025-06-01,DGOERX,Gasoline and other energy goods,320097
2025-07-01,DGOERX,Gasoline and other energy goods,316764
2025-08-01,DGOERX,Gasoline and other energy goods,319029
2025-09-01,DGOERX,Gasoline and other energy goods,322255
2025-10-01,DGOERX,Gasoline and other energy goods,313361
2025-11-01,DGOERX,Gasoline and other energy goods,315838
2025-12-01,DGOERX,Gasoline and other energy goods,321457
2026-01-01,DGOERX,Gasoline and other energy goods,318470
2026-02-01,DGOERX,Gasoline and other energy goods,319087
2026-03-01,DGOERX,Gasoline and other energy goods,315005
2026-04-01,DGOERX,Gasoline and other energy goods,320103
2026-05-01,DGOERX,Gasoline and other energy goods,301712
2026-06-01,DGOERX,Gasoline and other energy goods,309216
2026-07-01,DGOERX,Gasoline and other energy goods,308943
2015-01-01,DONGRX,Other nondurable goods,1004545
2015-02-01,DONGRX,Other nondurable goods,1001188
2015-03-01,DONGRX,Other nondurable goods,1008237
2015-04-01,DONGRX,Other nondurable goods,1007941
2015-05-01,DONGRX,Other nondurable goods,1012546
2015-06-01,DONGRX,Other nondurable goods,1016043
2015-07-01,DONGRX,Other nondurable goods,1025031
2015-08-01,DONGRX,Other nondurable goods,1029094
2015-09-01,DONGRX,Other nondurable goods,1029587
2015-10-01,DONGRX,Other nondurable goods,1029731
2015-11-01,DONGRX,Other nondurable goods,1035091
2015-12-01,DONGRX,Other nondurable goods,1038313
2016-01-01,DONGRX,Other nondurable goods,1033891
2016-02-01,DONGRX,Other nondurable goods,1039452
2016-03-01,DONGRX,Other nondurable goods,1036981
2016-04-01,DONGRX,Other nondurable goods,1039553
2016-05-01,DONGRX,Other nondurable goods,1042668
2016-06-01,DONGRX,Other nondurable goods,1047336
2016-07-01,DONGRX,Other nondurable goods,1041914
2016-08-01,DONGRX,Other nondurable goods,1039484
2016-09-01,DONGRX,Other nondurable goods,1033222
2016-10-01,DONGRX,Other nondurable goods,1034150
2016-11-01,DONGRX,Other nondurable goods,1034753
2016-12-01,DONGRX,Other nondurable goods,1039055
2017-01-01,DONGRX,Other nondurable goods,1044405
2017-02-01,DONGRX,Other nondurable goods,1043225
2017-03-01,DONGRX,Other nondurable goods,1049610
2017-04-01,DONGRX,Other nondurable goods,1055222
2017-05-01,DONGRX,Other nondurable goods,1053762
2017-06-01,DONGRX,Other nondurable goods,1059740
2017-07-01,DONGRX,Other nondurable goods,1056746
2017-08-01,DONGRX,Other nondurable goods,1058183
2017-09-01,DONGRX,Other nondurable goods,1069210
2017-10-01,DONGRX,Other nondurable goods,1068743
2017-11-01,DONGRX,Other nondurable goods,1081369
2017-12-01,DONGRX,Other nondurable goods,1089295
2018-01-01,DONGRX,Other nondurable goods,1087210
2018-02-01,DONGRX,Other nondurable goods,1088583
2018-03-01,DONGRX,Other nondurable goods,1088332
2018-04-01,DONGRX,Other nondurable goods,1092934
2018-05-01,DONGRX,Other nondurable goods,1097679
2018-06-01,DONGRX,Other nondurable goods,1091416
2018-07-01,DONGRX,Other nondurable goods,1097060
2018-08-01,DONGRX,Other nondurable goods,1099532
2018-09-01,DONGRX,Other nondurable goods,1107005
2018-10-01,DONGRX,Other nondurable goods,1113596
2018-11-01,DONGRX,Other nondurable goods,1130425
2018-12-01,DONGRX,Other nondurable goods,1100876
2019-01-01,DONGRX,Other nondurable goods,1122619
2019-02-01,DONGRX,Other nondurable goods,1129802
2019-03-01,DONGRX,Other nondurable goods,1134339
2019-04-01,DONGRX,Other nondurable goods,1131293
2019-05-01,DONGRX,Other nondurable goods,1143270
2019-06-01,DONGRX,Other nondurable goods,1154077
2019-07-01,DONGRX,Other nondurable goods,1154492
2019-08-01,DONGRX,Other nondurable goods,1157831
2019-09-01,DONGRX,Other nondurable goods,1163697
2019-10-01,DONGRX,Other nondurable goods,1162130
2019-11-01,DONGRX,Other nondurable goods,1165077
2019-12-01,DONGRX,Other nondurable goods,1164082
2020-01-01,DONGRX,Other nondurable goods,1172207
2020-02-01,DONGRX,Other nondurable goods,1182148
2020-03-01,DONGRX,Other nondurable goods,1236988
2020-04-01,DONGRX,Other nondurable goods,1160388
2020-05-01,DONGRX,Other nondurable goods,1235973
2020-06-01,DONGRX,Other nondurable goods,1253432
2020-07-01,DONGRX,Other nondurable goods,1266403
2020-08-01,DONGRX,Other nondurable goods,1267536
2020-09-01,DONGRX,Other nondurable goods,1280564
2020-10-01,DONGRX,Other nondurable goods,1284227
2020-11-01,DONGRX,Other nondurable goods,1282867
2020-12-01,DONGRX,Other nondurable goods,1293391
2021-01-01,DONGRX,Other nondurable goods,1286625
2021-02-01,DONGRX,Other nondurable goods,1260335
2021-03-01,DONGRX,Other nondurable goods,1331374
2021-04-01,DONGRX,Other nondurable goods,1326958
2021-05-01,DONGRX,Other nondurable goods,1315783
2021-06-01,DONGRX,Other nondurable goods,1338996
2021-07-01,DONGRX,Other nondurable goods,1318313
2021-08-01,DONGRX,Other nondurable goods,1339581
2021-09-01,DONGRX,Other nondurable goods,1337811
2021-10-01,DONGRX,Other nondurable goods,1348351
2021-11-01,DONGRX,Other nondurable goods,1350007
2021-12-01,DONGRX,Other nondurable goods,1346652
2022-01-01,DONGRX,Other nondurable goods,1356353
2022-02-01,DONGRX,Other nondurable goods,1342203
2022-03-01,DONGRX,Other nondurable goods,1344632
2022-04-01,DONGRX,Other nondurable goods,1356193
2022-05-01,DONGRX,Other nondurable goods,1359078
2022-06-01,DONGRX,Other nondurable goods,1359519
2022-07-01,DONGRX,Other nondurable goods,1353843
2022-08-01,DONGRX,Other nondurable goods,1354599
2022-09-01,DONGRX,Other nondurable goods,1360683
2022-10-01,DONGRX,Other nondurable goods,1359156
2022-11-01,DONGRX,Other nondurable goods,1354906
2022-12-01,DONGRX,Other nondurable goods,1355860
2023-01-01,DONGRX,Other nondurable goods,1373756
2023-02-01,DONGRX,Other nondurable goods,1377499
2023-03-01,DONGRX,Other nondurable goods,1361016
2023-04-01,DONGRX,Other nondurable goods,1377686
2023-05-01,DONGRX,Other nondurable goods,1375877
2023-06-01,DONGRX,Other nondurable goods,1381530
2023-07-01,DONGRX,Other nondurable goods,1395683
2023-08-01,DONGRX,Other nondurable goods,1396411
2023-09-01,DONGRX,Other nondurable goods,1407158
2023-10-01,DONGRX,Other nondurable goods,1411180
2023-11-01,DONGRX,Other nondurable goods,1415447
2023-12-01,DONGRX,Other nondurable goods,1423270
2024-01-01,DONGRX,Other nondurable goods,1405551
2024-02-01,DONGRX,Other nondurable goods,1405891
2024-03-01,DONGRX,Other nondurable goods,1424193
2024-04-01,DONGRX,Other nondurable goods,1417733
2024-05-01,DONGRX,Other nondurable goods,1422791
2024-06-01,DONGRX,Other nondurable goods,1432491
2024-07-01,DONGRX,Other nondurable goods,1437188
2024-08-01,DONGRX,Other nondurable goods,1443563
2024-09-01,DONGRX,Other nondurable goods,1472407
2024-10-01,DONGRX,Other nondurable goods,1462822
2024-11-01,DONGRX,Other nondurable goods,1469011
2024-12-01,DONGRX,Other nondurable goods,1481119
2025-01-01,DONGRX,Other nondurable goods,1460975
2025-02-01,DONGRX,Other nondurable goods,1473235
2025-03-01,DONGRX,Other nondurable goods,1491737
2025-04-01,DONGRX,Other nondurable goods,1487622
2025-05-01,DONGRX,Other nondurable goods,1486354
2025-06-01,DONGRX,Other nondurable goods,1497299
2025-07-01,DONGRX,Other nondurable goods,1501953
2025-08-01,DONGRX,Other nondurable goods,1513935
2025-09-01,DONGRX,Other nondurable goods,1513187
2025-10-01,DONGRX,Other nondurable goods,1518014
2025-11-01,DONGRX,Other nondurable goods,1516477
2025-12-01,DONGRX,Other nondurable goods,1509744
2026-01-01,DONGRX,Other nondurable goods,1510207
2026-02-01,DONGRX,Other nondurable goods,1518559
2026-03-01,DONGRX,Other nondurable goods,1535090
2026-04-01,DONGRX,Other nondurable goods,1543534
2026-05-01,DONGRX,Other nondurable goods,1556732
2026-06-01,DONGRX,Other nondurable goods,1558687
2026-07-01,DONGRX,Other nondurable goods,1553651
2015-01-01,DSERRX,Services,8660944
2015-02-01,DSERRX,Services,8682663
2015-03-01,DSERRX,Services,8683740
2015-04-01,DSERRX,Services,8703670
2015-05-01,DSERRX,Services,8723414
2015-06-01,DSERRX,Services,8732323
2015-07-01,DSERRX,Services,8750279
2015-08-01,DSERRX,Services,8767030
2015-09-01,DSERRX,Services,8772896
2015-10-01,DSERRX,Services,8796165
2015-11-01,DSERRX,Services,8784168
2015-12-01,DSERRX,Services,8809236
2016-01-01,DSERRX,Services,8832218
2016-02-01,DSERRX,Services,8871104
2016-03-01,DSERRX,Services,8846927
2016-04-01,DSERRX,Services,8872212
2016-05-01,DSERRX,Services,8875060
2016-06-01,DSERRX,Services,8888578
2016-07-01,DSERRX,Services,8909654
2016-08-01,DSERRX,Services,8919153
2016-09-01,DSERRX,Services,8946197
2016-10-01,DSERRX,Services,8936714
2016-11-01,DSERRX,Services,8964878
2016-12-01,DSERRX,Services,8996277
2017-01-01,DSERRX,Services,9016361
2017-02-01,DSERRX,Services,9010015
2017-03-01,DSERRX,Services,9061581
2017-04-01,DSERRX,Services,9042157
2017-05-01,DSERRX,Services,9052261
2017-06-01,DSERRX,Services,9057222
2017-07-01,DSERRX,Services,9085540
2017-08-01,DSERRX,Services,9082481
2017-09-01,DSERRX,Services,9097296
2017-10-01,DSERRX,Services,9111633
2017-11-01,DSERRX,Services,9137874
2017-12-01,DSERRX,Services,9186513
2018-01-01,DSERRX,Services,9189807
2018-02-01,DSERRX,Services,9187462
2018-03-01,DSERRX,Services,9232836
2018-04-01,DSERRX,Services,9255620
2018-05-01,DSERRX,Services,9250303
2018-06-01,DSERRX,Services,9290792
2018-07-01,DSERRX,Services,9301359
2018-08-01,DSERRX,Services,9318584
2018-09-01,DSERRX,Services,9305717
2018-10-01,DSERRX,Services,9333205
2018-11-01,DSERRX,Services,9336182
2018-12-01,DSERRX,Services,9317918
2019-01-01,DSERRX,Services,9320748
2019-02-01,DSERRX,Services,9327989
2019-03-01,DSERRX,Services,9367757
2019-04-01,DSERRX,Services,9364848
2019-05-01,DSERRX,Services,9377573
2019-06-01,DSERRX,Services,9401173
2019-07-01,DSERRX,Services,9439957
2019-08-01,DSERRX,Services,9478852
2019-09-01,DSERRX,Services,9504999
2019-10-01,DSERRX,Services,9519124
2019-11-01,DSERRX,Services,9559968
2019-12-01,DSERRX,Services,9571564
2020-01-01,DSERRX,Services,9648380
2020-02-01,DSERRX,Services,9594978
2020-03-01,DSERRX,Services,8759735
2020-04-01,DSERRX,Services,7835863
2020-05-01,DSERRX,Services,8238067
2020-06-01,DSERRX,Services,8678587
2020-07-01,DSERRX,Services,8800341
2020-08-01,DSERRX,Services,8915042
2020-09-01,DSERRX,Services,9023096
2020-10-01,DSERRX,Services,9077951
2020-11-01,DSERRX,Services,9062319
2020-12-01,DSERRX,Services,9074575
2021-01-01,DSERRX,Services,9141359
2021-02-01,DSERRX,Services,9125818
2021-03-01,DSERRX,Services,9307138
2021-04-01,DSERRX,Services,9409960
2021-05-01,DSERRX,Services,9490997
2021-06-01,DSERRX,Services,9592811
2021-07-01,DSERRX,Services,9681013
2021-08-01,DSERRX,Services,9746807
2021-09-01,DSERRX,Services,9775865
2021-10-01,DSERRX,Services,9816303
2021-11-01,DSERRX,Services,9839677
2021-12-01,DSERRX,Services,9840275
2022-01-01,DSERRX,Services,9815866
2022-02-01,DSERRX,Services,9871837
2022-03-01,DSERRX,Services,9925389
2022-04-01,DSERRX,Services,9973187
2022-05-01,DSERRX,Services,10000434
2022-06-01,DSERRX,Services,10022779
2022-07-01,DSERRX,Services,10065931
2022-08-01,DSERRX,Services,10111238
2022-09-01,DSERRX,Services,10126690
2022-10-01,DSERRX,Services,10139242
2022-11-01,DSERRX,Services,10166910
2022-12-01,DSERRX,Services,10173504
2023-01-01,DSERRX,Services,10223259
2023-02-01,DSERRX,Services,10224728
2023-03-01,DSERRX,Services,10272013
2023-04-01,DSERRX,Services,10274882
2023-05-01,DSERRX,Services,10285511
2023-06-01,DSERRX,Services,10313810
2023-07-01,DSERRX,Services,10350509
2023-08-01,DSERRX,Services,10348456
2023-09-01,DSERRX,Services,10362515
2023-10-01,DSERRX,Services,10400917
2023-11-01,DSERRX,Services,10445814
2023-12-01,DSERRX,Services,10479091
2024-01-01,DSERRX,Services,10480797
2024-02-01,DSERRX,Services,10540393
2024-03-01,DSERRX,Services,10551895
2024-04-01,DSERRX,Services,10575766
2024-05-01,DSERRX,Services,10604251
2024-06-01,DSERRX,Services,10640269
2024-07-01,DSERRX,Services,10656175
2024-08-01,DSERRX,Services,10689170
2024-09-01,DSERRX,Services,10709862
2024-10-01,DSERRX,Services,10726127
2024-11-01,DSERRX,Services,10747323
2024-12-01,DSERRX,Services,10782988
2025-01-01,DSERRX,Services,10783621
2025-02-01,DSERRX,Services,10749007
2025-03-01,DSERRX,Services,10788284
2025-04-01,DSERRX,Services,10821999
2025-05-01,DSERRX,Services,10841849
2025-06-01,DSERRX,Services,10863166
2025-07-01,DSERRX,Services,10909242
2025-08-01,DSERRX,Services,10936359
2025-09-01,DSERRX,Services,10973273
2025-10-01,DSERRX,Services,11001919
2025-11-01,DSERRX,Services,11000853
2025-12-01,DSERRX,Services,11032215
2026-01-01,DSERRX,Services,11029738
2026-02-01,DSERRX,Services,11024316
2026-03-01,DSERRX,Services,11025786
2026-04-01,DSERRX,Services,11065653
2026-05-01,DSERRX,Services,11111712
2026-06-01,DSERRX,Services,11153597
2026-07-01,DSERRX,Services,11185637
2015-01-01,DHCERX,Household consumption expenditures (for services),8282790
2015-02-01,DHCERX,Household consumption expenditures (for services),8308679
2015-03-01,DHCERX,Household consumption expenditures (for services),8309559
2015-04-01,DHCERX,Household consumption expenditures (for services),8326497
2015-05-01,DHCERX,Household consumption expenditures (for services),8347373
2015-06-01,DHCERX,Household consumption expenditures (for services),8354449
2015-07-01,DHCERX,Household consumption expenditures (for services),8366623
2015-08-01,DHCERX,Household consumption expenditures (for services),8381496
2015-09-01,DHCERX,Household consumption expenditures (for services),8382825
2015-10-01,DHCERX,Household consumption expenditures (for services),8403687
2015-11-01,DHCERX,Household consumption expenditures (for services),8386145
2015-12-01,DHCERX,Household consumption expenditures (for services),8411489
2016-01-01,DHCERX,Household consumption expenditures (for services),8434864
2016-02-01,DHCERX,Household consumption expenditures (for services),8477504
2016-03-01,DHCERX,Household consumption expenditures (for services),8454164
2016-04-01,DHCERX,Household consumption expenditures (for services),8485943
2016-05-01,DHCERX,Household consumption expenditures (for services),8486663
2016-06-01,DHCERX,Household consumption expenditures (for services),8495550
2016-07-01,DHCERX,Household consumption expenditures (for services),8509125
2016-08-01,DHCERX,Household consumption expenditures (for services),8515607
2016-09-01,DHCERX,Household consumption expenditures (for services),8539690
2016-10-01,DHCERX,Household consumption expenditures (for services),8532461
2016-11-01,DHCERX,Household consumption expenditures (for services),8559946
2016-12-01,DHCERX,Household consumption expenditures (for services),8592648
2017-01-01,DHCERX,Household consumption expenditures (for services),8612776
2017-02-01,DHCERX,Household consumption expenditures (for services),8610318
2017-03-01,DHCERX,Household consumption expenditures (for services),8658862
2017-04-01,DHCERX,Household consumption expenditures (for services),8642918
2017-05-01,DHCERX,Household consumption expenditures (for services),8651804
2017-06-01,DHCERX,Household consumption expenditures (for services),8658126
2017-07-01,DHCERX,Household consumption expenditures (for services),8692247
2017-08-01,DHCERX,Household consumption expenditures (for services),8692571
2017-09-01,DHCERX,Household consumption expenditures (for services),8709658
2017-10-01,DHCERX,Household consumption expenditures (for services),8717967
2017-11-01,DHCERX,Household consumption expenditures (for services),8744964
2017-12-01,DHCERX,Household consumption expenditures (for services),8791740
2018-01-01,DHCERX,Household consumption expenditures (for services),8793846
2018-02-01,DHCERX,Household consumption expenditures (for services),8785125
2018-03-01,DHCERX,Household consumption expenditures (for services),8827073
2018-04-01,DHCERX,Household consumption expenditures (for services),8844196
2018-05-01,DHCERX,Household consumption expenditures (for services),8838949
2018-06-01,DHCERX,Household consumption expenditures (for services),8880134
2018-07-01,DHCERX,Household consumption expenditures (for services),8891186
2018-08-01,DHCERX,Household consumption expenditures (for services),8906472
2018-09-01,DHCERX,Household consumption expenditures (for services),8885466
2018-10-01,DHCERX,Household consumption expenditures (for services),8898819
2018-11-01,DHCERX,Household consumption expenditures (for services),8897764
2018-12-01,DHCERX,Household consumption expenditures (for services),8887097
2019-01-01,DHCERX,Household consumption expenditures (for services),8917022
2019-02-01,DHCERX,Household consumption expenditures (for services),8938086
2019-03-01,DHCERX,Household consumption expenditures (for services),8981004
2019-04-01,DHCERX,Household consumption expenditures (for services),8968266
2019-05-01,DHCERX,Household consumption expenditures (for services),8974713
2019-06-01,DHCERX,Household consumption expenditures (for services),8997148
2019-07-01,DHCERX,Household consumption expenditures (for services),9033243
2019-08-01,DHCERX,Household consumption expenditures (for services),9071916
2019-09-01,DHCERX,Household consumption expenditures (for services),9099264
2019-10-01,DHCERX,Household consumption expenditures (for services),9114204
2019-11-01,DHCERX,Household consumption expenditures (for services),9152801
2019-12-01,DHCERX,Household consumption expenditures (for services),9167112
2020-01-01,DHCERX,Household consumption expenditures (for services),9230910
2020-02-01,DHCERX,Household consumption expenditures (for services),9170781
2020-03-01,DHCERX,Household consumption expenditures (for services),8202764
2020-04-01,DHCERX,Household consumption expenditures (for services),7223919
2020-05-01,DHCERX,Household consumption expenditures (for services),7753049
2020-06-01,DHCERX,Household consumption expenditures (for services),8265121
2020-07-01,DHCERX,Household consumption expenditures (for services),8381737
2020-08-01,DHCERX,Household consumption expenditures (for services),8474693
2020-09-01,DHCERX,Household consumption expenditures (for services),8571106
2020-10-01,DHCERX,Household consumption expenditures (for services),8640630
2020-11-01,DHCERX,Household consumption expenditures (for services),8641222
2020-12-01,DHCERX,Household consumption expenditures (for services),8648600
2021-01-01,DHCERX,Household consumption expenditures (for services),8731229
2021-02-01,DHCERX,Household consumption expenditures (for services),8719976
2021-03-01,DHCERX,Household consumption expenditures (for services),8911191
2021-04-01,DHCERX,Household consumption expenditures (for services),9024854
2021-05-01,DHCERX,Household consumption expenditures (for services),9116811
2021-06-01,DHCERX,Household consumption expenditures (for services),9219751
2021-07-01,DHCERX,Household consumption expenditures (for services),9303895
2021-08-01,DHCERX,Household consumption expenditures (for services),9366951
2021-09-01,DHCERX,Household consumption expenditures (for services),9393205
2021-10-01,DHCERX,Household consumption expenditures (for services),9431532
2021-11-01,DHCERX,Household consumption expenditures (for services),9446187
2021-12-01,DHCERX,Household consumption expenditures (for services),9443114
2022-01-01,DHCERX,Household consumption expenditures (for services),9408981
2022-02-01,DHCERX,Household consumption expenditures (for services),9455953
2022-03-01,DHCERX,Household consumption expenditures (for services),9506203
2022-04-01,DHCERX,Household consumption expenditures (for services),9546643
2022-05-01,DHCERX,Household consumption expenditures (for services),9568485
2022-06-01,DHCERX,Household consumption expenditures (for services),9588397
2022-07-01,DHCERX,Household consumption expenditures (for services),9626878
2022-08-01,DHCERX,Household consumption expenditures (for services),9672813
2022-09-01,DHCERX,Household consumption expenditures (for services),9693517
2022-10-01,DHCERX,Household consumption expenditures (for services),9713795
2022-11-01,DHCERX,Household consumption expenditures (for services),9744450
2022-12-01,DHCERX,Household consumption expenditures (for services),9755349
2023-01-01,DHCERX,Household consumption expenditures (for services),9811874
2023-02-01,DHCERX,Household consumption expenditures (for services),9822134
2023-03-01,DHCERX,Household consumption expenditures (for services),9869055
2023-04-01,DHCERX,Household consumption expenditures (for services),9872276
2023-05-01,DHCERX,Household consumption expenditures (for services),9883256
2023-06-01,DHCERX,Household consumption expenditures (for services),9912613
2023-07-01,DHCERX,Household consumption expenditures (for services),9951022
2023-08-01,DHCERX,Household consumption expenditures (for services),9949043
2023-09-01,DHCERX,Household consumption expenditures (for services),9966452
2023-10-01,DHCERX,Household consumption expenditures (for services),10002445
2023-11-01,DHCERX,Household consumption expenditures (for services),10046158
2023-12-01,DHCERX,Household consumption expenditures (for services),10078397
2024-01-01,DHCERX,Household consumption expenditures (for services),10076567
2024-02-01,DHCERX,Household consumption expenditures (for services),10130310
2024-03-01,DHCERX,Household consumption expenditures (for services),10136870
2024-04-01,DHCERX,Household consumption expenditures (for services),10159335
2024-05-01,DHCERX,Household consumption expenditures (for services),10183134
2024-06-01,DHCERX,Household consumption expenditures (for services),10213272
2024-07-01,DHCERX,Household consumption expenditures (for services),10224126
2024-08-01,DHCERX,Household consumption expenditures (for services),10257266
2024-09-01,DHCERX,Household consumption expenditures (for services),10280527
2024-10-01,DHCERX,Household consumption expenditures (for services),10300389
2024-11-01,DHCERX,Household consumption expenditures (for services),10324562
2024-12-01,DHCERX,Household consumption expenditures (for services),10368770
2025-01-01,DHCERX,Household consumption expenditures (for services),10375550
2025-02-01,DHCERX,Household consumption expenditures (for services),10342873
2025-03-01,DHCERX,Household consumption expenditures (for services),10380656
2025-04-01,DHCERX,Household consumption expenditures (for services),10422389
2025-05-01,DHCERX,Household consumption expenditures (for services),10445055
2025-06-01,DHCERX,Household consumption expenditures (for services),10472238
2025-07-01,DHCERX,Household consumption expenditures (for services),10510926
2025-08-01,DHCERX,Household consumption expenditures (for services),10535580
2025-09-01,DHCERX,Household consumption expenditures (for services),10570562
2025-10-01,DHCERX,Household consumption expenditures (for services),10592373
2025-11-01,DHCERX,Household consumption expenditures (for services),10594264
2025-12-01,DHCERX,Household consumption expenditures (for services),10623033
2026-01-01,DHCERX,Household consumption expenditures (for services),10608806
2026-02-01,DHCERX,Household consumption expenditures (for services),10598240
2026-03-01,DHCERX,Household consumption expenditures (for services),10591510
2026-04-01,DHCERX,Household consumption expenditures (for services),10638211
2026-05-01,DHCERX,Household consumption expenditures (for services),10690186
2026-06-01,DHCERX,Household consumption expenditures (for services),10729287
2026-07-01,DHCERX,Household consumption expenditures (for services),10757641
2015-01-01,DHUTRX,Housing and utilities,2342013
2015-02-01,DHUTRX,Housing and utilities,2364667
2015-03-01,DHUTRX,Housing and utilities,2346736
2015-04-01,DHUTRX,Housing and utilities,2332255
2015-05-01,DHUTRX,Housing and utilities,2331199
2015-06-01,DHUTRX,Housing and utilities,2335340
2015-07-01,DHUTRX,Housing and utilities,2330618
2015-08-01,DHUTRX,Housing and utilities,2336848
2015-09-01,DHUTRX,Housing and utilities,2337169
2015-10-01,DHUTRX,Housing and utilities,2336054
2015-11-01,DHUTRX,Housing and utilities,2326099
2015-12-01,DHUTRX,Housing and utilities,2321470
2016-01-01,DHUTRX,Housing and utilities,2338091
2016-02-01,DHUTRX,Housing and utilities,2340514
2016-03-01,DHUTRX,Housing and utilities,2328336
2016-04-01,DHUTRX,Housing and utilities,2342513
2016-05-01,DHUTRX,Housing and utilities,2347372
2016-06-01,DHUTRX,Housing and utilities,2354395
2016-07-01,DHUTRX,Housing and utilities,2356299
2016-08-01,DHUTRX,Housing and utilities,2361288
2016-09-01,DHUTRX,Housing and utilities,2351479
2016-10-01,DHUTRX,Housing and utilities,2344737
2016-11-01,DHUTRX,Housing and utilities,2337871
2016-12-01,DHUTRX,Housing and utilities,2360936
2017-01-01,DHUTRX,Housing and utilities,2329533
2017-02-01,DHUTRX,Housing and utilities,2322280
2017-03-01,DHUTRX,Housing and utilities,2344776
2017-04-01,DHUTRX,Housing and utilities,2349014
2017-05-01,DHUTRX,Housing and utilities,2353864
2017-06-01,DHUTRX,Housing and utilities,2352148
2017-07-01,DHUTRX,Housing and utilities,2350280
2017-08-01,DHUTRX,Housing and utilities,2344996
2017-09-01,DHUTRX,Housing and utilities,2353710
2017-10-01,DHUTRX,Housing and utilities,2358465
2017-11-01,DHUTRX,Housing and utilities,2360001
2017-12-01,DHUTRX,Housing and utilities,2382982
2018-01-01,DHUTRX,Housing and utilities,2381145
2018-02-01,DHUTRX,Housing and utilities,2355835
2018-03-01,DHUTRX,Housing and utilities,2381578
2018-04-01,DHUTRX,Housing and utilities,2394315
2018-05-01,DHUTRX,Housing and utilities,2372190
2018-06-01,DHUTRX,Housing and utilities,2381279
2018-07-01,DHUTRX,Housing and utilities,2380951
2018-08-01,DHUTRX,Housing and utilities,2386143
2018-09-01,DHUTRX,Housing and utilities,2389598
2018-10-01,DHUTRX,Housing and utilities,2398927
2018-11-01,DHUTRX,Housing and utilities,2406171
2018-12-01,DHUTRX,Housing and utilities,2392312
2019-01-01,DHUTRX,Housing and utilities,2394594
2019-02-01,DHUTRX,Housing and utilities,2399093
2019-03-01,DHUTRX,Housing and utilities,2406388
2019-04-01,DHUTRX,Housing and utilities,2398427
2019-05-01,DHUTRX,Housing and utilities,2401083
2019-06-01,DHUTRX,Housing and utilities,2398308
2019-07-01,DHUTRX,Housing and utilities,2413340
2019-08-01,DHUTRX,Housing and utilities,2415411
2019-09-01,DHUTRX,Housing and utilities,2424758
2019-10-01,DHUTRX,Housing and utilities,2426266
2019-11-01,DHUTRX,Housing and utilities,2435157
2019-12-01,DHUTRX,Housing and utilities,2421046
2020-01-01,DHUTRX,Housing and utilities,2413476
2020-02-01,DHUTRX,Housing and utilities,2434395
2020-03-01,DHUTRX,Housing and utilities,2436206
2020-04-01,DHUTRX,Housing and utilities,2458466
2020-05-01,DHUTRX,Housing and utilities,2461656
2020-06-01,DHUTRX,Housing and utilities,2465574
2020-07-01,DHUTRX,Housing and utilities,2476143
2020-08-01,DHUTRX,Housing and utilities,2473224
2020-09-01,DHUTRX,Housing and utilities,2477475
2020-10-01,DHUTRX,Housing and utilities,2483637
2020-11-01,DHUTRX,Housing and utilities,2478397
2020-12-01,DHUTRX,Housing and utilities,2508634
2021-01-01,DHUTRX,Housing and utilities,2503354
2021-02-01,DHUTRX,Housing and utilities,2525496
2021-03-01,DHUTRX,Housing and utilities,2514579
2021-04-01,DHUTRX,Housing and utilities,2512930
2021-05-01,DHUTRX,Housing and utilities,2523987
2021-06-01,DHUTRX,Housing and utilities,2533456
2021-07-01,DHUTRX,Housing and utilities,2527690
2021-08-01,DHUTRX,Housing and utilities,2547445
2021-09-01,DHUTRX,Housing and utilities,2547212
2021-10-01,DHUTRX,Housing and utilities,2543129
2021-11-01,DHUTRX,Housing and utilities,2552081
2021-12-01,DHUTRX,Housing and utilities,2548200
2022-01-01,DHUTRX,Housing and utilities,2580689
2022-02-01,DHUTRX,Housing and utilities,2580315
2022-03-01,DHUTRX,Housing and utilities,2582449
2022-04-01,DHUTRX,Housing and utilities,2600461
2022-05-01,DHUTRX,Housing and utilities,2596978
2022-06-01,DHUTRX,Housing and utilities,2592116
2022-07-01,DHUTRX,Housing and utilities,2597585
2022-08-01,DHUTRX,Housing and utilities,2598311
2022-09-01,DHUTRX,Housing and utilities,2597686
2022-10-01,DHUTRX,Housing and utilities,2608560
2022-11-01,DHUTRX,Housing and utilities,2619460
2022-12-01,DHUTRX,Housing and utilities,2627987
2023-01-01,DHUTRX,Housing and utilities,2593794
2023-02-01,DHUTRX,Housing and utilities,2612607
2023-03-01,DHUTRX,Housing and utilities,2638320
2023-04-01,DHUTRX,Housing and utilities,2625392
2023-05-01,DHUTRX,Housing and utilities,2623048
2023-06-01,DHUTRX,Housing and utilities,2618393
2023-07-01,DHUTRX,Housing and utilities,2642205
2023-08-01,DHUTRX,Housing and utilities,2642920
2023-09-01,DHUTRX,Housing and utilities,2645364
2023-10-01,DHUTRX,Housing and utilities,2649176
2023-11-01,DHUTRX,Housing and utilities,2648730
2023-12-01,DHUTRX,Housing and utilities,2642029
2024-01-01,DHUTRX,Housing and utilities,2651590
2024-02-01,DHUTRX,Housing and utilities,2650783
2024-03-01,DHUTRX,Housing and utilities,2656136
2024-04-01,DHUTRX,Housing and utilities,2665111
2024-05-01,DHUTRX,Housing and utilities,2670824
2024-06-01,DHUTRX,Housing and utilities,2678743
2024-07-01,DHUTRX,Housing and utilities,2674751
2024-08-01,DHUTRX,Housing and utilities,2676981
2024-09-01,DHUTRX,Housing and utilities,2681772
2024-10-01,DHUTRX,Housing and utilities,2681111
2024-11-01,DHUTRX,Housing and utilities,2677567
2024-12-01,DHUTRX,Housing and utilities,2696218
2025-01-01,DHUTRX,Housing and utilities,2714519
2025-02-01,DHUTRX,Housing and utilities,2701251
2025-03-01,DHUTRX,Housing and utilities,2693703
2025-04-01,DHUTRX,Housing and utilities,2699463
2025-05-01,DHUTRX,Housing and utilities,2700343
2025-06-01,DHUTRX,Housing and utilities,2705144
2025-07-01,DHUTRX,Housing and utilities,2703882
2025-08-01,DHUTRX,Housing and utilities,2699737
2025-09-01,DHUTRX,Housing and utilities,2706888
2025-10-01,DHUTRX,Housing and utilities,2712649
2025-11-01,DHUTRX,Housing and utilities,2713372
2025-12-01,DHUTRX,Housing and utilities,2722090
2026-01-01,DHUTRX,Housing and utilities,2727590
2026-02-01,DHUTRX,Housing and utilities,2724867
2026-03-01,DHUTRX,Housing and utilities,2720877
2026-04-01,DHUTRX,Housing and utilities,2722955
2026-05-01,DHUTRX,Housing and utilities,2730861
2026-06-01,DHUTRX,Housing and utilities,2730963
2026-07-01,DHUTRX,Housing and utilities,2734984
2015-01-01,DHLCRX,Health care,2082083
2015-02-01,DHLCRX,Health care,2087012
2015-03-01,DHLCRX,Health care,2090803
2015-04-01,DHLCRX,Health care,2092065
2015-05-01,DHLCRX,Health care,2101434
2015-06-01,DHLCRX,Health care,2114010
2015-07-01,DHLCRX,Health care,2129060
2015-08-01,DHLCRX,Health care,2135294
2015-09-01,DHLCRX,Health care,2135435
2015-10-01,DHLCRX,Health care,2132539
2015-11-01,DHLCRX,Health care,2131101
2015-12-01,DHLCRX,Health care,2139005
2016-01-01,DHLCRX,Health care,2155848
2016-02-01,DHLCRX,Health care,2173339
2016-03-01,DHLCRX,Health care,2186916
2016-04-01,DHLCRX,Health care,2201657
2016-05-01,DHLCRX,Health care,2204140
2016-06-01,DHLCRX,Health care,2202133
2016-07-01,DHLCRX,Health care,2189783
2016-08-01,DHLCRX,Health care,2189764
2016-09-01,DHLCRX,Health care,2197061
2016-10-01,DHLCRX,Health care,2208455
2016-11-01,DHLCRX,Health care,2219158
2016-12-01,DHLCRX,Health care,2227898
2017-01-01,DHLCRX,Health care,2236063
2017-02-01,DHLCRX,Health care,2238438
2017-03-01,DHLCRX,Health care,2234273
2017-04-01,DHLCRX,Health care,2226292
2017-05-01,DHLCRX,Health care,2224608
2017-06-01,DHLCRX,Health care,2230443
2017-07-01,DHLCRX,Health care,2243674
2017-08-01,DHLCRX,Health care,2255237
2017-09-01,DHLCRX,Health care,2261342
2017-10-01,DHLCRX,Health care,2259301
2017-11-01,DHLCRX,Health care,2264775
2017-12-01,DHLCRX,Health care,2269225
2018-01-01,DHLCRX,Health care,2277825
2018-02-01,DHLCRX,Health care,2283852
2018-03-01,DHLCRX,Health care,2289097
2018-04-01,DHLCRX,Health care,2286528
2018-05-01,DHLCRX,Health care,2292805
2018-06-01,DHLCRX,Health care,2303886
2018-07-01,DHLCRX,Health care,2318822
2018-08-01,DHLCRX,Health care,2326298
2018-09-01,DHLCRX,Health care,2321058
2018-10-01,DHLCRX,Health care,2307519
2018-11-01,DHLCRX,Health care,2302221
2018-12-01,DHLCRX,Health care,2311776
2019-01-01,DHLCRX,Health care,2335477
2019-02-01,DHLCRX,Health care,2353723
2019-03-01,DHLCRX,Health care,2368903
2019-04-01,DHLCRX,Health care,2371741
2019-05-01,DHLCRX,Health care,2373378
2019-06-01,DHLCRX,Health care,2375013
2019-07-01,DHLCRX,Health care,2381650
2019-08-01,DHLCRX,Health care,2392701
2019-09-01,DHLCRX,Health care,2402886
2019-10-01,DHLCRX,Health care,2410772
2019-11-01,DHLCRX,Health care,2420107
2019-12-01,DHLCRX,Health care,2427102
2020-01-01,DHLCRX,Health care,2440168
2020-02-01,DHLCRX,Health care,2442657
2020-03-01,DHLCRX,Health care,2097562
2020-04-01,DHLCRX,Health care,1656986
2020-05-01,DHLCRX,Health care,1978235
2020-06-01,DHLCRX,Health care,2185320
2020-07-01,DHLCRX,Health care,2226026
2020-08-01,DHLCRX,Health care,2240986
2020-09-01,DHLCRX,Health care,2292427
2020-10-01,DHLCRX,Health care,2322584
2020-11-01,DHLCRX,Health care,2346852
2020-12-01,DHLCRX,Health care,2342655
2021-01-01,DHLCRX,Health care,2328161
2021-02-01,DHLCRX,Health care,2316667
2021-03-01,DHLCRX,Health care,2346613
2021-04-01,DHLCRX,Health care,2381794
2021-05-01,DHLCRX,Health care,2404094
2021-06-01,DHLCRX,Health care,2422286
2021-07-01,DHLCRX,Health care,2432801
2021-08-01,DHLCRX,Health care,2447925
2021-09-01,DHLCRX,Health care,2460849
2021-10-01,DHLCRX,Health care,2472404
2021-11-01,DHLCRX,Health care,2479554
2021-12-01,DHLCRX,Health care,2489184
2022-01-01,DHLCRX,Health care,2482477
2022-02-01,DHLCRX,Health care,2478801
2022-03-01,DHLCRX,Health care,2476456
2022-04-01,DHLCRX,Health care,2479145
2022-05-01,DHLCRX,Health care,2484264
2022-06-01,DHLCRX,Health care,2495523
2022-07-01,DHLCRX,Health care,2511913
2022-08-01,DHLCRX,Health care,2525502
2022-09-01,DHLCRX,Health care,2541169
2022-10-01,DHLCRX,Health care,2555604
2022-11-01,DHLCRX,Health care,2573816
2022-12-01,DHLCRX,Health care,2592676
2023-01-01,DHLCRX,Health care,2613779
2023-02-01,DHLCRX,Health care,2629206
2023-03-01,DHLCRX,Health care,2642831
2023-04-01,DHLCRX,Health care,2645346
2023-05-01,DHLCRX,Health care,2651586
2023-06-01,DHLCRX,Health care,2656335
2023-07-01,DHLCRX,Health care,2664487
2023-08-01,DHLCRX,Health care,2672076
2023-09-01,DHLCRX,Health care,2686188
2023-10-01,DHLCRX,Health care,2705845
2023-11-01,DHLCRX,Health care,2723781
2023-12-01,DHLCRX,Health care,2741231
2024-01-01,DHLCRX,Health care,2756119
2024-02-01,DHLCRX,Health care,2771123
2024-03-01,DHLCRX,Health care,2777756
2024-04-01,DHLCRX,Health care,2782807
2024-05-01,DHLCRX,Health care,2788663
2024-06-01,DHLCRX,Health care,2802742
2024-07-01,DHLCRX,Health care,2822414
2024-08-01,DHLCRX,Health care,2838141
2024-09-01,DHLCRX,Health care,2847723
2024-10-01,DHLCRX,Health care,2852931
2024-11-01,DHLCRX,Health care,2859835
2024-12-01,DHLCRX,Health care,2869026
2025-01-01,DHLCRX,Health care,2877346
2025-02-01,DHLCRX,Health care,2880984
2025-03-01,DHLCRX,Health care,2886012
2025-04-01,DHLCRX,Health care,2903795
2025-05-01,DHLCRX,Health care,2916479
2025-06-01,DHLCRX,Health care,2925729
2025-07-01,DHLCRX,Health care,2943751
2025-08-01,DHLCRX,Health care,2965338
2025-09-01,DHLCRX,Health care,2979290
2025-10-01,DHLCRX,Health care,2975661
2025-11-01,DHLCRX,Health care,2982445
2025-12-01,DHLCRX,Health care,2994715
2026-01-01,DHLCRX,Health care,2990772
2026-02-01,DHLCRX,Health care,2982819
2026-03-01,DHLCRX,Health care,2980427
2026-04-01,DHLCRX,Health care,3008922
2026-05-01,DHLCRX,Health care,3036968
2026-06-01,DHLCRX,Health care,3056090
2026-07-01,DHLCRX,Health care,3068601
2015-01-01,DTRSRX,Transportation services,395227
2015-02-01,DTRSRX,Transportation services,395572
2015-03-01,DTRSRX,Transportation services,399395
2015-04-01,DTRSRX,Transportation services,400218
2015-05-01,DTRSRX,Transportation services,402031
2015-06-01,DTRSRX,Transportation services,401227
2015-07-01,DTRSRX,Transportation services,402419
2015-08-01,DTRSRX,Transportation services,401319
2015-09-01,DTRSRX,Transportation services,402305
2015-10-01,DTRSRX,Transportation services,404873
2015-11-01,DTRSRX,Transportation services,405611
2015-12-01,DTRSRX,Transportation services,409160
2016-01-01,DTRSRX,Transportation services,411394
2016-02-01,DTRSRX,Transportation services,413858
2016-03-01,DTRSRX,Transportation services,410539
2016-04-01,DTRSRX,Transportation services,411781
2016-05-01,DTRSRX,Transportation services,413170
2016-06-01,DTRSRX,Transportation services,412578
2016-07-01,DTRSRX,Transportation services,413429
2016-08-01,DTRSRX,Transportation services,413227
2016-09-01,DTRSRX,Transportation services,426136
2016-10-01,DTRSRX,Transportation services,422807
2016-11-01,DTRSRX,Transportation services,423465
2016-12-01,DTRSRX,Transportation services,420061
2017-01-01,DTRSRX,Transportation services,419423
2017-02-01,DTRSRX,Transportation services,416973
2017-03-01,DTRSRX,Transportation services,423787
2017-04-01,DTRSRX,Transportation services,422987
2017-05-01,DTRSRX,Transportation services,423079
2017-06-01,DTRSRX,Transportation services,424753
2017-07-01,DTRSRX,Transportation services,431391
2017-08-01,DTRSRX,Transportation services,434228
2017-09-01,DTRSRX,Transportation services,436317
2017-10-01,DTRSRX,Transportation services,437067
2017-11-01,DTRSRX,Transportation services,437828
2017-12-01,DTRSRX,Transportation services,445025
2018-01-01,DTRSRX,Transportation services,451671
2018-02-01,DTRSRX,Transportation services,450912
2018-03-01,DTRSRX,Transportation services,449735
2018-04-01,DTRSRX,Transportation services,449833
2018-05-01,DTRSRX,Transportation services,448560
2018-06-01,DTRSRX,Transportation services,447069
2018-07-01,DTRSRX,Transportation services,445577
2018-08-01,DTRSRX,Transportation services,445392
2018-09-01,DTRSRX,Transportation services,443307
2018-10-01,DTRSRX,Transportation services,445447
2018-11-01,DTRSRX,Transportation services,443012
2018-12-01,DTRSRX,Transportation services,444817
2019-01-01,DTRSRX,Transportation services,446620
2019-02-01,DTRSRX,Transportation services,451866
2019-03-01,DTRSRX,Transportation services,457079
2019-04-01,DTRSRX,Transportation services,459442
2019-05-01,DTRSRX,Transportation services,461666
2019-06-01,DTRSRX,Transportation services,467789
2019-07-01,DTRSRX,Transportation services,470690
2019-08-01,DTRSRX,Transportation services,475574
2019-09-01,DTRSRX,Transportation services,477775
2019-10-01,DTRSRX,Transportation services,478999
2019-11-01,DTRSRX,Transportation services,482670
2019-12-01,DTRSRX,Transportation services,473049
2020-01-01,DTRSRX,Transportation services,478002
2020-02-01,DTRSRX,Transportation services,475719
2020-03-01,DTRSRX,Transportation services,354795
2020-04-01,DTRSRX,Transportation services,268098
2020-05-01,DTRSRX,Transportation services,293916
2020-06-01,DTRSRX,Transportation services,319903
2020-07-01,DTRSRX,Transportation services,331806
2020-08-01,DTRSRX,Transportation services,339600
2020-09-01,DTRSRX,Transportation services,343845
2020-10-01,DTRSRX,Transportation services,351481
2020-11-01,DTRSRX,Transportation services,348209
2020-12-01,DTRSRX,Transportation services,354650
2021-01-01,DTRSRX,Transportation services,358795
2021-02-01,DTRSRX,Transportation services,352060
2021-03-01,DTRSRX,Transportation services,378694
2021-04-01,DTRSRX,Transportation services,399312
2021-05-01,DTRSRX,Transportation services,418234
2021-06-01,DTRSRX,Transportation services,435534
2021-07-01,DTRSRX,Transportation services,457873
2021-08-01,DTRSRX,Transportation services,470502
2021-09-01,DTRSRX,Transportation services,479723
2021-10-01,DTRSRX,Transportation services,483087
2021-11-01,DTRSRX,Transportation services,477297
2021-12-01,DTRSRX,Transportation services,481305
2022-01-01,DTRSRX,Transportation services,465044
2022-02-01,DTRSRX,Transportation services,478508
2022-03-01,DTRSRX,Transportation services,490526
2022-04-01,DTRSRX,Transportation services,481373
2022-05-01,DTRSRX,Transportation services,480532
2022-06-01,DTRSRX,Transportation services,471154
2022-07-01,DTRSRX,Transportation services,472353
2022-08-01,DTRSRX,Transportation services,471757
2022-09-01,DTRSRX,Transportation services,477083
2022-10-01,DTRSRX,Transportation services,477484
2022-11-01,DTRSRX,Transportation services,476652
2022-12-01,DTRSRX,Transportation services,472483
2023-01-01,DTRSRX,Transportation services,475763
2023-02-01,DTRSRX,Transportation services,474363
2023-03-01,DTRSRX,Transportation services,475557
2023-04-01,DTRSRX,Transportation services,474444
2023-05-01,DTRSRX,Transportation services,475833
2023-06-01,DTRSRX,Transportation services,479820
2023-07-01,DTRSRX,Transportation services,480632
2023-08-01,DTRSRX,Transportation services,479395
2023-09-01,DTRSRX,Transportation services,483394
2023-10-01,DTRSRX,Transportation services,485269
2023-11-01,DTRSRX,Transportation services,484524
2023-12-01,DTRSRX,Transportation services,483921
2024-01-01,DTRSRX,Transportation services,478880
2024-02-01,DTRSRX,Transportation services,487844
2024-03-01,DTRSRX,Transportation services,489623
2024-04-01,DTRSRX,Transportation services,498871
2024-05-01,DTRSRX,Transportation services,508971
2024-06-01,DTRSRX,Transportation services,513912
2024-07-01,DTRSRX,Transportation services,507270
2024-08-01,DTRSRX,Transportation services,505245
2024-09-01,DTRSRX,Transportation services,500258
2024-10-01,DTRSRX,Transportation services,500318
2024-11-01,DTRSRX,Transportation services,502530
2024-12-01,DTRSRX,Transportation services,516589
2025-01-01,DTRSRX,Transportation services,507233
2025-02-01,DTRSRX,Transportation services,502773
2025-03-01,DTRSRX,Transportation services,511238
2025-04-01,DTRSRX,Transportation services,512817
2025-05-01,DTRSRX,Transportation services,517898
2025-06-01,DTRSRX,Transportation services,516734
2025-07-01,DTRSRX,Transportation services,517163
2025-08-01,DTRSRX,Transportation services,521349
2025-09-01,DTRSRX,Transportation services,522690
2025-10-01,DTRSRX,Transportation services,525177
2025-11-01,DTRSRX,Transportation services,521136
2025-12-01,DTRSRX,Transportation services,523893
2026-01-01,DTRSRX,Transportation services,521481
2026-02-01,DTRSRX,Transportation services,527028
2026-03-01,DTRSRX,Transportation services,523866
2026-04-01,DTRSRX,Transportation services,524486
2026-05-01,DTRSRX,Transportation services,526917
2026-06-01,DTRSRX,Transportation services,531022
2026-07-01,DTRSRX,Transportation services,534002
2015-01-01,DRCARX,Recreation services,520891
2015-02-01,DRCARX,Recreation services,518128
2015-03-01,DRCARX,Recreation services,515788
2015-04-01,DRCARX,Recreation services,522647
2015-05-01,DRCARX,Recreation services,525718
2015-06-01,DRCARX,Recreation services,522561
2015-07-01,DRCARX,Recreation services,521252
2015-08-01,DRCARX,Recreation services,522426
2015-09-01,DRCARX,Recreation services,528180
2015-10-01,DRCARX,Recreation services,532340
2015-11-01,DRCARX,Recreation services,537306
2015-12-01,DRCARX,Recreation services,542881
2016-01-01,DRCARX,Recreation services,541011
2016-02-01,DRCARX,Recreation services,543833
2016-03-01,DRCARX,Recreation services,535116
2016-04-01,DRCARX,Recreation services,537037
2016-05-01,DRCARX,Recreation services,536423
2016-06-01,DRCARX,Recreation services,536708
2016-07-01,DRCARX,Recreation services,545196
2016-08-01,DRCARX,Recreation services,542615
2016-09-01,DRCARX,Recreation services,546558
2016-10-01,DRCARX,Recreation services,549686
2016-11-01,DRCARX,Recreation services,551017
2016-12-01,DRCARX,Recreation services,552865
2017-01-01,DRCARX,Recreation services,557815
2017-02-01,DRCARX,Recreation services,555664
2017-03-01,DRCARX,Recreation services,562155
2017-04-01,DRCARX,Recreation services,558750
2017-05-01,DRCARX,Recreation services,557710
2017-06-01,DRCARX,Recreation services,558105
2017-07-01,DRCARX,Recreation services,559164
2017-08-01,DRCARX,Recreation services,553067
2017-09-01,DRCARX,Recreation services,547632
2017-10-01,DRCARX,Recreation services,547109
2017-11-01,DRCARX,Recreation services,551066
2017-12-01,DRCARX,Recreation services,554415
2018-01-01,DRCARX,Recreation services,558049
2018-02-01,DRCARX,Recreation services,565756
2018-03-01,DRCARX,Recreation services,563409
2018-04-01,DRCARX,Recreation services,564687
2018-05-01,DRCARX,Recreation services,562357
2018-06-01,DRCARX,Recreation services,563835
2018-07-01,DRCARX,Recreation services,563688
2018-08-01,DRCARX,Recreation services,567400
2018-09-01,DRCARX,Recreation services,566568
2018-10-01,DRCARX,Recreation services,563415
2018-11-01,DRCARX,Recreation services,561480
2018-12-01,DRCARX,Recreation services,565129
2019-01-01,DRCARX,Recreation services,562078
2019-02-01,DRCARX,Recreation services,564615
2019-03-01,DRCARX,Recreation services,571082
2019-04-01,DRCARX,Recreation services,568279
2019-05-01,DRCARX,Recreation services,571021
2019-06-01,DRCARX,Recreation services,576145
2019-07-01,DRCARX,Recreation services,573405
2019-08-01,DRCARX,Recreation services,578292
2019-09-01,DRCARX,Recreation services,577191
2019-10-01,DRCARX,Recreation services,578711
2019-11-01,DRCARX,Recreation services,579574
2019-12-01,DRCARX,Recreation services,576962
2020-01-01,DRCARX,Recreation services,577892
2020-02-01,DRCARX,Recreation services,569635
2020-03-01,DRCARX,Recreation services,447930
2020-04-01,DRCARX,Recreation services,319168
2020-05-01,DRCARX,Recreation services,336799
2020-06-01,DRCARX,Recreation services,420644
2020-07-01,DRCARX,Recreation services,424577
2020-08-01,DRCARX,Recreation services,431533
2020-09-01,DRCARX,Recreation services,445692
2020-10-01,DRCARX,Recreation services,447604
2020-11-01,DRCARX,Recreation services,440386
2020-12-01,DRCARX,Recreation services,435212
2021-01-01,DRCARX,Recreation services,461997
2021-02-01,DRCARX,Recreation services,461610
2021-03-01,DRCARX,Recreation services,488628
2021-04-01,DRCARX,Recreation services,506000
2021-05-01,DRCARX,Recreation services,515462
2021-06-01,DRCARX,Recreation services,521359
2021-07-01,DRCARX,Recreation services,541733
2021-08-01,DRCARX,Recreation services,540831
2021-09-01,DRCARX,Recreation services,557348
2021-10-01,DRCARX,Recreation services,568537
2021-11-01,DRCARX,Recreation services,572567
2021-12-01,DRCARX,Recreation services,569308
2022-01-01,DRCARX,Recreation services,555468
2022-02-01,DRCARX,Recreation services,561721
2022-03-01,DRCARX,Recreation services,575358
2022-04-01,DRCARX,Recreation services,582270
2022-05-01,DRCARX,Recreation services,587392
2022-06-01,DRCARX,Recreation services,588910
2022-07-01,DRCARX,Recreation services,588785
2022-08-01,DRCARX,Recreation services,589091
2022-09-01,DRCARX,Recreation services,594528
2022-10-01,DRCARX,Recreation services,601113
2022-11-01,DRCARX,Recreation services,602348
2022-12-01,DRCARX,Recreation services,600245
2023-01-01,DRCARX,Recreation services,606680
2023-02-01,DRCARX,Recreation services,603890
2023-03-01,DRCARX,Recreation services,603923
2023-04-01,DRCARX,Recreation services,606375
2023-05-01,DRCARX,Recreation services,603487
2023-06-01,DRCARX,Recreation services,614607
2023-07-01,DRCARX,Recreation services,616267
2023-08-01,DRCARX,Recreation services,611134
2023-09-01,DRCARX,Recreation services,606673
2023-10-01,DRCARX,Recreation services,606870
2023-11-01,DRCARX,Recreation services,608177
2023-12-01,DRCARX,Recreation services,609744
2024-01-01,DRCARX,Recreation services,602645
2024-02-01,DRCARX,Recreation services,613133
2024-03-01,DRCARX,Recreation services,614898
2024-04-01,DRCARX,Recreation services,610906
2024-05-01,DRCARX,Recreation services,613467
2024-06-01,DRCARX,Recreation services,615884
2024-07-01,DRCARX,Recreation services,612348
2024-08-01,DRCARX,Recreation services,618119
2024-09-01,DRCARX,Recreation services,619999
2024-10-01,DRCARX,Recreation services,620350
2024-11-01,DRCARX,Recreation services,628324
2024-12-01,DRCARX,Recreation services,630072
2025-01-01,DRCARX,Recreation services,622884
2025-02-01,DRCARX,Recreation services,611567
2025-03-01,DRCARX,Recreation services,612717
2025-04-01,DRCARX,Recreation services,618637
2025-05-01,DRCARX,Recreation services,623408
2025-06-01,DRCARX,Recreation services,622884
2025-07-01,DRCARX,Recreation services,626757
2025-08-01,DRCARX,Recreation services,635013
2025-09-01,DRCARX,Recreation services,633075
2025-10-01,DRCARX,Recreation services,637408
2025-11-01,DRCARX,Recreation services,637544
2025-12-01,DRCARX,Recreation services,638815
2026-01-01,DRCARX,Recreation services,636343
2026-02-01,DRCARX,Recreation services,634479
2026-03-01,DRCARX,Recreation services,635287
2026-04-01,DRCARX,Recreation services,641575
2026-05-01,DRCARX,Recreation services,643877
2026-06-01,DRCARX,Recreation services,652287
2026-07-01,DRCARX,Recreation services,652692
2015-01-01,DFSARX,Food services and accommodations,862007
2015-02-01,DFSARX,Food services and accommodations,859397
2015-03-01,DFSARX,Food services and accommodations,864552
2015-04-01,DFSARX,Food services and accommodations,870439
2015-05-01,DFSARX,Food services and accommodations,874610
2015-06-01,DFSARX,Food services and accommodations,875141
2015-07-01,DFSARX,Food services and accommodations,874032
2015-08-01,DFSARX,Food services and accommodations,876760
2015-09-01,DFSARX,Food services and accommodations,874878
2015-10-01,DFSARX,Food services and accommodations,878694
2015-11-01,DFSARX,Food services and accommodations,875541
2015-12-01,DFSARX,Food services and accommodations,889071
2016-01-01,DFSARX,Food services and accommodations,876298
2016-02-01,DFSARX,Food services and accommodations,890677
2016-03-01,DFSARX,Food services and accommodations,887395
2016-04-01,DFSARX,Food services and accommodations,889279
2016-05-01,DFSARX,Food services and accommodations,885120
2016-06-01,DFSARX,Food services and accommodations,883230
2016-07-01,DFSARX,Food services and accommodations,885570
2016-08-01,DFSARX,Food services and accommodations,888594
2016-09-01,DFSARX,Food services and accommodations,895856
2016-10-01,DFSARX,Food services and accommodations,890401
2016-11-01,DFSARX,Food services and accommodations,903712
2016-12-01,DFSARX,Food services and accommodations,888879
2017-01-01,DFSARX,Food services and accommodations,912161
2017-02-01,DFSARX,Food services and accommodations,908282
2017-03-01,DFSARX,Food services and accommodations,911807
2017-04-01,DFSARX,Food services and accommodations,908594
2017-05-01,DFSARX,Food services and accommodations,907559
2017-06-01,DFSARX,Food services and accommodations,907924
2017-07-01,DFSARX,Food services and accommodations,911223
2017-08-01,DFSARX,Food services and accommodations,911754
2017-09-01,DFSARX,Food services and accommodations,916865
2017-10-01,DFSARX,Food services and accommodations,914043
2017-11-01,DFSARX,Food services and accommodations,922789
2017-12-01,DFSARX,Food services and accommodations,925782
2018-01-01,DFSARX,Food services and accommodations,924788
2018-02-01,DFSARX,Food services and accommodations,926295
2018-03-01,DFSARX,Food services and accommodations,932642
2018-04-01,DFSARX,Food services and accommodations,922130
2018-05-01,DFSARX,Food services and accommodations,932950
2018-06-01,DFSARX,Food services and accommodations,946726
2018-07-01,DFSARX,Food services and accommodations,953070
2018-08-01,DFSARX,Food services and accommodations,953682
2018-09-01,DFSARX,Food services and accommodations,940220
2018-10-01,DFSARX,Food services and accommodations,947962
2018-11-01,DFSARX,Food services and accommodations,946835
2018-12-01,DFSARX,Food services and accommodations,940238
2019-01-01,DFSARX,Food services and accommodations,938794
2019-02-01,DFSARX,Food services and accommodations,937915
2019-03-01,DFSARX,Food services and accommodations,943392
2019-04-01,DFSARX,Food services and accommodations,943854
2019-05-01,DFSARX,Food services and accommodations,948413
2019-06-01,DFSARX,Food services and accommodations,955094
2019-07-01,DFSARX,Food services and accommodations,958876
2019-08-01,DFSARX,Food services and accommodations,961894
2019-09-01,DFSARX,Food services and accommodations,964665
2019-10-01,DFSARX,Food services and accommodations,971477
2019-11-01,DFSARX,Food services and accommodations,973691
2019-12-01,DFSARX,Food services and accommodations,983883
2020-01-01,DFSARX,Food services and accommodations,986157
2020-02-01,DFSARX,Food services and accommodations,977680
2020-03-01,DFSARX,Food services and accommodations,711499
2020-04-01,DFSARX,Food services and accommodations,469889
2020-05-01,DFSARX,Food services and accommodations,597282
2020-06-01,DFSARX,Food services and accommodations,731424
2020-07-01,DFSARX,Food services and accommodations,761357
2020-08-01,DFSARX,Food services and accommodations,806477
2020-09-01,DFSARX,Food services and accommodations,820600
2020-10-01,DFSARX,Food services and accommodations,817264
2020-11-01,DFSARX,Food services and accommodations,784076
2020-12-01,DFSARX,Food services and accommodations,754104
2021-01-01,DFSARX,Food services and accommodations,807077
2021-02-01,DFSARX,Food services and accommodations,788225
2021-03-01,DFSARX,Food services and accommodations,881864
2021-04-01,DFSARX,Food services and accommodations,909773
2021-05-01,DFSARX,Food services and accommodations,932693
2021-06-01,DFSARX,Food services and accommodations,960259
2021-07-01,DFSARX,Food services and accommodations,972637
2021-08-01,DFSARX,Food services and accommodations,975618
2021-09-01,DFSARX,Food services and accommodations,974040
2021-10-01,DFSARX,Food services and accommodations,969945
2021-11-01,DFSARX,Food services and accommodations,978283
2021-12-01,DFSARX,Food services and accommodations,968456
2022-01-01,DFSARX,Food services and accommodations,939732
2022-02-01,DFSARX,Food services and accommodations,972909
2022-03-01,DFSARX,Food services and accommodations,997932
2022-04-01,DFSARX,Food services and accommodations,1020579
2022-05-01,DFSARX,Food services and accommodations,1023356
2022-06-01,DFSARX,Food services and accommodations,1028825
2022-07-01,DFSARX,Food services and accommodations,1022344
2022-08-01,DFSARX,Food services and accommodations,1039507
2022-09-01,DFSARX,Food services and accommodations,1038085
2022-10-01,DFSARX,Food services and accommodations,1036823
2022-11-01,DFSARX,Food services and accommodations,1027675
2022-12-01,DFSARX,Food services and accommodations,1016652
2023-01-01,DFSARX,Food services and accommodations,1062691
2023-02-01,DFSARX,Food services and accommodations,1039438
2023-03-01,DFSARX,Food services and accommodations,1034542
2023-04-01,DFSARX,Food services and accommodations,1036381
2023-05-01,DFSARX,Food services and accommodations,1040729
2023-06-01,DFSARX,Food services and accommodations,1044830
2023-07-01,DFSARX,Food services and accommodations,1050847
2023-08-01,DFSARX,Food services and accommodations,1055637
2023-09-01,DFSARX,Food services and accommodations,1059643
2023-10-01,DFSARX,Food services and accommodations,1060210
2023-11-01,DFSARX,Food services and accommodations,1068646
2023-12-01,DFSARX,Food services and accommodations,1068623
2024-01-01,DFSARX,Food services and accommodations,1060289
2024-02-01,DFSARX,Food services and accommodations,1068384
2024-03-01,DFSARX,Food services and accommodations,1061581
2024-04-01,DFSARX,Food services and accommodations,1061905
2024-05-01,DFSARX,Food services and accommodations,1064486
2024-06-01,DFSARX,Food services and accommodations,1064497
2024-07-01,DFSARX,Food services and accommodations,1066275
2024-08-01,DFSARX,Food services and accommodations,1066766
2024-09-01,DFSARX,Food services and accommodations,1071540
2024-10-01,DFSARX,Food services and accommodations,1074842
2024-11-01,DFSARX,Food services and accommodations,1073485
2024-12-01,DFSARX,Food services and accommodations,1070869
2025-01-01,DFSARX,Food services and accommodations,1071060
2025-02-01,DFSARX,Food services and accommodations,1062025
2025-03-01,DFSARX,Food services and accommodations,1079642
2025-04-01,DFSARX,Food services and accommodations,1084840
2025-05-01,DFSARX,Food services and accommodations,1084307
2025-06-01,DFSARX,Food services and accommodations,1090132
2025-07-01,DFSARX,Food services and accommodations,1090109
2025-08-01,DFSARX,Food services and accommodations,1090013
2025-09-01,DFSARX,Food services and accommodations,1089317
2025-10-01,DFSARX,Food services and accommodations,1087738
2025-11-01,DFSARX,Food services and accommodations,1090697
2025-12-01,DFSARX,Food services and accommodations,1081381
2026-01-01,DFSARX,Food services and accommodations,1076975
2026-02-01,DFSARX,Food services and accommodations,1080104
2026-03-01,DFSARX,Food services and accommodations,1078857
2026-04-01,DFSARX,Food services and accommodations,1082735
2026-05-01,DFSARX,Food services and accommodations,1092683
2026-06-01,DFSARX,Food services and accommodations,1097085
2026-07-01,DFSARX,Food services and accommodations,1101142
2015-01-01,DIFSRX,Financial services and insurance,1065193
2015-02-01,DIFSRX,Financial services and insurance,1071092
2015-03-01,DIFSRX,Financial services and insurance,1076198
2015-04-01,DIFSRX,Financial services and insurance,1078819
2015-05-01,DIFSRX,Financial services and insurance,1079692
2015-06-01,DIFSRX,Financial services and insurance,1077094
2015-07-01,DIFSRX,Financial services and insurance,1073156
2015-08-01,DIFSRX,Financial services and insurance,1074350
2015-09-01,DIFSRX,Financial services and insurance,1068833
2015-10-01,DIFSRX,Financial services and insurance,1077494
2015-11-01,DIFSRX,Financial services and insurance,1071908
2015-12-01,DIFSRX,Financial services and insurance,1069515
2016-01-01,DIFSRX,Financial services and insurance,1059557
2016-02-01,DIFSRX,Financial services and insurance,1053320
2016-03-01,DIFSRX,Financial services and insurance,1044104
2016-04-01,DIFSRX,Financial services and insurance,1039252
2016-05-01,DIFSRX,Financial services and insurance,1038165
2016-06-01,DIFSRX,Financial services and insurance,1040099
2016-07-01,DIFSRX,Financial services and insurance,1045082
2016-08-01,DIFSRX,Financial services and insurance,1044292
2016-09-01,DIFSRX,Financial services and insurance,1048094
2016-10-01,DIFSRX,Financial services and insurance,1042607
2016-11-01,DIFSRX,Financial services and insurance,1050354
2016-12-01,DIFSRX,Financial services and insurance,1053060
2017-01-01,DIFSRX,Financial services and insurance,1057456
2017-02-01,DIFSRX,Financial services and insurance,1065725
2017-03-01,DIFSRX,Financial services and insurance,1072231
2017-04-01,DIFSRX,Financial services and insurance,1069301
2017-05-01,DIFSRX,Financial services and insurance,1069288
2017-06-01,DIFSRX,Financial services and insurance,1072154
2017-07-01,DIFSRX,Financial services and insurance,1075731
2017-08-01,DIFSRX,Financial services and insurance,1075902
2017-09-01,DIFSRX,Financial services and insurance,1078002
2017-10-01,DIFSRX,Financial services and insurance,1077925
2017-11-01,DIFSRX,Financial services and insurance,1081790
2017-12-01,DIFSRX,Financial services and insurance,1083041
2018-01-01,DIFSRX,Financial services and insurance,1079016
2018-02-01,DIFSRX,Financial services and insurance,1078936
2018-03-01,DIFSRX,Financial services and insurance,1076779
2018-04-01,DIFSRX,Financial services and insurance,1076599
2018-05-01,DIFSRX,Financial services and insurance,1076783
2018-06-01,DIFSRX,Financial services and insurance,1077858
2018-07-01,DIFSRX,Financial services and insurance,1074273
2018-08-01,DIFSRX,Financial services and insurance,1072706
2018-09-01,DIFSRX,Financial services and insurance,1068464
2018-10-01,DIFSRX,Financial services and insurance,1068706
2018-11-01,DIFSRX,Financial services and insurance,1066346
2018-12-01,DIFSRX,Financial services and insurance,1063817
2019-01-01,DIFSRX,Financial services and insurance,1065673
2019-02-01,DIFSRX,Financial services and insurance,1057027
2019-03-01,DIFSRX,Financial services and insurance,1057571
2019-04-01,DIFSRX,Financial services and insurance,1049746
2019-05-01,DIFSRX,Financial services and insurance,1046197
2019-06-01,DIFSRX,Financial services and insurance,1045556
2019-07-01,DIFSRX,Financial services and insurance,1041161
2019-08-01,DIFSRX,Financial services and insurance,1047344
2019-09-01,DIFSRX,Financial services and insurance,1046503
2019-10-01,DIFSRX,Financial services and insurance,1049133
2019-11-01,DIFSRX,Financial services and insurance,1052129
2019-12-01,DIFSRX,Financial services and insurance,1055666
2020-01-01,DIFSRX,Financial services and insurance,1050997
2020-02-01,DIFSRX,Financial services and insurance,1048624
2020-03-01,DIFSRX,Financial services and insurance,1052257
2020-04-01,DIFSRX,Financial services and insurance,1038908
2020-05-01,DIFSRX,Financial services and insurance,1031744
2020-06-01,DIFSRX,Financial services and insurance,1048067
2020-07-01,DIFSRX,Financial services and insurance,1046175
2020-08-01,DIFSRX,Financial services and insurance,1053846
2020-09-01,DIFSRX,Financial services and insurance,1058376
2020-10-01,DIFSRX,Financial services and insurance,1065258
2020-11-01,DIFSRX,Financial services and insurance,1079037
2020-12-01,DIFSRX,Financial services and insurance,1083103
2021-01-01,DIFSRX,Financial services and insurance,1084883
2021-02-01,DIFSRX,Financial services and insurance,1087924
2021-03-01,DIFSRX,Financial services and insurance,1092066
2021-04-01,DIFSRX,Financial services and insurance,1088755
2021-05-01,DIFSRX,Financial services and insurance,1089023
2021-06-01,DIFSRX,Financial services and insurance,1089757
2021-07-01,DIFSRX,Financial services and insurance,1094965
2021-08-01,DIFSRX,Financial services and insurance,1092770
2021-09-01,DIFSRX,Financial services and insurance,1091164
2021-10-01,DIFSRX,Financial services and insurance,1100166
2021-11-01,DIFSRX,Financial services and insurance,1098235
2021-12-01,DIFSRX,Financial services and insurance,1098374
2022-01-01,DIFSRX,Financial services and insurance,1087740
2022-02-01,DIFSRX,Financial services and insurance,1085902
2022-03-01,DIFSRX,Financial services and insurance,1083128
2022-04-01,DIFSRX,Financial services and insurance,1080317
2022-05-01,DIFSRX,Financial services and insurance,1077910
2022-06-01,DIFSRX,Financial services and insurance,1078627
2022-07-01,DIFSRX,Financial services and insurance,1088005
2022-08-01,DIFSRX,Financial services and insurance,1096827
2022-09-01,DIFSRX,Financial services and insurance,1090630
2022-10-01,DIFSRX,Financial services and insurance,1090201
2022-11-01,DIFSRX,Financial services and insurance,1098428
2022-12-01,DIFSRX,Financial services and insurance,1098193
2023-01-01,DIFSRX,Financial services and insurance,1100943
2023-02-01,DIFSRX,Financial services and insurance,1104031
2023-03-01,DIFSRX,Financial services and insurance,1110355
2023-04-01,DIFSRX,Financial services and insurance,1121799
2023-05-01,DIFSRX,Financial services and insurance,1126730
2023-06-01,DIFSRX,Financial services and insurance,1137828
2023-07-01,DIFSRX,Financial services and insurance,1137451
2023-08-01,DIFSRX,Financial services and insurance,1129661
2023-09-01,DIFSRX,Financial services and insurance,1117201
2023-10-01,DIFSRX,Financial services and insurance,1116106
2023-11-01,DIFSRX,Financial services and insurance,1128394
2023-12-01,DIFSRX,Financial services and insurance,1144870
2024-01-01,DIFSRX,Financial services and insurance,1140467
2024-02-01,DIFSRX,Financial services and insurance,1145539
2024-03-01,DIFSRX,Financial services and insurance,1150112
2024-04-01,DIFSRX,Financial services and insurance,1146132
2024-05-01,DIFSRX,Financial services and insurance,1144339
2024-06-01,DIFSRX,Financial services and insurance,1142510
2024-07-01,DIFSRX,Financial services and insurance,1144908
2024-08-01,DIFSRX,Financial services and insurance,1153029
2024-09-01,DIFSRX,Financial services and insurance,1156786
2024-10-01,DIFSRX,Financial services and insurance,1156236
2024-11-01,DIFSRX,Financial services and insurance,1163799
2024-12-01,DIFSRX,Financial services and insurance,1162693
2025-01-01,DIFSRX,Financial services and insurance,1158634
2025-02-01,DIFSRX,Financial services and insurance,1160638
2025-03-01,DIFSRX,Financial services and insurance,1161731
2025-04-01,DIFSRX,Financial services and insurance,1171405
2025-05-01,DIFSRX,Financial services and insurance,1171750
2025-06-01,DIFSRX,Financial services and insurance,1178804
2025-07-01,DIFSRX,Financial services and insurance,1181870
2025-08-01,DIFSRX,Financial services and insurance,1178839
2025-09-01,DIFSRX,Financial services and insurance,1184663
2025-10-01,DIFSRX,Financial services and insurance,1193283
2025-11-01,DIFSRX,Financial services and insurance,1192968
2025-12-01,DIFSRX,Financial services and insurance,1198959
2026-01-01,DIFSRX,Financial services and insurance,1199673
2026-02-01,DIFSRX,Financial services and insurance,1198378
2026-03-01,DIFSRX,Financial services and insurance,1198186
2026-04-01,DIFSRX,Financial services and insurance,1200178
2026-05-01,DIFSRX,Financial services and insurance,1205191
2026-06-01,DIFSRX,Financial services and insurance,1214181
2026-07-01,DIFSRX,Financial services and insurance,1215863
2015-01-01,DOTSRX,Other services,1019942
2015-02-01,DOTSRX,Other services,1018029
2015-03-01,DOTSRX,Other services,1020941
2015-04-01,DOTSRX,Other services,1034320
2015-05-01,DOTSRX,Other services,1036661
2015-06-01,DOTSRX,Other services,1032883
2015-07-01,DOTSRX,Other services,1039122
2015-08-01,DOTSRX,Other services,1037659
2015-09-01,DOTSRX,Other services,1038922
2015-10-01,DOTSRX,Other services,1044827
2015-11-01,DOTSRX,Other services,1041477
2015-12-01,DOTSRX,Other services,1042863
2016-01-01,DOTSRX,Other services,1054367
2016-02-01,DOTSRX,Other services,1062893
2016-03-01,DOTSRX,Other services,1062132
2016-04-01,DOTSRX,Other services,1064631
2016-05-01,DOTSRX,Other services,1062565
2016-06-01,DOTSRX,Other services,1066787
2016-07-01,DOTSRX,Other services,1074205
2016-08-01,DOTSRX,Other services,1076254
2016-09-01,DOTSRX,Other services,1074829
2016-10-01,DOTSRX,Other services,1073930
2016-11-01,DOTSRX,Other services,1074521
2016-12-01,DOTSRX,Other services,1089102
2017-01-01,DOTSRX,Other services,1100214
2017-02-01,DOTSRX,Other services,1102928
2017-03-01,DOTSRX,Other services,1109853
2017-04-01,DOTSRX,Other services,1108007
2017-05-01,DOTSRX,Other services,1115705
2017-06-01,DOTSRX,Other services,1112597
2017-07-01,DOTSRX,Other services,1120777
2017-08-01,DOTSRX,Other services,1117421
2017-09-01,DOTSRX,Other services,1115807
2017-10-01,DOTSRX,Other services,1124097
2017-11-01,DOTSRX,Other services,1126725
2017-12-01,DOTSRX,Other services,1131257
2018-01-01,DOTSRX,Other services,1121414
2018-02-01,DOTSRX,Other services,1123696
2018-03-01,DOTSRX,Other services,1134055
2018-04-01,DOTSRX,Other services,1150376
2018-05-01,DOTSRX,Other services,1153681
2018-06-01,DOTSRX,Other services,1159931
2018-07-01,DOTSRX,Other services,1155427
2018-08-01,DOTSRX,Other services,1155557
2018-09-01,DOTSRX,Other services,1156924
2018-10-01,DOTSRX,Other services,1167421
2018-11-01,DOTSRX,Other services,1172253
2018-12-01,DOTSRX,Other services,1169748
2019-01-01,DOTSRX,Other services,1174746
2019-02-01,DOTSRX,Other services,1175202
2019-03-01,DOTSRX,Other services,1178154
2019-04-01,DOTSRX,Other services,1178710
2019-05-01,DOTSRX,Other services,1174955
2019-06-01,DOTSRX,Other services,1181596
2019-07-01,DOTSRX,Other services,1196905
2019-08-01,DOTSRX,Other services,1203736
2019-09-01,DOTSRX,Other services,1208768
2019-10-01,DOTSRX,Other services,1202061
2019-11-01,DOTSRX,Other services,1213024
2019-12-01,DOTSRX,Other services,1233729
2020-01-01,DOTSRX,Other services,1290273
2020-02-01,DOTSRX,Other services,1227091
2020-03-01,DOTSRX,Other services,1097257
2020-04-01,DOTSRX,Other services,995766
2020-05-01,DOTSRX,Other services,1042251
2020-06-01,DOTSRX,Other services,1086891
2020-07-01,DOTSRX,Other services,1109320
2020-08-01,DOTSRX,Other services,1123300
2020-09-01,DOTSRX,Other services,1127377
2020-10-01,DOTSRX,Other services,1148233
2020-11-01,DOTSRX,Other services,1159848
2020-12-01,DOTSRX,Other services,1165645
2021-01-01,DOTSRX,Other services,1182853
2021-02-01,DOTSRX,Other services,1183013
2021-03-01,DOTSRX,Other services,1205926
2021-04-01,DOTSRX,Other services,1225142
2021-05-01,DOTSRX,Other services,1232828
2021-06-01,DOTSRX,Other services,1257625
2021-07-01,DOTSRX,Other services,1277670
2021-08-01,DOTSRX,Other services,1294133
2021-09-01,DOTSRX,Other services,1285473
2021-10-01,DOTSRX,Other services,1297366
2021-11-01,DOTSRX,Other services,1290526
2021-12-01,DOTSRX,Other services,1291201
2022-01-01,DOTSRX,Other services,1301584
2022-02-01,DOTSRX,Other services,1300355
2022-03-01,DOTSRX,Other services,1301749
2022-04-01,DOTSRX,Other services,1302685
2022-05-01,DOTSRX,Other services,1319029
2022-06-01,DOTSRX,Other services,1335579
2022-07-01,DOTSRX,Other services,1349311
2022-08-01,DOTSRX,Other services,1355003
2022-09-01,DOTSRX,Other services,1358507
2022-10-01,DOTSRX,Other services,1347933
2022-11-01,DOTSRX,Other services,1350853
2022-12-01,DOTSRX,Other services,1353468
2023-01-01,DOTSRX,Other services,1365189
2023-02-01,DOTSRX,Other services,1367056
2023-03-01,DOTSRX,Other services,1372038
2023-04-01,DOTSRX,Other services,1371293
2023-05-01,DOTSRX,Other services,1370515
2023-06-01,DOTSRX,Other services,1369146
2023-07-01,DOTSRX,Other services,1366361
2023-08-01,DOTSRX,Other services,1365912
2023-09-01,DOTSRX,Other services,1377204
2023-10-01,DOTSRX,Other services,1389995
2023-11-01,DOTSRX,Other services,1395616
2023-12-01,DOTSRX,Other services,1400982
2024-01-01,DOTSRX,Other services,1400833
2024-02-01,DOTSRX,Other services,1408350
2024-03-01,DOTSRX,Other services,1401341
2024-04-01,DOTSRX,Other services,1408295
2024-05-01,DOTSRX,Other services,1406703
2024-06-01,DOTSRX,Other services,1410131
2024-07-01,DOTSRX,Other services,1413154
2024-08-01,DOTSRX,Other services,1416867
2024-09-01,DOTSRX,Other services,1420752
2024-10-01,DOTSRX,Other services,1434252
2024-11-01,DOTSRX,Other services,1439360
2024-12-01,DOTSRX,Other services,1443176
2025-01-01,DOTSRX,Other services,1443920
2025-02-01,DOTSRX,Other services,1445288
2025-03-01,DOTSRX,Other services,1457971
2025-04-01,DOTSRX,Other services,1453478
2025-05-01,DOTSRX,Other services,1453808
2025-06-01,DOTSRX,Other services,1455564
2025-07-01,DOTSRX,Other services,1472828
2025-08-01,DOTSRX,Other services,1473077
2025-09-01,DOTSRX,Other services,1483394
2025-10-01,DOTSRX,Other services,1488154
2025-11-01,DOTSRX,Other services,1484031
2025-12-01,DOTSRX,Other services,1492011
2026-01-01,DOTSRX,Other services,1483569
2026-02-01,DOTSRX,Other services,1476819
2026-03-01,DOTSRX,Other services,1480894
2026-04-01,DOTSRX,Other services,1486778
2026-05-01,DOTSRX,Other services,1483687
2026-06-01,DOTSRX,Other services,1477414
2026-07-01,DOTSRX,Other services,1480754
2015-01-01,DNPIRX,Final consumption expenditures of nonprofit institutions serving households (NPISHs),378110
2015-02-01,DNPIRX,Final consumption expenditures of nonprofit institutions serving households (NPISHs),373895
2015-03-01,DNPIRX,Final consumption expenditures of nonprofit institutions serving households (NPISHs),374099
2015-04-01,DNPIRX,Final consumption expenditures of nonprofit institutions serving households (NPISHs),377118
2015-05-01,DNPIRX,Final consumption expenditures of nonprofit institutions serving households (NPISHs),375971
2015-06-01,DNPIRX,Final consumption expenditures of nonprofit institutions serving households (NPISHs),377814
2015-07-01,DNPIRX,Final consumption expenditures of nonprofit institutions serving households (NPISHs),383635
2015-08-01,DNPIRX,Final consumption expenditures of nonprofit institutions serving households (NPISHs),385528
2015-09-01,DNPIRX,Final consumption expenditures of nonprofit institutions serving households (NPISHs),390096
2015-10-01,DNPIRX,Final consumption expenditures of nonprofit institutions serving households (NPISHs),392512
2015-11-01,DNPIRX,Final consumption expenditures of nonprofit institutions serving households (NPISHs),398078
2015-12-01,DNPIRX,Final consumption expenditures of nonprofit institutions serving households (NPISHs),397792
2016-01-01,DNPIRX,Final consumption expenditures of nonprofit institutions serving households (NPISHs),397389
2016-02-01,DNPIRX,Final consumption expenditures of nonprofit institutions serving households (NPISHs),393616
2016-03-01,DNPIRX,Final consumption expenditures of nonprofit institutions serving households (NPISHs),392770
2016-04-01,DNPIRX,Final consumption expenditures of nonprofit institutions serving households (NPISHs),386277
2016-05-01,DNPIRX,Final consumption expenditures of nonprofit institutions serving households (NPISHs),388392
2016-06-01,DNPIRX,Final consumption expenditures of nonprofit institutions serving households (NPISHs),393024
2016-07-01,DNPIRX,Final consumption expenditures of nonprofit institutions serving households (NPISHs),400539
2016-08-01,DNPIRX,Final consumption expenditures of nonprofit institutions serving households (NPISHs),403553
2016-09-01,DNPIRX,Final consumption expenditures of nonprofit institutions serving households (NPISHs),406508
2016-10-01,DNPIRX,Final consumption expenditures of nonprofit institutions serving households (NPISHs),404248
2016-11-01,DNPIRX,Final consumption expenditures of nonprofit institutions serving households (NPISHs),404922
2016-12-01,DNPIRX,Final consumption expenditures of nonprofit institutions serving households (NPISHs),403626
2017-01-01,DNPIRX,Final consumption expenditures of nonprofit institutions serving households (NPISHs),403584
2017-02-01,DNPIRX,Final consumption expenditures of nonprofit institutions serving households (NPISHs),399717
2017-03-01,DNPIRX,Final consumption expenditures of nonprofit institutions serving households (NPISHs),402723
2017-04-01,DNPIRX,Final consumption expenditures of nonprofit institutions serving households (NPISHs),399250
2017-05-01,DNPIRX,Final consumption expenditures of nonprofit institutions serving households (NPISHs),400456
2017-06-01,DNPIRX,Final consumption expenditures of nonprofit institutions serving households (NPISHs),399099
2017-07-01,DNPIRX,Final consumption expenditures of nonprofit institutions serving households (NPISHs),393303
2017-08-01,DNPIRX,Final consumption expenditures of nonprofit institutions serving households (NPISHs),389924
2017-09-01,DNPIRX,Final consumption expenditures of nonprofit institutions serving households (NPISHs),387647
2017-10-01,DNPIRX,Final consumption expenditures of nonprofit institutions serving households (NPISHs),393678
2017-11-01,DNPIRX,Final consumption expenditures of nonprofit institutions serving households (NPISHs),392879
2017-12-01,DNPIRX,Final consumption expenditures of nonprofit institutions serving households (NPISHs),394724
2018-01-01,DNPIRX,Final consumption expenditures of nonprofit institutions serving households (NPISHs),395913
2018-02-01,DNPIRX,Final consumption expenditures of nonprofit institutions serving households (NPISHs),402345
2018-03-01,DNPIRX,Final consumption expenditures of nonprofit institutions serving households (NPISHs),405774
2018-04-01,DNPIRX,Final consumption expenditures of nonprofit institutions serving households (NPISHs),411490
2018-05-01,DNPIRX,Final consumption expenditures of nonprofit institutions serving households (NPISHs),411405
2018-06-01,DNPIRX,Final consumption expenditures of nonprofit institutions serving households (NPISHs),410661
2018-07-01,DNPIRX,Final consumption expenditures of nonprofit institutions serving households (NPISHs),410149
2018-08-01,DNPIRX,Final consumption expenditures of nonprofit institutions serving households (NPISHs),412094
2018-09-01,DNPIRX,Final consumption expenditures of nonprofit institutions serving households (NPISHs),420343
2018-10-01,DNPIRX,Final consumption expenditures of nonprofit institutions serving households (NPISHs),434646
2018-11-01,DNPIRX,Final consumption expenditures of nonprofit institutions serving households (NPISHs),438702
2018-12-01,DNPIRX,Final consumption expenditures of nonprofit institutions serving households (NPISHs),431000
2019-01-01,DNPIRX,Final consumption expenditures of nonprofit institutions serving households (NPISHs),403630
2019-02-01,DNPIRX,Final consumption expenditures of nonprofit institutions serving households (NPISHs),389664
2019-03-01,DNPIRX,Final consumption expenditures of nonprofit institutions serving households (NPISHs),386436
2019-04-01,DNPIRX,Final consumption expenditures of nonprofit institutions serving households (NPISHs),396370
2019-05-01,DNPIRX,Final consumption expenditures of nonprofit institutions serving households (NPISHs),402722
2019-06-01,DNPIRX,Final consumption expenditures of nonprofit institutions serving households (NPISHs),403880
2019-07-01,DNPIRX,Final consumption expenditures of nonprofit institutions serving households (NPISHs),406573
2019-08-01,DNPIRX,Final consumption expenditures of nonprofit institutions serving households (NPISHs),406794
2019-09-01,DNPIRX,Final consumption expenditures of nonprofit institutions serving households (NPISHs),405600
2019-10-01,DNPIRX,Final consumption expenditures of nonprofit institutions serving households (NPISHs),404806
2019-11-01,DNPIRX,Final consumption expenditures of nonprofit institutions serving households (NPISHs),407055
2019-12-01,DNPIRX,Final consumption expenditures of nonprofit institutions serving households (NPISHs),404263
2020-01-01,DNPIRX,Final consumption expenditures of nonprofit institutions serving households (NPISHs),417305
2020-02-01,DNPIRX,Final consumption expenditures of nonprofit institutions serving households (NPISHs),424217
2020-03-01,DNPIRX,Final consumption expenditures of nonprofit institutions serving households (NPISHs),559676
2020-04-01,DNPIRX,Final consumption expenditures of nonprofit institutions serving households (NPISHs),616843
2020-05-01,DNPIRX,Final consumption expenditures of nonprofit institutions serving households (NPISHs),487635
2020-06-01,DNPIRX,Final consumption expenditures of nonprofit institutions serving households (NPISHs),413846
2020-07-01,DNPIRX,Final consumption expenditures of nonprofit institutions serving households (NPISHs),418872
2020-08-01,DNPIRX,Final consumption expenditures of nonprofit institutions serving households (NPISHs),441055
2020-09-01,DNPIRX,Final consumption expenditures of nonprofit institutions serving households (NPISHs),452991
2020-10-01,DNPIRX,Final consumption expenditures of nonprofit institutions serving households (NPISHs),438059
2020-11-01,DNPIRX,Final consumption expenditures of nonprofit institutions serving households (NPISHs),421537
2020-12-01,DNPIRX,Final consumption expenditures of nonprofit institutions serving households (NPISHs),426652
2021-01-01,DNPIRX,Final consumption expenditures of nonprofit institutions serving households (NPISHs),410615
2021-02-01,DNPIRX,Final consumption expenditures of nonprofit institutions serving households (NPISHs),406391
2021-03-01,DNPIRX,Final consumption expenditures of nonprofit institutions serving households (NPISHs),396373
2021-04-01,DNPIRX,Final consumption expenditures of nonprofit institutions serving households (NPISHs),385620
2021-05-01,DNPIRX,Final consumption expenditures of nonprofit institutions serving households (NPISHs),374896
2021-06-01,DNPIRX,Final consumption expenditures of nonprofit institutions serving households (NPISHs),373973
2021-07-01,DNPIRX,Final consumption expenditures of nonprofit institutions serving households (NPISHs),378176
2021-08-01,DNPIRX,Final consumption expenditures of nonprofit institutions serving households (NPISHs),381051
2021-09-01,DNPIRX,Final consumption expenditures of nonprofit institutions serving households (NPISHs),383924
2021-10-01,DNPIRX,Final consumption expenditures of nonprofit institutions serving households (NPISHs),386122
2021-11-01,DNPIRX,Final consumption expenditures of nonprofit institutions serving households (NPISHs),394545
2021-12-01,DNPIRX,Final consumption expenditures of nonprofit institutions serving households (NPISHs),398092
2022-01-01,DNPIRX,Final consumption expenditures of nonprofit institutions serving households (NPISHs),407255
2022-02-01,DNPIRX,Final consumption expenditures of nonprofit institutions serving households (NPISHs),415965
2022-03-01,DNPIRX,Final consumption expenditures of nonprofit institutions serving households (NPISHs),419279
2022-04-01,DNPIRX,Final consumption expenditures of nonprofit institutions serving households (NPISHs),426346
2022-05-01,DNPIRX,Final consumption expenditures of nonprofit institutions serving households (NPISHs),431488
2022-06-01,DNPIRX,Final consumption expenditures of nonprofit institutions serving households (NPISHs),433838
2022-07-01,DNPIRX,Final consumption expenditures of nonprofit institutions serving households (NPISHs),438309
2022-08-01,DNPIRX,Final consumption expenditures of nonprofit institutions serving households (NPISHs),437861
2022-09-01,DNPIRX,Final consumption expenditures of nonprofit institutions serving households (NPISHs),433062
2022-10-01,DNPIRX,Final consumption expenditures of nonprofit institutions serving households (NPISHs),425995
2022-11-01,DNPIRX,Final consumption expenditures of nonprofit institutions serving households (NPISHs),423331
2022-12-01,DNPIRX,Final consumption expenditures of nonprofit institutions serving households (NPISHs),419383
2023-01-01,DNPIRX,Final consumption expenditures of nonprofit institutions serving households (NPISHs),413390
2023-02-01,DNPIRX,Final consumption expenditures of nonprofit institutions serving households (NPISHs),405403
2023-03-01,DNPIRX,Final consumption expenditures of nonprofit institutions serving households (NPISHs),405879
2023-04-01,DNPIRX,Final consumption expenditures of nonprofit institutions serving households (NPISHs),405555
2023-05-01,DNPIRX,Final consumption expenditures of nonprofit institutions serving households (NPISHs),405262
2023-06-01,DNPIRX,Final consumption expenditures of nonprofit institutions serving households (NPISHs),404414
2023-07-01,DNPIRX,Final consumption expenditures of nonprofit institutions serving households (NPISHs),403026
2023-08-01,DNPIRX,Final consumption expenditures of nonprofit institutions serving households (NPISHs),402936
2023-09-01,DNPIRX,Final consumption expenditures of nonprofit institutions serving households (NPISHs),400020
2023-10-01,DNPIRX,Final consumption expenditures of nonprofit institutions serving households (NPISHs),402336
2023-11-01,DNPIRX,Final consumption expenditures of nonprofit institutions serving households (NPISHs),403601
2023-12-01,DNPIRX,Final consumption expenditures of nonprofit institutions serving households (NPISHs),404684
2024-01-01,DNPIRX,Final consumption expenditures of nonprofit institutions serving households (NPISHs),407858
2024-02-01,DNPIRX,Final consumption expenditures of nonprofit institutions serving households (NPISHs),413362
2024-03-01,DNPIRX,Final consumption expenditures of nonprofit institutions serving households (NPISHs),417822
2024-04-01,DNPIRX,Final consumption expenditures of nonprofit institutions serving households (NPISHs),419195
2024-05-01,DNPIRX,Final consumption expenditures of nonprofit institutions serving households (NPISHs),423475
2024-06-01,DNPIRX,Final consumption expenditures of nonprofit institutions serving households (NPISHs),428825
2024-07-01,DNPIRX,Final consumption expenditures of nonprofit institutions serving households (NPISHs),433337
2024-08-01,DNPIRX,Final consumption expenditures of nonprofit institutions serving households (NPISHs),433385
2024-09-01,DNPIRX,Final consumption expenditures of nonprofit institutions serving households (NPISHs),431251
2024-10-01,DNPIRX,Final consumption expenditures of nonprofit institutions serving households (NPISHs),428198
2024-11-01,DNPIRX,Final consumption expenditures of nonprofit institutions serving households (NPISHs),425706
2024-12-01,DNPIRX,Final consumption expenditures of nonprofit institutions serving households (NPISHs),418413
2025-01-01,DNPIRX,Final consumption expenditures of nonprofit institutions serving households (NPISHs),413036
2025-02-01,DNPIRX,Final consumption expenditures of nonprofit institutions serving households (NPISHs),411153
2025-03-01,DNPIRX,Final consumption expenditures of nonprofit institutions serving households (NPISHs),412658
2025-04-01,DNPIRX,Final consumption expenditures of nonprofit institutions serving households (NPISHs),405761
2025-05-01,DNPIRX,Final consumption expenditures of nonprofit institutions serving households (NPISHs),403392
2025-06-01,DNPIRX,Final consumption expenditures of nonprofit institutions serving households (NPISHs),398319
2025-07-01,DNPIRX,Final consumption expenditures of nonprofit institutions serving households (NPISHs),405074
2025-08-01,DNPIRX,Final consumption expenditures of nonprofit institutions serving households (NPISHs),407370
2025-09-01,DNPIRX,Final consumption expenditures of nonprofit institutions serving households (NPISHs),409249
2025-10-01,DNPIRX,Final consumption expenditures of nonprofit institutions serving households (NPISHs),415493
2025-11-01,DNPIRX,Final consumption expenditures of nonprofit institutions serving households (NPISHs),412854
2025-12-01,DNPIRX,Final consumption expenditures of nonprofit institutions serving households (NPISHs),415332
2026-01-01,DNPIRX,Final consumption expenditures of nonprofit institutions serving households (NPISHs),425895
2026-02-01,DNPIRX,Final consumption expenditures of nonprofit institutions serving households (NPISHs),430488
2026-03-01,DNPIRX,Final consumption expenditures of nonprofit institutions serving households (NPISHs),437901
2026-04-01,DNPIRX,Final consumption expenditures of nonprofit institutions serving households (NPISHs),431887
2026-05-01,DNPIRX,Final consumption expenditures of nonprofit institutions serving households (NPISHs),426751
2026-06-01,DNPIRX,Final consumption expenditures of nonprofit institutions serving households (NPISHs),429446
2026-07-01,DNPIRX,Final consumption expenditures of nonprofit institutions serving households (NPISHs),432932
2015-01-01,DNPERX,Gross output of nonprofit institutions,1427653
2015-02-01,DNPERX,Gross output of nonprofit institutions,1426147
2015-03-01,DNPERX,Gross output of nonprofit institutions,1427104
2015-04-01,DNPERX,Gross output of nonprofit institutions,1428285
2015-05-01,DNPERX,Gross output of nonprofit institutions,1427775
2015-06-01,DNPERX,Gross output of nonprofit institutions,1429050
2015-07-01,DNPERX,Gross output of nonprofit institutions,1432598
2015-08-01,DNPERX,Gross output of nonprofit institutions,1432299
2015-09-01,DNPERX,Gross output of nonprofit institutions,1435875
2015-10-01,DNPERX,Gross output of nonprofit institutions,1442635
2015-11-01,DNPERX,Gross output of nonprofit institutions,1449042
2015-12-01,DNPERX,Gross output of nonprofit institutions,1452987
2016-01-01,DNPERX,Gross output of nonprofit institutions,1458319
2016-02-01,DNPERX,Gross output of nonprofit institutions,1462684
2016-03-01,DNPERX,Gross output of nonprofit institutions,1469340
2016-04-01,DNPERX,Gross output of nonprofit institutions,1475398
2016-05-01,DNPERX,Gross output of nonprofit institutions,1481283
2016-06-01,DNPERX,Gross output of nonprofit institutions,1485610
2016-07-01,DNPERX,Gross output of nonprofit institutions,1487045
2016-08-01,DNPERX,Gross output of nonprofit institutions,1490028
2016-09-01,DNPERX,Gross output of nonprofit institutions,1496812
2016-10-01,DNPERX,Gross output of nonprofit institutions,1500286
2016-11-01,DNPERX,Gross output of nonprofit institutions,1506093
2016-12-01,DNPERX,Gross output of nonprofit institutions,1508047
2017-01-01,DNPERX,Gross output of nonprofit institutions,1510209
2017-02-01,DNPERX,Gross output of nonprofit institutions,1504589
2017-03-01,DNPERX,Gross output of nonprofit institutions,1502372
2017-04-01,DNPERX,Gross output of nonprofit institutions,1491925
2017-05-01,DNPERX,Gross output of nonprofit institutions,1490919
2017-06-01,DNPERX,Gross output of nonprofit institutions,1492642
2017-07-01,DNPERX,Gross output of nonprofit institutions,1496702
2017-08-01,DNPERX,Gross output of nonprofit institutions,1501128
2017-09-01,DNPERX,Gross output of nonprofit institutions,1504098
2017-10-01,DNPERX,Gross output of nonprofit institutions,1506766
2017-11-01,DNPERX,Gross output of nonprofit institutions,1506910
2017-12-01,DNPERX,Gross output of nonprofit institutions,1505809
2018-01-01,DNPERX,Gross output of nonprofit institutions,1505264
2018-02-01,DNPERX,Gross output of nonprofit institutions,1512687
2018-03-01,DNPERX,Gross output of nonprofit institutions,1522669
2018-04-01,DNPERX,Gross output of nonprofit institutions,1534809
2018-05-01,DNPERX,Gross output of nonprofit institutions,1543190
2018-06-01,DNPERX,Gross output of nonprofit institutions,1551613
2018-07-01,DNPERX,Gross output of nonprofit institutions,1560435
2018-08-01,DNPERX,Gross output of nonprofit institutions,1563718
2018-09-01,DNPERX,Gross output of nonprofit institutions,1560940
2018-10-01,DNPERX,Gross output of nonprofit institutions,1556480
2018-11-01,DNPERX,Gross output of nonprofit institutions,1554454
2018-12-01,DNPERX,Gross output of nonprofit institutions,1556017
2019-01-01,DNPERX,Gross output of nonprofit institutions,1551976
2019-02-01,DNPERX,Gross output of nonprofit institutions,1553030
2019-03-01,DNPERX,Gross output of nonprofit institutions,1557863
2019-04-01,DNPERX,Gross output of nonprofit institutions,1560802
2019-05-01,DNPERX,Gross output of nonprofit institutions,1562844
2019-06-01,DNPERX,Gross output of nonprofit institutions,1561536
2019-07-01,DNPERX,Gross output of nonprofit institutions,1567850
2019-08-01,DNPERX,Gross output of nonprofit institutions,1573075
2019-09-01,DNPERX,Gross output of nonprofit institutions,1574627
2019-10-01,DNPERX,Gross output of nonprofit institutions,1573022
2019-11-01,DNPERX,Gross output of nonprofit institutions,1577445
2019-12-01,DNPERX,Gross output of nonprofit institutions,1577095
2020-01-01,DNPERX,Gross output of nonprofit institutions,1589982
2020-02-01,DNPERX,Gross output of nonprofit institutions,1592983
2020-03-01,DNPERX,Gross output of nonprofit institutions,1550489
2020-04-01,DNPERX,Gross output of nonprofit institutions,1488600
2020-05-01,DNPERX,Gross output of nonprofit institutions,1492303
2020-06-01,DNPERX,Gross output of nonprofit institutions,1503243
2020-07-01,DNPERX,Gross output of nonprofit institutions,1520464
2020-08-01,DNPERX,Gross output of nonprofit institutions,1543462
2020-09-01,DNPERX,Gross output of nonprofit institutions,1557639
2020-10-01,DNPERX,Gross output of nonprofit institutions,1569757
2020-11-01,DNPERX,Gross output of nonprofit institutions,1573190
2020-12-01,DNPERX,Gross output of nonprofit institutions,1577500
2021-01-01,DNPERX,Gross output of nonprofit institutions,1556049
2021-02-01,DNPERX,Gross output of nonprofit institutions,1540391
2021-03-01,DNPERX,Gross output of nonprofit institutions,1541608
2021-04-01,DNPERX,Gross output of nonprofit institutions,1556750
2021-05-01,DNPERX,Gross output of nonprofit institutions,1565422
2021-06-01,DNPERX,Gross output of nonprofit institutions,1577220
2021-07-01,DNPERX,Gross output of nonprofit institutions,1573103
2021-08-01,DNPERX,Gross output of nonprofit institutions,1576805
2021-09-01,DNPERX,Gross output of nonprofit institutions,1583871
2021-10-01,DNPERX,Gross output of nonprofit institutions,1594686
2021-11-01,DNPERX,Gross output of nonprofit institutions,1606583
2021-12-01,DNPERX,Gross output of nonprofit institutions,1606297
2022-01-01,DNPERX,Gross output of nonprofit institutions,1600703
2022-02-01,DNPERX,Gross output of nonprofit institutions,1601131
2022-03-01,DNPERX,Gross output of nonprofit institutions,1597959
2022-04-01,DNPERX,Gross output of nonprofit institutions,1603900
2022-05-01,DNPERX,Gross output of nonprofit institutions,1609447
2022-06-01,DNPERX,Gross output of nonprofit institutions,1618718
2022-07-01,DNPERX,Gross output of nonprofit institutions,1633576
2022-08-01,DNPERX,Gross output of nonprofit institutions,1643528
2022-09-01,DNPERX,Gross output of nonprofit institutions,1648514
2022-10-01,DNPERX,Gross output of nonprofit institutions,1651458
2022-11-01,DNPERX,Gross output of nonprofit institutions,1658090
2022-12-01,DNPERX,Gross output of nonprofit institutions,1658088
2023-01-01,DNPERX,Gross output of nonprofit institutions,1654207
2023-02-01,DNPERX,Gross output of nonprofit institutions,1645857
2023-03-01,DNPERX,Gross output of nonprofit institutions,1651505
2023-04-01,DNPERX,Gross output of nonprofit institutions,1654159
2023-05-01,DNPERX,Gross output of nonprofit institutions,1657115
2023-06-01,DNPERX,Gross output of nonprofit institutions,1655875
2023-07-01,DNPERX,Gross output of nonprofit institutions,1652745
2023-08-01,DNPERX,Gross output of nonprofit institutions,1654164
2023-09-01,DNPERX,Gross output of nonprofit institutions,1656177
2023-10-01,DNPERX,Gross output of nonprofit institutions,1669672
2023-11-01,DNPERX,Gross output of nonprofit institutions,1681080
2023-12-01,DNPERX,Gross output of nonprofit institutions,1692150
2024-01-01,DNPERX,Gross output of nonprofit institutions,1704352
2024-02-01,DNPERX,Gross output of nonprofit institutions,1716302
2024-03-01,DNPERX,Gross output of nonprofit institutions,1715796
2024-04-01,DNPERX,Gross output of nonprofit institutions,1706345
2024-05-01,DNPERX,Gross output of nonprofit institutions,1709060
2024-06-01,DNPERX,Gross output of nonprofit institutions,1721764
2024-07-01,DNPERX,Gross output of nonprofit institutions,1741693
2024-08-01,DNPERX,Gross output of nonprofit institutions,1749936
2024-09-01,DNPERX,Gross output of nonprofit institutions,1750008
2024-10-01,DNPERX,Gross output of nonprofit institutions,1743579
2024-11-01,DNPERX,Gross output of nonprofit institutions,1740636
2024-12-01,DNPERX,Gross output of nonprofit institutions,1735594
2025-01-01,DNPERX,Gross output of nonprofit institutions,1734971
2025-02-01,DNPERX,Gross output of nonprofit institutions,1735891
2025-03-01,DNPERX,Gross output of nonprofit institutions,1739680
2025-04-01,DNPERX,Gross output of nonprofit institutions,1741830
2025-05-01,DNPERX,Gross output of nonprofit institutions,1745631
2025-06-01,DNPERX,Gross output of nonprofit institutions,1746369
2025-07-01,DNPERX,Gross output of nonprofit institutions,1762550
2025-08-01,DNPERX,Gross output of nonprofit institutions,1774441
2025-09-01,DNPERX,Gross output of nonprofit institutions,1781134
2025-10-01,DNPERX,Gross output of nonprofit institutions,1781671
2025-11-01,DNPERX,Gross output of nonprofit institutions,1778605
2025-12-01,DNPERX,Gross output of nonprofit institutions,1783399
2026-01-01,DNPERX,Gross output of nonprofit institutions,1791466
2026-02-01,DNPERX,Gross output of nonprofit institutions,1793802
2026-03-01,DNPERX,Gross output of nonprofit institutions,1802274
2026-04-01,DNPERX,Gross output of nonprofit institutions,1810063
2026-05-01,DNPERX,Gross output of nonprofit institutions,1816459
2026-06-01,DNPERX,Gross output of nonprofit institutions,1826207
2026-07-01,DNPERX,Gross output of nonprofit institutions,1835312
2015-01-01,DNPSRX,Less: Receipts from sales of goods and services by nonprofit institutions,1049464
2015-02-01,DNPSRX,Less: Receipts from sales of goods and services by nonprofit institutions,1052107
2015-03-01,DNPSRX,Less: Receipts from sales of goods and services by nonprofit institutions,1052867
2015-04-01,DNPSRX,Less: Receipts from sales of goods and services by nonprofit institutions,1051092
2015-05-01,DNPSRX,Less: Receipts from sales of goods and services by nonprofit institutions,1051712
2015-06-01,DNPSRX,Less: Receipts from sales of goods and services by nonprofit institutions,1051173
2015-07-01,DNPSRX,Less: Receipts from sales of goods and services by nonprofit institutions,1048991
2015-08-01,DNPSRX,Less: Receipts from sales of goods and services by nonprofit institutions,1046840
2015-09-01,DNPSRX,Less: Receipts from sales of goods and services by nonprofit institutions,1045909
2015-10-01,DNPSRX,Less: Receipts from sales of goods and services by nonprofit institutions,1050259
2015-11-01,DNPSRX,Less: Receipts from sales of goods and services by nonprofit institutions,1051139
2015-12-01,DNPSRX,Less: Receipts from sales of goods and services by nonprofit institutions,1055342
2016-01-01,DNPSRX,Less: Receipts from sales of goods and services by nonprofit institutions,1061042
2016-02-01,DNPSRX,Less: Receipts from sales of goods and services by nonprofit institutions,1069122
2016-03-01,DNPSRX,Less: Receipts from sales of goods and services by nonprofit institutions,1076595
2016-04-01,DNPSRX,Less: Receipts from sales of goods and services by nonprofit institutions,1089100
2016-05-01,DNPSRX,Less: Receipts from sales of goods and services by nonprofit institutions,1092859
2016-06-01,DNPSRX,Less: Receipts from sales of goods and services by nonprofit institutions,1092564
2016-07-01,DNPSRX,Less: Receipts from sales of goods and services by nonprofit institutions,1086525
2016-08-01,DNPSRX,Less: Receipts from sales of goods and services by nonprofit institutions,1086497
2016-09-01,DNPSRX,Less: Receipts from sales of goods and services by nonprofit institutions,1090324
2016-10-01,DNPSRX,Less: Receipts from sales of goods and services by nonprofit institutions,1096040
2016-11-01,DNPSRX,Less: Receipts from sales of goods and services by nonprofit institutions,1101168
2016-12-01,DNPSRX,Less: Receipts from sales of goods and services by nonprofit institutions,1104419
2017-01-01,DNPSRX,Less: Receipts from sales of goods and services by nonprofit institutions,1106626
2017-02-01,DNPSRX,Less: Receipts from sales of goods and services by nonprofit institutions,1104888
2017-03-01,DNPSRX,Less: Receipts from sales of goods and services by nonprofit institutions,1099636
2017-04-01,DNPSRX,Less: Receipts from sales of goods and services by nonprofit institutions,1092661
2017-05-01,DNPSRX,Less: Receipts from sales of goods and services by nonprofit institutions,1090440
2017-06-01,DNPSRX,Less: Receipts from sales of goods and services by nonprofit institutions,1093531
2017-07-01,DNPSRX,Less: Receipts from sales of goods and services by nonprofit institutions,1103403
2017-08-01,DNPSRX,Less: Receipts from sales of goods and services by nonprofit institutions,1111224
2017-09-01,DNPSRX,Less: Receipts from sales of goods and services by nonprofit institutions,1116470
2017-10-01,DNPSRX,Less: Receipts from sales of goods and services by nonprofit institutions,1113104
2017-11-01,DNPSRX,Less: Receipts from sales of goods and services by nonprofit institutions,1114016
2017-12-01,DNPSRX,Less: Receipts from sales of goods and services by nonprofit institutions,1111088
2018-01-01,DNPSRX,Less: Receipts from sales of goods and services by nonprofit institutions,1109365
2018-02-01,DNPSRX,Less: Receipts from sales of goods and services by nonprofit institutions,1110397
2018-03-01,DNPSRX,Less: Receipts from sales of goods and services by nonprofit institutions,1116949
2018-04-01,DNPSRX,Less: Receipts from sales of goods and services by nonprofit institutions,1123393
2018-05-01,DNPSRX,Less: Receipts from sales of goods and services by nonprofit institutions,1131814
2018-06-01,DNPSRX,Less: Receipts from sales of goods and services by nonprofit institutions,1140935
2018-07-01,DNPSRX,Less: Receipts from sales of goods and services by nonprofit institutions,1150222
2018-08-01,DNPSRX,Less: Receipts from sales of goods and services by nonprofit institutions,1151560
2018-09-01,DNPSRX,Less: Receipts from sales of goods and services by nonprofit institutions,1140615
2018-10-01,DNPSRX,Less: Receipts from sales of goods and services by nonprofit institutions,1122006
2018-11-01,DNPSRX,Less: Receipts from sales of goods and services by nonprofit institutions,1115936
2018-12-01,DNPSRX,Less: Receipts from sales of goods and services by nonprofit institutions,1125095
2019-01-01,DNPSRX,Less: Receipts from sales of goods and services by nonprofit institutions,1148222
2019-02-01,DNPSRX,Less: Receipts from sales of goods and services by nonprofit institutions,1163118
2019-03-01,DNPSRX,Less: Receipts from sales of goods and services by nonprofit institutions,1171116
2019-04-01,DNPSRX,Less: Receipts from sales of goods and services by nonprofit institutions,1164204
2019-05-01,DNPSRX,Less: Receipts from sales of goods and services by nonprofit institutions,1159959
2019-06-01,DNPSRX,Less: Receipts from sales of goods and services by nonprofit institutions,1157504
2019-07-01,DNPSRX,Less: Receipts from sales of goods and services by nonprofit institutions,1161133
2019-08-01,DNPSRX,Less: Receipts from sales of goods and services by nonprofit institutions,1166165
2019-09-01,DNPSRX,Less: Receipts from sales of goods and services by nonprofit institutions,1168967
2019-10-01,DNPSRX,Less: Receipts from sales of goods and services by nonprofit institutions,1168235
2019-11-01,DNPSRX,Less: Receipts from sales of goods and services by nonprofit institutions,1170429
2019-12-01,DNPSRX,Less: Receipts from sales of goods and services by nonprofit institutions,1172780
2020-01-01,DNPSRX,Less: Receipts from sales of goods and services by nonprofit institutions,1172573
2020-02-01,DNPSRX,Less: Receipts from sales of goods and services by nonprofit institutions,1168907
2020-03-01,DNPSRX,Less: Receipts from sales of goods and services by nonprofit institutions,993456
2020-04-01,DNPSRX,Less: Receipts from sales of goods and services by nonprofit institutions,876971
2020-05-01,DNPSRX,Less: Receipts from sales of goods and services by nonprofit institutions,1007080
2020-06-01,DNPSRX,Less: Receipts from sales of goods and services by nonprofit institutions,1089427
2020-07-01,DNPSRX,Less: Receipts from sales of goods and services by nonprofit institutions,1101511
2020-08-01,DNPSRX,Less: Receipts from sales of goods and services by nonprofit institutions,1102869
2020-09-01,DNPSRX,Less: Receipts from sales of goods and services by nonprofit institutions,1105517
2020-10-01,DNPSRX,Less: Receipts from sales of goods and services by nonprofit institutions,1132168
2020-11-01,DNPSRX,Less: Receipts from sales of goods and services by nonprofit institutions,1151674
2020-12-01,DNPSRX,Less: Receipts from sales of goods and services by nonprofit institutions,1151183
2021-01-01,DNPSRX,Less: Receipts from sales of goods and services by nonprofit institutions,1145688
2021-02-01,DNPSRX,Less: Receipts from sales of goods and services by nonprofit institutions,1134404
2021-03-01,DNPSRX,Less: Receipts from sales of goods and services by nonprofit institutions,1145533
2021-04-01,DNPSRX,Less: Receipts from sales of goods and services by nonprofit institutions,1171388
2021-05-01,DNPSRX,Less: Receipts from sales of goods and services by nonprofit institutions,1190901
2021-06-01,DNPSRX,Less: Receipts from sales of goods and services by nonprofit institutions,1203810
2021-07-01,DNPSRX,Less: Receipts from sales of goods and services by nonprofit institutions,1195565
2021-08-01,DNPSRX,Less: Receipts from sales of goods and services by nonprofit institutions,1196484
2021-09-01,DNPSRX,Less: Receipts from sales of goods and services by nonprofit institutions,1200753
2021-10-01,DNPSRX,Less: Receipts from sales of goods and services by nonprofit institutions,1209485
2021-11-01,DNPSRX,Less: Receipts from sales of goods and services by nonprofit institutions,1212702
2021-12-01,DNPSRX,Less: Receipts from sales of goods and services by nonprofit institutions,1208674
2022-01-01,DNPSRX,Less: Receipts from sales of goods and services by nonprofit institutions,1193205
2022-02-01,DNPSRX,Less: Receipts from sales of goods and services by nonprofit institutions,1184401
2022-03-01,DNPSRX,Less: Receipts from sales of goods and services by nonprofit institutions,1177661
2022-04-01,DNPSRX,Less: Receipts from sales of goods and services by nonprofit institutions,1176082
2022-05-01,DNPSRX,Less: Receipts from sales of goods and services by nonprofit institutions,1176146
2022-06-01,DNPSRX,Less: Receipts from sales of goods and services by nonprofit institutions,1183069
2022-07-01,DNPSRX,Less: Receipts from sales of goods and services by nonprofit institutions,1193377
2022-08-01,DNPSRX,Less: Receipts from sales of goods and services by nonprofit institutions,1204063
2022-09-01,DNPSRX,Less: Receipts from sales of goods and services by nonprofit institutions,1214498
2022-10-01,DNPSRX,Less: Receipts from sales of goods and services by nonprofit institutions,1225403
2022-11-01,DNPSRX,Less: Receipts from sales of goods and services by nonprofit institutions,1235213
2022-12-01,DNPSRX,Less: Receipts from sales of goods and services by nonprofit institutions,1239635
2023-01-01,DNPSRX,Less: Receipts from sales of goods and services by nonprofit institutions,1242389
2023-02-01,DNPSRX,Less: Receipts from sales of goods and services by nonprofit institutions,1242833
2023-03-01,DNPSRX,Less: Receipts from sales of goods and services by nonprofit institutions,1248100
2023-04-01,DNPSRX,Less: Receipts from sales of goods and services by nonprofit institutions,1251205
2023-05-01,DNPSRX,Less: Receipts from sales of goods and services by nonprofit institutions,1254588
2023-06-01,DNPSRX,Less: Receipts from sales of goods and services by nonprofit institutions,1254256
2023-07-01,DNPSRX,Less: Receipts from sales of goods and services by nonprofit institutions,1252588
2023-08-01,DNPSRX,Less: Receipts from sales of goods and services by nonprofit institutions,1254151
2023-09-01,DNPSRX,Less: Receipts from sales of goods and services by nonprofit institutions,1259659
2023-10-01,DNPSRX,Less: Receipts from sales of goods and services by nonprofit institutions,1271028
2023-11-01,DNPSRX,Less: Receipts from sales of goods and services by nonprofit institutions,1281455
2023-12-01,DNPSRX,Less: Receipts from sales of goods and services by nonprofit institutions,1291747
2024-01-01,DNPSRX,Less: Receipts from sales of goods and services by nonprofit institutions,1300788
2024-02-01,DNPSRX,Less: Receipts from sales of goods and services by nonprofit institutions,1306847
2024-03-01,DNPSRX,Less: Receipts from sales of goods and services by nonprofit institutions,1301106
2024-04-01,DNPSRX,Less: Receipts from sales of goods and services by nonprofit institutions,1289617
2024-05-01,DNPSRX,Less: Receipts from sales of goods and services by nonprofit institutions,1287392
2024-06-01,DNPSRX,Less: Receipts from sales of goods and services by nonprofit institutions,1294344
2024-07-01,DNPSRX,Less: Receipts from sales of goods and services by nonprofit institutions,1309867
2024-08-01,DNPSRX,Less: Receipts from sales of goods and services by nonprofit institutions,1318465
2024-09-01,DNPSRX,Less: Receipts from sales of goods and services by nonprofit institutions,1321100
2024-10-01,DNPSRX,Less: Receipts from sales of goods and services by nonprofit institutions,1318016
2024-11-01,DNPSRX,Less: Receipts from sales of goods and services by nonprofit institutions,1317913
2024-12-01,DNPSRX,Less: Receipts from sales of goods and services by nonprofit institutions,1321346
2025-01-01,DNPSRX,Less: Receipts from sales of goods and services by nonprofit institutions,1327133
2025-02-01,DNPSRX,Less: Receipts from sales of goods and services by nonprofit institutions,1330345
2025-03-01,DNPSRX,Less: Receipts from sales of goods and services by nonprofit institutions,1332521
2025-04-01,DNPSRX,Less: Receipts from sales of goods and services by nonprofit institutions,1342980
2025-05-01,DNPSRX,Less: Receipts from sales of goods and services by nonprofit institutions,1349799
2025-06-01,DNPSRX,Less: Receipts from sales of goods and services by nonprofit institutions,1356602
2025-07-01,DNPSRX,Less: Receipts from sales of goods and services by nonprofit institutions,1365530
2025-08-01,DNPSRX,Less: Receipts from sales of goods and services by nonprofit institutions,1375243
2025-09-01,DNPSRX,Less: Receipts from sales of goods and services by nonprofit institutions,1380017
2025-10-01,DNPSRX,Less: Receipts from sales of goods and services by nonprofit institutions,1373244
2025-11-01,DNPSRX,Less: Receipts from sales of goods and services by nonprofit institutions,1373146
2025-12-01,DNPSRX,Less: Receipts from sales of goods and services by nonprofit institutions,1375267
2026-01-01,DNPSRX,Less: Receipts from sales of goods and services by nonprofit institutions,1371351
2026-02-01,DNPSRX,Less: Receipts from sales of goods and services by nonprofit institutions,1368408
2026-03-01,DNPSRX,Less: Receipts from sales of goods and services by nonprofit institutions,1368594
2026-04-01,DNPSRX,Less: Receipts from sales of goods and services by nonprofit institutions,1383722
2026-05-01,DNPSRX,Less: Receipts from sales of goods and services by nonprofit institutions,1396420
2026-06-01,DNPSRX,Less: Receipts from sales of goods and services by nonprofit institutions,1403441
2026-07-01,DNPSRX,Less: Receipts from sales of goods and services by nonprofit institutions,1408883
2015-01-01,DPCCRX,PCE excluding food and energy,11011829
2015-02-01,DPCCRX,PCE excluding food and energy,11011944
2015-03-01,DPCCRX,PCE excluding food and energy,11065740
2015-04-01,DPCCRX,PCE excluding food and energy,11103677
2015-05-01,DPCCRX,PCE excluding food and energy,11140394
2015-06-01,DPCCRX,PCE excluding food and energy,11146065
2015-07-01,DPCCRX,PCE excluding food and energy,11191788
2015-08-01,DPCCRX,PCE excluding food and energy,11217712
2015-09-01,DPCCRX,PCE excluding food and energy,11220292
2015-10-01,DPCCRX,PCE excluding food and energy,11240198
2015-11-01,DPCCRX,PCE excluding food and energy,11265080
2015-12-01,DPCCRX,PCE excluding food and energy,11303635
2016-01-01,DPCCRX,PCE excluding food and energy,11308831
2016-02-01,DPCCRX,PCE excluding food and energy,11384144
2016-03-01,DPCCRX,PCE excluding food and energy,11348800
2016-04-01,DPCCRX,PCE excluding food and energy,11363423
2016-05-01,DPCCRX,PCE excluding food and energy,11371426
2016-06-01,DPCCRX,PCE excluding food and energy,11416948
2016-07-01,DPCCRX,PCE excluding food and energy,11440865
2016-08-01,DPCCRX,PCE excluding food and energy,11448082
2016-09-01,DPCCRX,PCE excluding food and energy,11488287
2016-10-01,DPCCRX,PCE excluding food and energy,11491451
2016-11-01,DPCCRX,PCE excluding food and energy,11515174
2016-12-01,DPCCRX,PCE excluding food and energy,11573768
2017-01-01,DPCCRX,PCE excluding food and energy,11620770
2017-02-01,DPCCRX,PCE excluding food and energy,11622449
2017-03-01,DPCCRX,PCE excluding food and energy,11653842
2017-04-01,DPCCRX,PCE excluding food and energy,11652424
2017-05-01,DPCCRX,PCE excluding food and energy,11656003
2017-06-01,DPCCRX,PCE excluding food and energy,11692283
2017-07-01,DPCCRX,PCE excluding food and energy,11731004
2017-08-01,DPCCRX,PCE excluding food and energy,11733470
2017-09-01,DPCCRX,PCE excluding food and energy,11790225
2017-10-01,DPCCRX,PCE excluding food and energy,11801602
2017-11-01,DPCCRX,PCE excluding food and energy,11874037
2017-12-01,DPCCRX,PCE excluding food and energy,11935416
2018-01-01,DPCCRX,PCE excluding food and energy,11929843
2018-02-01,DPCCRX,PCE excluding food and energy,11973816
2018-03-01,DPCCRX,PCE excluding food and energy,11971744
2018-04-01,DPCCRX,PCE excluding food and energy,11986954
2018-05-01,DPCCRX,PCE excluding food and energy,12040608
2018-06-01,DPCCRX,PCE excluding food and energy,12052529
2018-07-01,DPCCRX,PCE excluding food and energy,12082498
2018-08-01,DPCCRX,PCE excluding food and energy,12109304
2018-09-01,DPCCRX,PCE excluding food and energy,12086672
2018-10-01,DPCCRX,PCE excluding food and energy,12113067
2018-11-01,DPCCRX,PCE excluding food and energy,12169061
2018-12-01,DPCCRX,PCE excluding food and energy,12077613
2019-01-01,DPCCRX,PCE excluding food and energy,12100746
2019-02-01,DPCCRX,PCE excluding food and energy,12118463
2019-03-01,DPCCRX,PCE excluding food and energy,12201867
2019-04-01,DPCCRX,PCE excluding food and energy,12204417
2019-05-01,DPCCRX,PCE excluding food and energy,12260068
2019-06-01,DPCCRX,PCE excluding food and energy,12301814
2019-07-01,DPCCRX,PCE excluding food and energy,12350039
2019-08-01,DPCCRX,PCE excluding food and energy,12397930
2019-09-01,DPCCRX,PCE excluding food and energy,12429601
2019-10-01,DPCCRX,PCE excluding food and energy,12432372
2019-11-01,DPCCRX,PCE excluding food and energy,12499921
2019-12-01,DPCCRX,PCE excluding food and energy,12545288
2020-01-01,DPCCRX,PCE excluding food and energy,12627849
2020-02-01,DPCCRX,PCE excluding food and energy,12563202
2020-03-01,DPCCRX,PCE excluding food and energy,11466696
2020-04-01,DPCCRX,PCE excluding food and energy,10205661
2020-05-01,DPCCRX,PCE excluding food and energy,11120583
2020-06-01,DPCCRX,PCE excluding food and energy,11813061
2020-07-01,DPCCRX,PCE excluding food and energy,11995033
2020-08-01,DPCCRX,PCE excluding food and energy,12127552
2020-09-01,DPCCRX,PCE excluding food and energy,12286141
2020-10-01,DPCCRX,PCE excluding food and energy,12344113
2020-11-01,DPCCRX,PCE excluding food and energy,12317006
2020-12-01,DPCCRX,PCE excluding food and energy,12355545
2021-01-01,DPCCRX,PCE excluding food and energy,12495502
2021-02-01,DPCCRX,PCE excluding food and energy,12365598
2021-03-01,DPCCRX,PCE excluding food and energy,12942707
2021-04-01,DPCCRX,PCE excluding food and energy,13056988
2021-05-01,DPCCRX,PCE excluding food and energy,13024182
2021-06-01,DPCCRX,PCE excluding food and energy,13122678
2021-07-01,DPCCRX,PCE excluding food and energy,13126488
2021-08-01,DPCCRX,PCE excluding food and energy,13194914
2021-09-01,DPCCRX,PCE excluding food and energy,13227839
2021-10-01,DPCCRX,PCE excluding food and energy,13330970
2021-11-01,DPCCRX,PCE excluding food and energy,13355938
2021-12-01,DPCCRX,PCE excluding food and energy,13315450
2022-01-01,DPCCRX,PCE excluding food and energy,13298917
2022-02-01,DPCCRX,PCE excluding food and energy,13316972
2022-03-01,DPCCRX,PCE excluding food and energy,13406738
2022-04-01,DPCCRX,PCE excluding food and energy,13487464
2022-05-01,DPCCRX,PCE excluding food and energy,13471232
2022-06-01,DPCCRX,PCE excluding food and energy,13497384
2022-07-01,DPCCRX,PCE excluding food and energy,13537995
2022-08-01,DPCCRX,PCE excluding food and energy,13611516
2022-09-01,DPCCRX,PCE excluding food and energy,13626118
2022-10-01,DPCCRX,PCE excluding food and energy,13648710
2022-11-01,DPCCRX,PCE excluding food and energy,13608143
2022-12-01,DPCCRX,PCE excluding food and energy,13601256
2023-01-01,DPCCRX,PCE excluding food and energy,13836234
2023-02-01,DPCCRX,PCE excluding food and energy,13800630
2023-03-01,DPCCRX,PCE excluding food and energy,13789284
2023-04-01,DPCCRX,PCE excluding food and energy,13850408
2023-05-01,DPCCRX,PCE excluding food and energy,13855191
2023-06-01,DPCCRX,PCE excluding food and energy,13904546
2023-07-01,DPCCRX,PCE excluding food and energy,13963683
2023-08-01,DPCCRX,PCE excluding food and energy,13973086
2023-09-01,DPCCRX,PCE excluding food and energy,13997320
2023-10-01,DPCCRX,PCE excluding food and energy,14030349
2023-11-01,DPCCRX,PCE excluding food and energy,14089610
2023-12-01,DPCCRX,PCE excluding food and energy,14167217
2024-01-01,DPCCRX,PCE excluding food and energy,14111534
2024-02-01,DPCCRX,PCE excluding food and energy,14193847
2024-03-01,DPCCRX,PCE excluding food and energy,14220943
2024-04-01,DPCCRX,PCE excluding food and energy,14238770
2024-05-01,DPCCRX,PCE excluding food and energy,14305385
2024-06-01,DPCCRX,PCE excluding food and energy,14350631
2024-07-01,DPCCRX,PCE excluding food and energy,14403033
2024-08-01,DPCCRX,PCE excluding food and energy,14436213
2024-09-01,DPCCRX,PCE excluding food and energy,14501184
2024-10-01,DPCCRX,PCE excluding food and energy,14526623
2024-11-01,DPCCRX,PCE excluding food and energy,14595195
2024-12-01,DPCCRX,PCE excluding food and energy,14676288
2025-01-01,DPCCRX,PCE excluding food and energy,14560836
2025-02-01,DPCCRX,PCE excluding food and energy,14554850
2025-03-01,DPCCRX,PCE excluding food and energy,14700986
2025-04-01,DPCCRX,PCE excluding food and energy,14715557
2025-05-01,DPCCRX,PCE excluding food and energy,14703314
2025-06-01,DPCCRX,PCE excluding food and energy,14732738
2025-07-01,DPCCRX,PCE excluding food and energy,14815385
2025-08-01,DPCCRX,PCE excluding food and energy,14868406
2025-09-01,DPCCRX,PCE excluding food and energy,14885728
2025-10-01,DPCCRX,PCE excluding food and energy,14923217
2025-11-01,DPCCRX,PCE excluding food and energy,14939642
2025-12-01,DPCCRX,PCE excluding food and energy,14944400
2026-01-01,DPCCRX,PCE excluding food and energy,14909668
2026-02-01,DPCCRX,PCE excluding food and energy,14959244
2026-03-01,DPCCRX,PCE excluding food and energy,15005920
2026-04-01,DPCCRX,PCE excluding food and energy,15034152
2026-05-01,DPCCRX,PCE excluding food and energy,15111016
2026-06-01,DPCCRX,PCE excluding food and energy,15177263
2026-07-01,DPCCRX,PCE excluding food and energy,15177934
2015-01-01,LB001176,"PCE excluding food, energy, and housing",9008434
2015-02-01,LB001176,"PCE excluding food, energy, and housing",9008577
2015-03-01,LB001176,"PCE excluding food, energy, and housing",9061924
2015-04-01,LB001176,"PCE excluding food, energy, and housing",9099168
2015-05-01,LB001176,"PCE excluding food, energy, and housing",9135087
2015-06-01,LB001176,"PCE excluding food, energy, and housing",9140162
2015-07-01,LB001176,"PCE excluding food, energy, and housing",9184748
2015-08-01,LB001176,"PCE excluding food, energy, and housing",9209585
2015-09-01,LB001176,"PCE excluding food, energy, and housing",9211024
2015-10-01,LB001176,"PCE excluding food, energy, and housing",9229646
2015-11-01,LB001176,"PCE excluding food, energy, and housing",9253082
2015-12-01,LB001176,"PCE excluding food, energy, and housing",9289976
2016-01-01,LB001176,"PCE excluding food, energy, and housing",9293539
2016-02-01,LB001176,"PCE excluding food, energy, and housing",9367126
2016-03-01,LB001176,"PCE excluding food, energy, and housing",9330934
2016-04-01,LB001176,"PCE excluding food, energy, and housing",9344661
2016-05-01,LB001176,"PCE excluding food, energy, and housing",9352055
2016-06-01,LB001176,"PCE excluding food, energy, and housing",9396931
2016-07-01,LB001176,"PCE excluding food, energy, and housing",9419884
2016-08-01,LB001176,"PCE excluding food, energy, and housing",9426470
2016-09-01,LB001176,"PCE excluding food, energy, and housing",9466200
2016-10-01,LB001176,"PCE excluding food, energy, and housing",9469216
2016-11-01,LB001176,"PCE excluding food, energy, and housing",9492784
2016-12-01,LB001176,"PCE excluding food, energy, and housing",9551620
2017-01-01,LB001176,"PCE excluding food, energy, and housing",9599197
2017-02-01,LB001176,"PCE excluding food, energy, and housing",9601222
2017-03-01,LB001176,"PCE excluding food, energy, and housing",9632593
2017-04-01,LB001176,"PCE excluding food, energy, and housing",9631085
2017-05-01,LB001176,"PCE excluding food, energy, and housing",9634184
2017-06-01,LB001176,"PCE excluding food, energy, and housing",9669634
2017-07-01,LB001176,"PCE excluding food, energy, and housing",9708132
2017-08-01,LB001176,"PCE excluding food, energy, and housing",9710194
2017-09-01,LB001176,"PCE excluding food, energy, and housing",9766279
2017-10-01,LB001176,"PCE excluding food, energy, and housing",9776584
2017-11-01,LB001176,"PCE excluding food, energy, and housing",9847754
2017-12-01,LB001176,"PCE excluding food, energy, and housing",9907622
2018-01-01,LB001176,"PCE excluding food, energy, and housing",9900148
2018-02-01,LB001176,"PCE excluding food, energy, and housing",9942303
2018-03-01,LB001176,"PCE excluding food, energy, and housing",9938513
2018-04-01,LB001176,"PCE excluding food, energy, and housing",9951926
2018-05-01,LB001176,"PCE excluding food, energy, and housing",10003923
2018-06-01,LB001176,"PCE excluding food, energy, and housing",10014209
2018-07-01,LB001176,"PCE excluding food, energy, and housing",10042744
2018-08-01,LB001176,"PCE excluding food, energy, and housing",10068062
2018-09-01,LB001176,"PCE excluding food, energy, and housing",10043868
2018-10-01,LB001176,"PCE excluding food, energy, and housing",10069051
2018-11-01,LB001176,"PCE excluding food, energy, and housing",10123957
2018-12-01,LB001176,"PCE excluding food, energy, and housing",10030970
2019-01-01,LB001176,"PCE excluding food, energy, and housing",10051443
2019-02-01,LB001176,"PCE excluding food, energy, and housing",10066268
2019-03-01,LB001176,"PCE excluding food, energy, and housing",10146973
2019-04-01,LB001176,"PCE excluding food, energy, and housing",10146236
2019-05-01,LB001176,"PCE excluding food, energy, and housing",10198860
2019-06-01,LB001176,"PCE excluding food, energy, and housing",10237401
2019-07-01,LB001176,"PCE excluding food, energy, and housing",10282312
2019-08-01,LB001176,"PCE excluding food, energy, and housing",10326596
2019-09-01,LB001176,"PCE excluding food, energy, and housing",10354591
2019-10-01,LB001176,"PCE excluding food, energy, and housing",10353075
2019-11-01,LB001176,"PCE excluding food, energy, and housing",10416828
2019-12-01,LB001176,"PCE excluding food, energy, and housing",10458147
2020-01-01,LB001176,"PCE excluding food, energy, and housing",10537000
2020-02-01,LB001176,"PCE excluding food, energy, and housing",10467122
2020-03-01,LB001176,"PCE excluding food, energy, and housing",9355693
2020-04-01,LB001176,"PCE excluding food, energy, and housing",8076857
2020-05-01,LB001176,"PCE excluding food, energy, and housing",8996150
2020-06-01,LB001176,"PCE excluding food, energy, and housing",9690689
2020-07-01,LB001176,"PCE excluding food, energy, and housing",9868990
2020-08-01,LB001176,"PCE excluding food, energy, and housing",9997247
2020-09-01,LB001176,"PCE excluding food, energy, and housing",10151492
2020-10-01,LB001176,"PCE excluding food, energy, and housing",10204017
2020-11-01,LB001176,"PCE excluding food, energy, and housing",10170752
2020-12-01,LB001176,"PCE excluding food, energy, and housing",10203542
2021-01-01,LB001176,"PCE excluding food, energy, and housing",10338608
2021-02-01,LB001176,"PCE excluding food, energy, and housing",10201454
2021-03-01,LB001176,"PCE excluding food, energy, and housing",10777570
2021-04-01,LB001176,"PCE excluding food, energy, and housing",10886633
2021-05-01,LB001176,"PCE excluding food, energy, and housing",10847641
2021-06-01,LB001176,"PCE excluding food, energy, and housing",10941115
2021-07-01,LB001176,"PCE excluding food, energy, and housing",10939298
2021-08-01,LB001176,"PCE excluding food, energy, and housing",11002662
2021-09-01,LB001176,"PCE excluding food, energy, and housing",11030526
2021-10-01,LB001176,"PCE excluding food, energy, and housing",11128987
2021-11-01,LB001176,"PCE excluding food, energy, and housing",11148665
2021-12-01,LB001176,"PCE excluding food, energy, and housing",11102632
2022-01-01,LB001176,"PCE excluding food, energy, and housing",11080877
2022-02-01,LB001176,"PCE excluding food, energy, and housing",11094001
2022-03-01,LB001176,"PCE excluding food, energy, and housing",11179459
2022-04-01,LB001176,"PCE excluding food, energy, and housing",11255887
2022-05-01,LB001176,"PCE excluding food, energy, and housing",11234651
2022-06-01,LB001176,"PCE excluding food, energy, and housing",11256315
2022-07-01,LB001176,"PCE excluding food, energy, and housing",11292584
2022-08-01,LB001176,"PCE excluding food, energy, and housing",11362288
2022-09-01,LB001176,"PCE excluding food, energy, and housing",11372657
2022-10-01,LB001176,"PCE excluding food, energy, and housing",11391233
2022-11-01,LB001176,"PCE excluding food, energy, and housing",11345925
2022-12-01,LB001176,"PCE excluding food, energy, and housing",11334892
2023-01-01,LB001176,"PCE excluding food, energy, and housing",11568810
2023-02-01,LB001176,"PCE excluding food, energy, and housing",11528722
2023-03-01,LB001176,"PCE excluding food, energy, and housing",11513308
2023-04-01,LB001176,"PCE excluding food, energy, and housing",11571505
2023-05-01,LB001176,"PCE excluding food, energy, and housing",11572513
2023-06-01,LB001176,"PCE excluding food, energy, and housing",11618951
2023-07-01,LB001176,"PCE excluding food, energy, and housing",11675587
2023-08-01,LB001176,"PCE excluding food, energy, and housing",11681750
2023-09-01,LB001176,"PCE excluding food, energy, and housing",11702942
2023-10-01,LB001176,"PCE excluding food, energy, and housing",11733234
2023-11-01,LB001176,"PCE excluding food, energy, and housing",11790311
2023-12-01,LB001176,"PCE excluding food, energy, and housing",11865936
2024-01-01,LB001176,"PCE excluding food, energy, and housing",11806001
2024-02-01,LB001176,"PCE excluding food, energy, and housing",11886607
2024-03-01,LB001176,"PCE excluding food, energy, and housing",11911209
2024-04-01,LB001176,"PCE excluding food, energy, and housing",11926135
2024-05-01,LB001176,"PCE excluding food, energy, and housing",11990998
2024-06-01,LB001176,"PCE excluding food, energy, and housing",12033962
2024-07-01,LB001176,"PCE excluding food, energy, and housing",12084406
2024-08-01,LB001176,"PCE excluding food, energy, and housing",12115101
2024-09-01,LB001176,"PCE excluding food, energy, and housing",12178563
2024-10-01,LB001176,"PCE excluding food, energy, and housing",12201678
2024-11-01,LB001176,"PCE excluding food, energy, and housing",12269057
2024-12-01,LB001176,"PCE excluding food, energy, and housing",12349433
2025-01-01,LB001176,"PCE excluding food, energy, and housing",12228739
2025-02-01,LB001176,"PCE excluding food, energy, and housing",12220220
2025-03-01,LB001176,"PCE excluding food, energy, and housing",12367204
2025-04-01,LB001176,"PCE excluding food, energy, and housing",12379406
2025-05-01,LB001176,"PCE excluding food, energy, and housing",12364144
2025-06-01,LB001176,"PCE excluding food, energy, and housing",12391811
2025-07-01,LB001176,"PCE excluding food, energy, and housing",12473685
2025-08-01,LB001176,"PCE excluding food, energy, and housing",12525111
2025-09-01,LB001176,"PCE excluding food, energy, and housing",12540258
2025-10-01,LB001176,"PCE excluding food, energy, and housing",12575942
2025-11-01,LB001176,"PCE excluding food, energy, and housing",12590024
2025-12-01,LB001176,"PCE excluding food, energy, and housing",12592177
2026-01-01,LB001176,"PCE excluding food, energy, and housing",12554039
2026-02-01,LB001176,"PCE excluding food, energy, and housing",12602246
2026-03-01,LB001176,"PCE excluding food, energy, and housing",12647486
2026-04-01,LB001176,"PCE excluding food, energy, and housing",12673691
2026-05-01,LB001176,"PCE excluding food, energy, and housing",12749824
2026-06-01,LB001176,"PCE excluding food, energy, and housing",12814988
2026-07-01,LB001176,"PCE excluding food, energy, and housing",12812995
2015-01-01,DNRGRX,Energy goods and services,551447
2015-02-01,DNRGRX,Energy goods and services,578242
2015-03-01,DNRGRX,Energy goods and services,558034
2015-04-01,DNRGRX,Energy goods and services,544936
2015-05-01,DNRGRX,Energy goods and services,544889
2015-06-01,DNRGRX,Energy goods and services,546428
2015-07-01,DNRGRX,Energy goods and services,544546
2015-08-01,DNRGRX,Energy goods and services,551233
2015-09-01,DNRGRX,Energy goods and services,551903
2015-10-01,DNRGRX,Energy goods and services,549282
2015-11-01,DNRGRX,Energy goods and services,535025
2015-12-01,DNRGRX,Energy goods and services,530075
2016-01-01,DNRGRX,Energy goods and services,547346
2016-02-01,DNRGRX,Energy goods and services,549948
2016-03-01,DNRGRX,Energy goods and services,538757
2016-04-01,DNRGRX,Energy goods and services,549211
2016-05-01,DNRGRX,Energy goods and services,554986
2016-06-01,DNRGRX,Energy goods and services,559450
2016-07-01,DNRGRX,Energy goods and services,561706
2016-08-01,DNRGRX,Energy goods and services,564860
2016-09-01,DNRGRX,Energy goods and services,556736
2016-10-01,DNRGRX,Energy goods and services,539778
2016-11-01,DNRGRX,Energy goods and services,536991
2016-12-01,DNRGRX,Energy goods and services,565363
2017-01-01,DNRGRX,Energy goods and services,521358
2017-02-01,DNRGRX,Energy goods and services,525295
2017-03-01,DNRGRX,Energy goods and services,548520
2017-04-01,DNRGRX,Energy goods and services,551157
2017-05-01,DNRGRX,Energy goods and services,557923
2017-06-01,DNRGRX,Energy goods and services,555381
2017-07-01,DNRGRX,Energy goods and services,551818
2017-08-01,DNRGRX,Energy goods and services,545164
2017-09-01,DNRGRX,Energy goods and services,552830
2017-10-01,DNRGRX,Energy goods and services,555270
2017-11-01,DNRGRX,Energy goods and services,552069
2017-12-01,DNRGRX,Energy goods and services,581867
2018-01-01,DNRGRX,Energy goods and services,574102
2018-02-01,DNRGRX,Energy goods and services,536587
2018-03-01,DNRGRX,Energy goods and services,575046
2018-04-01,DNRGRX,Energy goods and services,577869
2018-05-01,DNRGRX,Energy goods and services,557011
2018-06-01,DNRGRX,Energy goods and services,567474
2018-07-01,DNRGRX,Energy goods and services,562994
2018-08-01,DNRGRX,Energy goods and services,566340
2018-09-01,DNRGRX,Energy goods and services,562718
2018-10-01,DNRGRX,Energy goods and services,570330
2018-11-01,DNRGRX,Energy goods and services,578714
2018-12-01,DNRGRX,Energy goods and services,567889
2019-01-01,DNRGRX,Energy goods and services,567430
2019-02-01,DNRGRX,Energy goods and services,572639
2019-03-01,DNRGRX,Energy goods and services,572447
2019-04-01,DNRGRX,Energy goods and services,562719
2019-05-01,DNRGRX,Energy goods and services,556452
2019-06-01,DNRGRX,Energy goods and services,553058
2019-07-01,DNRGRX,Energy goods and services,558714
2019-08-01,DNRGRX,Energy goods and services,563829
2019-09-01,DNRGRX,Energy goods and services,563310
2019-10-01,DNRGRX,Energy goods and services,561374
2019-11-01,DNRGRX,Energy goods and services,567120
2019-12-01,DNRGRX,Energy goods and services,541870
2020-01-01,DNRGRX,Energy goods and services,528656
2020-02-01,DNRGRX,Energy goods and services,541326
2020-03-01,DNRGRX,Energy goods and services,499789
2020-04-01,DNRGRX,Energy goods and services,463181
2020-05-01,DNRGRX,Energy goods and services,496457
2020-06-01,DNRGRX,Energy goods and services,521037
2020-07-01,DNRGRX,Energy goods and services,530911
2020-08-01,DNRGRX,Energy goods and services,526077
2020-09-01,DNRGRX,Energy goods and services,533408
2020-10-01,DNRGRX,Energy goods and services,524878
2020-11-01,DNRGRX,Energy goods and services,507111
2020-12-01,DNRGRX,Energy goods and services,530231
2021-01-01,DNRGRX,Energy goods and services,528154
2021-02-01,DNRGRX,Energy goods and services,543269
2021-03-01,DNRGRX,Energy goods and services,541611
2021-04-01,DNRGRX,Energy goods and services,539240
2021-05-01,DNRGRX,Energy goods and services,551796
2021-06-01,DNRGRX,Energy goods and services,567924
2021-07-01,DNRGRX,Energy goods and services,557217
2021-08-01,DNRGRX,Energy goods and services,566373
2021-09-01,DNRGRX,Energy goods and services,563690
2021-10-01,DNRGRX,Energy goods and services,555355
2021-11-01,DNRGRX,Energy goods and services,565326
2021-12-01,DNRGRX,Energy goods and services,550573
2022-01-01,DNRGRX,Energy goods and services,568123
2022-02-01,DNRGRX,Energy goods and services,573571
2022-03-01,DNRGRX,Energy goods and services,571178
2022-04-01,DNRGRX,Energy goods and services,571778
2022-05-01,DNRGRX,Energy goods and services,569269
2022-06-01,DNRGRX,Energy goods and services,554770
2022-07-01,DNRGRX,Energy goods and services,549047
2022-08-01,DNRGRX,Energy goods and services,555719
2022-09-01,DNRGRX,Energy goods and services,551836
2022-10-01,DNRGRX,Energy goods and services,557664
2022-11-01,DNRGRX,Energy goods and services,561095
2022-12-01,DNRGRX,Energy goods and services,563516
2023-01-01,DNRGRX,Energy goods and services,532179
2023-02-01,DNRGRX,Energy goods and services,550364
2023-03-01,DNRGRX,Energy goods and services,574218
2023-04-01,DNRGRX,Energy goods and services,557484
2023-05-01,DNRGRX,Energy goods and services,547107
2023-06-01,DNRGRX,Energy goods and services,544780
2023-07-01,DNRGRX,Energy goods and services,556894
2023-08-01,DNRGRX,Energy goods and services,555666
2023-09-01,DNRGRX,Energy goods and services,553797
2023-10-01,DNRGRX,Energy goods and services,561424
2023-11-01,DNRGRX,Energy goods and services,555137
2023-12-01,DNRGRX,Energy goods and services,546104
2024-01-01,DNRGRX,Energy goods and services,548275
2024-02-01,DNRGRX,Energy goods and services,536289
2024-03-01,DNRGRX,Energy goods and services,550997
2024-04-01,DNRGRX,Energy goods and services,556627
2024-05-01,DNRGRX,Energy goods and services,564166
2024-06-01,DNRGRX,Energy goods and services,562146
2024-07-01,DNRGRX,Energy goods and services,562761
2024-08-01,DNRGRX,Energy goods and services,557456
2024-09-01,DNRGRX,Energy goods and services,564832
2024-10-01,DNRGRX,Energy goods and services,558047
2024-11-01,DNRGRX,Energy goods and services,546862
2024-12-01,DNRGRX,Energy goods and services,572174
2025-01-01,DNRGRX,Energy goods and services,588668
2025-02-01,DNRGRX,Energy goods and services,572543
2025-03-01,DNRGRX,Energy goods and services,559082
2025-04-01,DNRGRX,Energy goods and services,564745
2025-05-01,DNRGRX,Energy goods and services,557270
2025-06-01,DNRGRX,Energy goods and services,565628
2025-07-01,DNRGRX,Energy goods and services,558958
2025-08-01,DNRGRX,Energy goods and services,554318
2025-09-01,DNRGRX,Energy goods and services,562624
2025-10-01,DNRGRX,Energy goods and services,557905
2025-11-01,DNRGRX,Energy goods and services,558863
2025-12-01,DNRGRX,Energy goods and services,570981
2026-01-01,DNRGRX,Energy goods and services,570895
2026-02-01,DNRGRX,Energy goods and services,565988
2026-03-01,DNRGRX,Energy goods and services,555594
2026-04-01,DNRGRX,Energy goods and services,561075
2026-05-01,DNRGRX,Energy goods and services,546678
2026-06-01,DNRGRX,Energy goods and services,552818
2026-07-01,DNRGRX,Energy goods and services,554076
2015-01-01,LB001260,PCE services excluding energy and housing,6419033
2015-02-01,LB001260,PCE services excluding energy and housing,6417842
2015-03-01,LB001260,PCE services excluding energy and housing,6436185
2015-04-01,LB001260,PCE services excluding energy and housing,6470309
2015-05-01,LB001260,PCE services excluding energy and housing,6491011
2015-06-01,LB001260,PCE services excluding energy and housing,6495743
2015-07-01,LB001260,PCE services excluding energy and housing,6518038
2015-08-01,LB001260,PCE services excluding energy and housing,6528460
2015-09-01,LB001260,PCE services excluding energy and housing,6533892
2015-10-01,LB001260,PCE services excluding energy and housing,6558106
2015-11-01,LB001260,PCE services excluding energy and housing,6555920
2015-12-01,LB001260,PCE services excluding energy and housing,6585434
2016-01-01,LB001260,PCE services excluding energy and housing,6592008
2016-02-01,LB001260,PCE services excluding energy and housing,6628381
2016-03-01,LB001260,PCE services excluding energy and housing,6616332
2016-04-01,LB001260,PCE services excluding energy and housing,6627637
2016-05-01,LB001260,PCE services excluding energy and housing,6625795
2016-06-01,LB001260,PCE services excluding energy and housing,6632485
2016-07-01,LB001260,PCE services excluding energy and housing,6651782
2016-08-01,LB001260,PCE services excluding energy and housing,6656570
2016-09-01,LB001260,PCE services excluding energy and housing,6693557
2016-10-01,LB001260,PCE services excluding energy and housing,6691156
2016-11-01,LB001260,PCE services excluding energy and housing,6726399
2016-12-01,LB001260,PCE services excluding energy and housing,6735103
2017-01-01,LB001260,PCE services excluding energy and housing,6786562
2017-02-01,LB001260,PCE services excluding energy and housing,6787707
2017-03-01,LB001260,PCE services excluding energy and housing,6817155
2017-04-01,LB001260,PCE services excluding energy and housing,6793930
2017-05-01,LB001260,PCE services excluding energy and housing,6799509
2017-06-01,LB001260,PCE services excluding energy and housing,6806415
2017-07-01,LB001260,PCE services excluding energy and housing,6836741
2017-08-01,LB001260,PCE services excluding energy and housing,6839027
2017-09-01,LB001260,PCE services excluding energy and housing,6845082
2017-10-01,LB001260,PCE services excluding energy and housing,6854536
2017-11-01,LB001260,PCE services excluding energy and housing,6879287
2017-12-01,LB001260,PCE services excluding energy and housing,6905078
2018-01-01,LB001260,PCE services excluding energy and housing,6910555
2018-02-01,LB001260,PCE services excluding energy and housing,6933762
2018-03-01,LB001260,PCE services excluding energy and housing,6953275
2018-04-01,LB001260,PCE services excluding energy and housing,6963035
2018-05-01,LB001260,PCE services excluding energy and housing,6979904
2018-06-01,LB001260,PCE services excluding energy and housing,7011461
2018-07-01,LB001260,PCE services excluding energy and housing,7022728
2018-08-01,LB001260,PCE services excluding energy and housing,7034987
2018-09-01,LB001260,PCE services excluding energy and housing,7018725
2018-10-01,LB001260,PCE services excluding energy and housing,7036836
2018-11-01,LB001260,PCE services excluding energy and housing,7032560
2018-12-01,LB001260,PCE services excluding energy and housing,7028369
2019-01-01,LB001260,PCE services excluding energy and housing,7029092
2019-02-01,LB001260,PCE services excluding energy and housing,7031903
2019-03-01,LB001260,PCE services excluding energy and housing,7064431
2019-04-01,LB001260,PCE services excluding energy and housing,7069530
2019-05-01,LB001260,PCE services excluding energy and housing,7079603
2019-06-01,LB001260,PCE services excluding energy and housing,7106165
2019-07-01,LB001260,PCE services excluding energy and housing,7129934
2019-08-01,LB001260,PCE services excluding energy and housing,7166821
2019-09-01,LB001260,PCE services excluding energy and housing,7183328
2019-10-01,LB001260,PCE services excluding energy and housing,7195560
2019-11-01,LB001260,PCE services excluding energy and housing,7227234
2019-12-01,LB001260,PCE services excluding energy and housing,7253104
2020-01-01,LB001260,PCE services excluding energy and housing,7338637
2020-02-01,LB001260,PCE services excluding energy and housing,7264100
2020-03-01,LB001260,PCE services excluding energy and housing,6422674
2020-04-01,LB001260,PCE services excluding energy and housing,5469872
2020-05-01,LB001260,PCE services excluding energy and housing,5871528
2020-06-01,LB001260,PCE services excluding energy and housing,6311502
2020-07-01,LB001260,PCE services excluding energy and housing,6423330
2020-08-01,LB001260,PCE services excluding energy and housing,6541829
2020-09-01,LB001260,PCE services excluding energy and housing,6646220
2020-10-01,LB001260,PCE services excluding energy and housing,6695216
2020-11-01,LB001260,PCE services excluding energy and housing,6684902
2020-12-01,LB001260,PCE services excluding energy and housing,6666216
2021-01-01,LB001260,PCE services excluding energy and housing,6738582
2021-02-01,LB001260,PCE services excluding energy and housing,6700264
2021-03-01,LB001260,PCE services excluding energy and housing,6893263
2021-04-01,LB001260,PCE services excluding energy and housing,6998244
2021-05-01,LB001260,PCE services excluding energy and housing,7068359
2021-06-01,LB001260,PCE services excluding energy and housing,7160823
2021-07-01,LB001260,PCE services excluding energy and housing,7255417
2021-08-01,LB001260,PCE services excluding energy and housing,7301576
2021-09-01,LB001260,PCE services excluding energy and housing,7330981
2021-10-01,LB001260,PCE services excluding energy and housing,7376095
2021-11-01,LB001260,PCE services excluding energy and housing,7390464
2021-12-01,LB001260,PCE services excluding energy and housing,7394638
2022-01-01,LB001260,PCE services excluding energy and housing,7336361
2022-02-01,LB001260,PCE services excluding energy and housing,7392673
2022-03-01,LB001260,PCE services excluding energy and housing,7444552
2022-04-01,LB001260,PCE services excluding energy and housing,7475015
2022-05-01,LB001260,PCE services excluding energy and housing,7506433
2022-06-01,LB001260,PCE services excluding energy and housing,7534030
2022-07-01,LB001260,PCE services excluding energy and housing,7571639
2022-08-01,LB001260,PCE services excluding energy and housing,7616420
2022-09-01,LB001260,PCE services excluding energy and housing,7632539
2022-10-01,LB001260,PCE services excluding energy and housing,7633805
2022-11-01,LB001260,PCE services excluding energy and housing,7650537
2022-12-01,LB001260,PCE services excluding energy and housing,7648653
2023-01-01,LB001260,PCE services excluding energy and housing,7735440
2023-02-01,LB001260,PCE services excluding energy and housing,7717493
2023-03-01,LB001260,PCE services excluding energy and housing,7738442
2023-04-01,LB001260,PCE services excluding energy and housing,7754771
2023-05-01,LB001260,PCE services excluding energy and housing,7767848
2023-06-01,LB001260,PCE services excluding energy and housing,7801284
2023-07-01,LB001260,PCE services excluding energy and housing,7813239
2023-08-01,LB001260,PCE services excluding energy and housing,7810387
2023-09-01,LB001260,PCE services excluding energy and housing,7822160
2023-10-01,LB001260,PCE services excluding energy and housing,7857305
2023-11-01,LB001260,PCE services excluding energy and housing,7903499
2023-12-01,LB001260,PCE services excluding energy and housing,7944476
2024-01-01,LB001260,PCE services excluding energy and housing,7935898
2024-02-01,LB001260,PCE services excluding energy and housing,7997362
2024-03-01,LB001260,PCE services excluding energy and housing,8003493
2024-04-01,LB001260,PCE services excluding energy and housing,8018466
2024-05-01,LB001260,PCE services excluding energy and housing,8041619
2024-06-01,LB001260,PCE services excluding energy and housing,8070075
2024-07-01,LB001260,PCE services excluding energy and housing,8090808
2024-08-01,LB001260,PCE services excluding energy and housing,8122269
2024-09-01,LB001260,PCE services excluding energy and housing,8138467
2024-10-01,LB001260,PCE services excluding energy and housing,8156019
2024-11-01,LB001260,PCE services excluding energy and housing,8181513
2024-12-01,LB001260,PCE services excluding energy and housing,8197697
2025-01-01,LB001260,PCE services excluding energy and housing,8178383
2025-02-01,LB001260,PCE services excluding energy and housing,8157214
2025-03-01,LB001260,PCE services excluding energy and housing,8205287
2025-04-01,LB001260,PCE services excluding energy and housing,8233539
2025-05-01,LB001260,PCE services excluding energy and housing,8252922
2025-06-01,LB001260,PCE services excluding energy and housing,8269546
2025-07-01,LB001260,PCE services excluding energy and housing,8317655
2025-08-01,LB001260,PCE services excluding energy and housing,8349648
2025-09-01,LB001260,PCE services excluding energy and housing,8379520
2025-10-01,LB001260,PCE services excluding energy and housing,8402118
2025-11-01,LB001260,PCE services excluding energy and housing,8399995
2025-12-01,LB001260,PCE services excluding energy and housing,8422438
2026-01-01,LB001260,PCE services excluding energy and housing,8414503
2026-02-01,LB001260,PCE services excluding energy and housing,8412262
2026-03-01,LB001260,PCE services excluding energy and housing,8418234
2026-04-01,LB001260,PCE services excluding energy and housing,8456791
2026-05-01,LB001260,PCE services excluding energy and housing,8495334
2026-06-01,LB001260,PCE services excluding energy and housing,8537980
2026-07-01,LB001260,PCE services excluding energy and housing,8566324
2015-01-01,DHSGRX,Housing,2006038
2015-02-01,DHSGRX,Housing,2006041
2015-03-01,DHSGRX,Housing,2006058
2015-04-01,DHSGRX,Housing,2006475
2015-05-01,DHSGRX,Housing,2007019
2015-06-01,DHSGRX,Housing,2007617
2015-07-01,DHSGRX,Housing,2008469
2015-08-01,DHSGRX,Housing,2009426
2015-09-01,DHSGRX,Housing,2010601
2015-10-01,DHSGRX,Housing,2011804
2015-11-01,DHSGRX,Housing,2013148
2015-12-01,DHSGRX,Housing,2014638
2016-01-01,DHSGRX,Housing,2016293
2016-02-01,DHSGRX,Housing,2017665
2016-03-01,DHSGRX,Housing,2018715
2016-04-01,DHSGRX,Housing,2019557
2016-05-01,DHSGRX,Housing,2020138
2016-06-01,DHSGRX,Housing,2020598
2016-07-01,DHSGRX,Housing,2021484
2016-08-01,DHSGRX,Housing,2022093
2016-09-01,DHSGRX,Housing,2022430
2016-10-01,DHSGRX,Housing,2022557
2016-11-01,DHSGRX,Housing,2022644
2016-12-01,DHSGRX,Housing,2022273
2017-01-01,DHSGRX,Housing,2021599
2017-02-01,DHSGRX,Housing,2021237
2017-03-01,DHSGRX,Housing,2021212
2017-04-01,DHSGRX,Housing,2021299
2017-05-01,DHSGRX,Housing,2021777
2017-06-01,DHSGRX,Housing,2022593
2017-07-01,DHSGRX,Housing,2022816
2017-08-01,DHSGRX,Housing,2023222
2017-09-01,DHSGRX,Housing,2023931
2017-10-01,DHSGRX,Housing,2025010
2017-11-01,DHSGRX,Housing,2026366
2017-12-01,DHSGRX,Housing,2027984
2018-01-01,DHSGRX,Housing,2029884
2018-02-01,DHSGRX,Housing,2031780
2018-03-01,DHSGRX,Housing,2033484
2018-04-01,DHSGRX,Housing,2035289
2018-05-01,DHSGRX,Housing,2037047
2018-06-01,DHSGRX,Housing,2038684
2018-07-01,DHSGRX,Housing,2040177
2018-08-01,DHSGRX,Housing,2041717
2018-09-01,DHSGRX,Housing,2043152
2018-10-01,DHSGRX,Housing,2044420
2018-11-01,DHSGRX,Housing,2045676
2018-12-01,DHSGRX,Housing,2046743
2019-01-01,DHSGRX,Housing,2049384
2019-02-01,DHSGRX,Housing,2052241
2019-03-01,DHSGRX,Housing,2055270
2019-04-01,DHSGRX,Housing,2058463
2019-05-01,DHSGRX,Housing,2061726
2019-06-01,DHSGRX,Housing,2065102
2019-07-01,DHSGRX,Housing,2068647
2019-08-01,DHSGRX,Housing,2072465
2019-09-01,DHSGRX,Housing,2076228
2019-10-01,DHSGRX,Housing,2080354
2019-11-01,DHSGRX,Housing,2084615
2019-12-01,DHSGRX,Housing,2089080
2020-01-01,DHSGRX,Housing,2093614
2020-02-01,DHSGRX,Housing,2098141
2020-03-01,DHSGRX,Housing,2102676
2020-04-01,DHSGRX,Housing,2107022
2020-05-01,DHSGRX,Housing,2111799
2020-06-01,DHSGRX,Housing,2116745
2020-07-01,DHSGRX,Housing,2122006
2020-08-01,DHSGRX,Housing,2127285
2020-09-01,DHSGRX,Housing,2132845
2020-10-01,DHSGRX,Housing,2138478
2020-11-01,DHSGRX,Housing,2143970
2020-12-01,DHSGRX,Housing,2149704
2021-01-01,DHSGRX,Housing,2155536
2021-02-01,DHSGRX,Housing,2161165
2021-03-01,DHSGRX,Housing,2166941
2021-04-01,DHSGRX,Housing,2172663
2021-05-01,DHSGRX,Housing,2178211
2021-06-01,DHSGRX,Housing,2183666
2021-07-01,DHSGRX,Housing,2189086
2021-08-01,DHSGRX,Housing,2194397
2021-09-01,DHSGRX,Housing,2199461
2021-10-01,DHSGRX,Housing,2204636
2021-11-01,DHSGRX,Housing,2209877
2021-12-01,DHSGRX,Housing,2214954
2022-01-01,DHSGRX,Housing,2219906
2022-02-01,DHSGRX,Housing,2224798
2022-03-01,DHSGRX,Housing,2229552
2022-04-01,DHSGRX,Housing,2234250
2022-05-01,DHSGRX,Housing,2238947
2022-06-01,DHSGRX,Housing,2243430
2022-07-01,DHSGRX,Housing,2247870
2022-08-01,DHSGRX,Housing,2252118
2022-09-01,DHSGRX,Housing,2256269
2022-10-01,DHSGRX,Housing,2260302
2022-11-01,DHSGRX,Housing,2264350
2022-12-01,DHSGRX,Housing,2268138
2023-01-01,DHSGRX,Housing,2271792
2023-02-01,DHSGRX,Housing,2275499
2023-03-01,DHSGRX,Housing,2279094
2023-04-01,DHSGRX,Housing,2282551
2023-05-01,DHSGRX,Housing,2286070
2023-06-01,DHSGRX,Housing,2289408
2023-07-01,DHSGRX,Housing,2292527
2023-08-01,DHSGRX,Housing,2295602
2023-09-01,DHSGRX,Housing,2298706
2023-10-01,DHSGRX,Housing,2301661
2023-11-01,DHSGRX,Housing,2304560
2023-12-01,DHSGRX,Housing,2307623
2024-01-01,DHSGRX,Housing,2310487
2024-02-01,DHSGRX,Housing,2313409
2024-03-01,DHSGRX,Housing,2316094
2024-04-01,DHSGRX,Housing,2318983
2024-05-01,DHSGRX,Housing,2321725
2024-06-01,DHSGRX,Housing,2324571
2024-07-01,DHSGRX,Housing,2327274
2024-08-01,DHSGRX,Housing,2330094
2024-09-01,DHSGRX,Housing,2332662
2024-10-01,DHSGRX,Housing,2335194
2024-11-01,DHSGRX,Housing,2337578
2024-12-01,DHSGRX,Housing,2339811
2025-01-01,DHSGRX,Housing,2342149
2025-02-01,DHSGRX,Housing,2344272
2025-03-01,DHSGRX,Housing,2346420
2025-04-01,DHSGRX,Housing,2348811
2025-05-01,DHSGRX,Housing,2351221
2025-06-01,DHSGRX,Housing,2353366
2025-07-01,DHSGRX,Housing,2355727
2025-08-01,DHSGRX,Housing,2358211
2025-09-01,DHSGRX,Housing,2360471
2025-10-01,DHSGRX,Housing,2362822
2025-11-01,DHSGRX,Housing,2365212
2025-12-01,DHSGRX,Housing,2367593
2026-01-01,DHSGRX,Housing,2369896
2026-02-01,DHSGRX,Housing,2372094
2026-03-01,DHSGRX,Housing,2374283
2026-04-01,DHSGRX,Housing,2376623
2026-05-01,DHSGRX,Housing,2378803
2026-06-01,DHSGRX,Housing,2381082
2026-07-01,DHSGRX,Housing,2383437
2015-01-01,DPCMRX,Market-based PCE,10840408
2015-02-01,DPCMRX,Market-based PCE,10868757
2015-03-01,DPCMRX,Market-based PCE,10903309
2015-04-01,DPCMRX,Market-based PCE,10908423
2015-05-01,DPCMRX,Market-based PCE,10948247
2015-06-01,DPCMRX,Market-based PCE,10967852
2015-07-01,DPCMRX,Market-based PCE,11000828
2015-08-01,DPCMRX,Market-based PCE,11034730
2015-09-01,DPCMRX,Market-based PCE,11033693
2015-10-01,DPCMRX,Market-based PCE,11026804
2015-11-01,DPCMRX,Market-based PCE,11043904
2015-12-01,DPCMRX,Market-based PCE,11087505
2016-01-01,DPCMRX,Market-based PCE,11116250
2016-02-01,DPCMRX,Market-based PCE,11193759
2016-03-01,DPCMRX,Market-based PCE,11166188
2016-04-01,DPCMRX,Market-based PCE,11204804
2016-05-01,DPCMRX,Market-based PCE,11230934
2016-06-01,DPCMRX,Market-based PCE,11276138
2016-07-01,DPCMRX,Market-based PCE,11276239
2016-08-01,DPCMRX,Market-based PCE,11292516
2016-09-01,DPCMRX,Market-based PCE,11323487
2016-10-01,DPCMRX,Market-based PCE,11324433
2016-11-01,DPCMRX,Market-based PCE,11347121
2016-12-01,DPCMRX,Market-based PCE,11414725
2017-01-01,DPCMRX,Market-based PCE,11407999
2017-02-01,DPCMRX,Market-based PCE,11416691
2017-03-01,DPCMRX,Market-based PCE,11466101
2017-04-01,DPCMRX,Market-based PCE,11486753
2017-05-01,DPCMRX,Market-based PCE,11487339
2017-06-01,DPCMRX,Market-based PCE,11527421
2017-07-01,DPCMRX,Market-based PCE,11544443
2017-08-01,DPCMRX,Market-based PCE,11555863
2017-09-01,DPCMRX,Market-based PCE,11626095
2017-10-01,DPCMRX,Market-based PCE,11635199
2017-11-01,DPCMRX,Market-based PCE,11705050
2017-12-01,DPCMRX,Market-based PCE,11800554
2018-01-01,DPCMRX,Market-based PCE,11795028
2018-02-01,DPCMRX,Market-based PCE,11789209
2018-03-01,DPCMRX,Market-based PCE,11816857
2018-04-01,DPCMRX,Market-based PCE,11816908
2018-05-01,DPCMRX,Market-based PCE,11855392
2018-06-01,DPCMRX,Market-based PCE,11863189
2018-07-01,DPCMRX,Market-based PCE,11894496
2018-08-01,DPCMRX,Market-based PCE,11922272
2018-09-01,DPCMRX,Market-based PCE,11892481
2018-10-01,DPCMRX,Market-based PCE,11916550
2018-11-01,DPCMRX,Market-based PCE,11981431
2018-12-01,DPCMRX,Market-based PCE,11875156
2019-01-01,DPCMRX,Market-based PCE,11942666
2019-02-01,DPCMRX,Market-based PCE,11972286
2019-03-01,DPCMRX,Market-based PCE,12065008
2019-04-01,DPCMRX,Market-based PCE,12067594
2019-05-01,DPCMRX,Market-based PCE,12123545
2019-06-01,DPCMRX,Market-based PCE,12166500
2019-07-01,DPCMRX,Market-based PCE,12228949
2019-08-01,DPCMRX,Market-based PCE,12281654
2019-09-01,DPCMRX,Market-based PCE,12312175
2019-10-01,DPCMRX,Market-based PCE,12327374
2019-11-01,DPCMRX,Market-based PCE,12390959
2019-12-01,DPCMRX,Market-based PCE,12394131
2020-01-01,DPCMRX,Market-based PCE,12404927
2020-02-01,DPCMRX,Market-based PCE,12416250
2020-03-01,DPCMRX,Market-based PCE,11460845
2020-04-01,DPCMRX,Market-based PCE,9979761
2020-05-01,DPCMRX,Market-based PCE,11055052
2020-06-01,DPCMRX,Market-based PCE,11735094
2020-07-01,DPCMRX,Market-based PCE,11937353
2020-08-01,DPCMRX,Market-based PCE,12020794
2020-09-01,DPCMRX,Market-based PCE,12180378
2020-10-01,DPCMRX,Market-based PCE,12221114
2020-11-01,DPCMRX,Market-based PCE,12196383
2020-12-01,DPCMRX,Market-based PCE,12247714
2021-01-01,DPCMRX,Market-based PCE,12431120
2021-02-01,DPCMRX,Market-based PCE,12306670
2021-03-01,DPCMRX,Market-based PCE,12883342
2021-04-01,DPCMRX,Market-based PCE,13002614
2021-05-01,DPCMRX,Market-based PCE,13001552
2021-06-01,DPCMRX,Market-based PCE,13123264
2021-07-01,DPCMRX,Market-based PCE,13074094
2021-08-01,DPCMRX,Market-based PCE,13175051
2021-09-01,DPCMRX,Market-based PCE,13195052
2021-10-01,DPCMRX,Market-based PCE,13269991
2021-11-01,DPCMRX,Market-based PCE,13306934
2021-12-01,DPCMRX,Market-based PCE,13252250
2022-01-01,DPCMRX,Market-based PCE,13274919
2022-02-01,DPCMRX,Market-based PCE,13274725
2022-03-01,DPCMRX,Market-based PCE,13335786
2022-04-01,DPCMRX,Market-based PCE,13407477
2022-05-01,DPCMRX,Market-based PCE,13373313
2022-06-01,DPCMRX,Market-based PCE,13367656
2022-07-01,DPCMRX,Market-based PCE,13357236
2022-08-01,DPCMRX,Market-based PCE,13427212
2022-09-01,DPCMRX,Market-based PCE,13446384
2022-10-01,DPCMRX,Market-based PCE,13486726
2022-11-01,DPCMRX,Market-based PCE,13435550
2022-12-01,DPCMRX,Market-based PCE,13425926
2023-01-01,DPCMRX,Market-based PCE,13609419
2023-02-01,DPCMRX,Market-based PCE,13609627
2023-03-01,DPCMRX,Market-based PCE,13601718
2023-04-01,DPCMRX,Market-based PCE,13638944
2023-05-01,DPCMRX,Market-based PCE,13635173
2023-06-01,DPCMRX,Market-based PCE,13675014
2023-07-01,DPCMRX,Market-based PCE,13747789
2023-08-01,DPCMRX,Market-based PCE,13769129
2023-09-01,DPCMRX,Market-based PCE,13795396
2023-10-01,DPCMRX,Market-based PCE,13827601
2023-11-01,DPCMRX,Market-based PCE,13867310
2023-12-01,DPCMRX,Market-based PCE,13911437
2024-01-01,DPCMRX,Market-based PCE,13863048
2024-02-01,DPCMRX,Market-based PCE,13908927
2024-03-01,DPCMRX,Market-based PCE,13963394
2024-04-01,DPCMRX,Market-based PCE,13987855
2024-05-01,DPCMRX,Market-based PCE,14058407
2024-06-01,DPCMRX,Market-based PCE,14095991
2024-07-01,DPCMRX,Market-based PCE,14142793
2024-08-01,DPCMRX,Market-based PCE,14151869
2024-09-01,DPCMRX,Market-based PCE,14229911
2024-10-01,DPCMRX,Market-based PCE,14241536
2024-11-01,DPCMRX,Market-based PCE,14282578
2024-12-01,DPCMRX,Market-based PCE,14400085
2025-01-01,DPCMRX,Market-based PCE,14320475
2025-02-01,DPCMRX,Market-based PCE,14314978
2025-03-01,DPCMRX,Market-based PCE,14417432
2025-04-01,DPCMRX,Market-based PCE,14446947
2025-05-01,DPCMRX,Market-based PCE,14418681
2025-06-01,DPCMRX,Market-based PCE,14459285
2025-07-01,DPCMRX,Market-based PCE,14521357
2025-08-01,DPCMRX,Market-based PCE,14572334
2025-09-01,DPCMRX,Market-based PCE,14575861
2025-10-01,DPCMRX,Market-based PCE,14587530
2025-11-01,DPCMRX,Market-based PCE,14612776
2025-12-01,DPCMRX,Market-based PCE,14605121
2026-01-01,DPCMRX,Market-based PCE,14575269
2026-02-01,DPCMRX,Market-based PCE,14611272
2026-03-01,DPCMRX,Market-based PCE,14648073
2026-04-01,DPCMRX,Market-based PCE,14684602
2026-05-01,DPCMRX,Market-based PCE,14750568
2026-06-01,DPCMRX,Market-based PCE,14821401
2026-07-01,DPCMRX,Market-based PCE,14812396
2015-01-01,DPCXRX,Market-based PCE excluding food and energy,9368069
2015-02-01,DPCXRX,Market-based PCE excluding food and energy,9367375
2015-03-01,DPCXRX,Market-based PCE excluding food and energy,9417861
2015-04-01,DPCXRX,Market-based PCE excluding food and energy,9437758
2015-05-01,DPCXRX,Market-based PCE excluding food and energy,9476370
2015-06-01,DPCXRX,Market-based PCE excluding food and energy,9492829
2015-07-01,DPCXRX,Market-based PCE excluding food and energy,9524655
2015-08-01,DPCXRX,Market-based PCE excluding food and energy,9553265
2015-09-01,DPCXRX,Market-based PCE excluding food and energy,9547291
2015-10-01,DPCXRX,Market-based PCE excluding food and energy,9551516
2015-11-01,DPCXRX,Market-based PCE excluding food and energy,9572350
2015-12-01,DPCXRX,Market-based PCE excluding food and energy,9614254
2016-01-01,DPCXRX,Market-based PCE excluding food and energy,9626841
2016-02-01,DPCXRX,Market-based PCE excluding food and energy,9694342
2016-03-01,DPCXRX,Market-based PCE excluding food and energy,9679299
2016-04-01,DPCXRX,Market-based PCE excluding food and energy,9698544
2016-05-01,DPCXRX,Market-based PCE excluding food and energy,9711639
2016-06-01,DPCXRX,Market-based PCE excluding food and energy,9745068
2016-07-01,DPCXRX,Market-based PCE excluding food and energy,9745441
2016-08-01,DPCXRX,Market-based PCE excluding food and energy,9755085
2016-09-01,DPCXRX,Market-based PCE excluding food and energy,9791439
2016-10-01,DPCXRX,Market-based PCE excluding food and energy,9801511
2016-11-01,DPCXRX,Market-based PCE excluding food and energy,9825988
2016-12-01,DPCXRX,Market-based PCE excluding food and energy,9860552
2017-01-01,DPCXRX,Market-based PCE excluding food and energy,9892897
2017-02-01,DPCXRX,Market-based PCE excluding food and energy,9896195
2017-03-01,DPCXRX,Market-based PCE excluding food and energy,9918657
2017-04-01,DPCXRX,Market-based PCE excluding food and energy,9933563
2017-05-01,DPCXRX,Market-based PCE excluding food and energy,9929322
2017-06-01,DPCXRX,Market-based PCE excluding food and energy,9963427
2017-07-01,DPCXRX,Market-based PCE excluding food and energy,9985802
2017-08-01,DPCXRX,Market-based PCE excluding food and energy,9998086
2017-09-01,DPCXRX,Market-based PCE excluding food and energy,10052360
2017-10-01,DPCXRX,Market-based PCE excluding food and energy,10060222
2017-11-01,DPCXRX,Market-based PCE excluding food and energy,10129182
2017-12-01,DPCXRX,Market-based PCE excluding food and energy,10181012
2018-01-01,DPCXRX,Market-based PCE excluding food and energy,10183959
2018-02-01,DPCXRX,Market-based PCE excluding food and energy,10216254
2018-03-01,DPCXRX,Market-based PCE excluding food and energy,10202432
2018-04-01,DPCXRX,Market-based PCE excluding food and energy,10205581
2018-05-01,DPCXRX,Market-based PCE excluding food and energy,10255883
2018-06-01,DPCXRX,Market-based PCE excluding food and energy,10262436
2018-07-01,DPCXRX,Market-based PCE excluding food and energy,10294712
2018-08-01,DPCXRX,Market-based PCE excluding food and energy,10320583
2018-09-01,DPCXRX,Market-based PCE excluding food and energy,10292494
2018-10-01,DPCXRX,Market-based PCE excluding food and energy,10302922
2018-11-01,DPCXRX,Market-based PCE excluding food and energy,10350614
2018-12-01,DPCXRX,Market-based PCE excluding food and energy,10270914
2019-01-01,DPCXRX,Market-based PCE excluding food and energy,10322177
2019-02-01,DPCXRX,Market-based PCE excluding food and energy,10362792
2019-03-01,DPCXRX,Market-based PCE excluding food and energy,10442570
2019-04-01,DPCXRX,Market-based PCE excluding food and energy,10446634
2019-05-01,DPCXRX,Market-based PCE excluding food and energy,10507129
2019-06-01,DPCXRX,Market-based PCE excluding food and energy,10544827
2019-07-01,DPCXRX,Market-based PCE excluding food and energy,10589711
2019-08-01,DPCXRX,Market-based PCE excluding food and energy,10636623
2019-09-01,DPCXRX,Market-based PCE excluding food and energy,10676195
2019-10-01,DPCXRX,Market-based PCE excluding food and energy,10693157
2019-11-01,DPCXRX,Market-based PCE excluding food and energy,10748691
2019-12-01,DPCXRX,Market-based PCE excluding food and energy,10774415
2020-01-01,DPCXRX,Market-based PCE excluding food and energy,10802882
2020-02-01,DPCXRX,Market-based PCE excluding food and energy,10798832
2020-03-01,DPCXRX,Market-based PCE excluding food and energy,9678310
2020-04-01,DPCXRX,Market-based PCE excluding food and energy,8387878
2020-05-01,DPCXRX,Market-based PCE excluding food and energy,9395344
2020-06-01,DPCXRX,Market-based PCE excluding food and energy,10071535
2020-07-01,DPCXRX,Market-based PCE excluding food and energy,10249057
2020-08-01,DPCXRX,Market-based PCE excluding food and energy,10355731
2020-09-01,DPCXRX,Market-based PCE excluding food and energy,10502365
2020-10-01,DPCXRX,Market-based PCE excluding food and energy,10558656
2020-11-01,DPCXRX,Market-based PCE excluding food and energy,10543629
2020-12-01,DPCXRX,Market-based PCE excluding food and energy,10577115
2021-01-01,DPCXRX,Market-based PCE excluding food and energy,10722329
2021-02-01,DPCXRX,Market-based PCE excluding food and energy,10598431
2021-03-01,DPCXRX,Market-based PCE excluding food and energy,11146827
2021-04-01,DPCXRX,Market-based PCE excluding food and energy,11264516
2021-05-01,DPCXRX,Market-based PCE excluding food and energy,11255233
2021-06-01,DPCXRX,Market-based PCE excluding food and energy,11354327
2021-07-01,DPCXRX,Market-based PCE excluding food and energy,11332743
2021-08-01,DPCXRX,Market-based PCE excluding food and energy,11400811
2021-09-01,DPCXRX,Market-based PCE excluding food and energy,11433576
2021-10-01,DPCXRX,Market-based PCE excluding food and energy,11516910
2021-11-01,DPCXRX,Market-based PCE excluding food and energy,11548578
2021-12-01,DPCXRX,Market-based PCE excluding food and energy,11510285
2022-01-01,DPCXRX,Market-based PCE excluding food and energy,11507617
2022-02-01,DPCXRX,Market-based PCE excluding food and energy,11515460
2022-03-01,DPCXRX,Market-based PCE excluding food and energy,11587596
2022-04-01,DPCXRX,Market-based PCE excluding food and energy,11661644
2022-05-01,DPCXRX,Market-based PCE excluding food and energy,11632272
2022-06-01,DPCXRX,Market-based PCE excluding food and energy,11643312
2022-07-01,DPCXRX,Market-based PCE excluding food and energy,11659877
2022-08-01,DPCXRX,Market-based PCE excluding food and energy,11720703
2022-09-01,DPCXRX,Market-based PCE excluding food and energy,11744045
2022-10-01,DPCXRX,Market-based PCE excluding food and energy,11779658
2022-11-01,DPCXRX,Market-based PCE excluding food and energy,11728562
2022-12-01,DPCXRX,Market-based PCE excluding food and energy,11725628
2023-01-01,DPCXRX,Market-based PCE excluding food and energy,11947287
2023-02-01,DPCXRX,Market-based PCE excluding food and energy,11921423
2023-03-01,DPCXRX,Market-based PCE excluding food and energy,11899602
2023-04-01,DPCXRX,Market-based PCE excluding food and energy,11950266
2023-05-01,DPCXRX,Market-based PCE excluding food and energy,11958126
2023-06-01,DPCXRX,Market-based PCE excluding food and energy,11998480
2023-07-01,DPCXRX,Market-based PCE excluding food and energy,12056060
2023-08-01,DPCXRX,Market-based PCE excluding food and energy,12076812
2023-09-01,DPCXRX,Market-based PCE excluding food and energy,12107407
2023-10-01,DPCXRX,Market-based PCE excluding food and energy,12130336
2023-11-01,DPCXRX,Market-based PCE excluding food and energy,12173272
2023-12-01,DPCXRX,Market-based PCE excluding food and energy,12230806
2024-01-01,DPCXRX,Market-based PCE excluding food and energy,12184335
2024-02-01,DPCXRX,Market-based PCE excluding food and energy,12243230
2024-03-01,DPCXRX,Market-based PCE excluding food and energy,12271367
2024-04-01,DPCXRX,Market-based PCE excluding food and energy,12284570
2024-05-01,DPCXRX,Market-based PCE excluding food and energy,12347819
2024-06-01,DPCXRX,Market-based PCE excluding food and energy,12385520
2024-07-01,DPCXRX,Market-based PCE excluding food and energy,12425316
2024-08-01,DPCXRX,Market-based PCE excluding food and energy,12445784
2024-09-01,DPCXRX,Market-based PCE excluding food and energy,12506627
2024-10-01,DPCXRX,Market-based PCE excluding food and energy,12523860
2024-11-01,DPCXRX,Market-based PCE excluding food and energy,12582158
2024-12-01,DPCXRX,Market-based PCE excluding food and energy,12664455
2025-01-01,DPCXRX,Market-based PCE excluding food and energy,12567777
2025-02-01,DPCXRX,Market-based PCE excluding food and energy,12576223
2025-03-01,DPCXRX,Market-based PCE excluding food and energy,12698566
2025-04-01,DPCXRX,Market-based PCE excluding food and energy,12719617
2025-05-01,DPCXRX,Market-based PCE excluding food and energy,12702245
2025-06-01,DPCXRX,Market-based PCE excluding food and energy,12729744
2025-07-01,DPCXRX,Market-based PCE excluding food and energy,12793355
2025-08-01,DPCXRX,Market-based PCE excluding food and energy,12849345
2025-09-01,DPCXRX,Market-based PCE excluding food and energy,12851697
2025-10-01,DPCXRX,Market-based PCE excluding food and energy,12865825
2025-11-01,DPCXRX,Market-based PCE excluding food and energy,12891245
2025-12-01,DPCXRX,Market-based PCE excluding food and energy,12872981
2026-01-01,DPCXRX,Market-based PCE excluding food and energy,12840468
2026-02-01,DPCXRX,Market-based PCE excluding food and energy,12890346
2026-03-01,DPCXRX,Market-based PCE excluding food and energy,12928506
2026-04-01,DPCXRX,Market-based PCE excluding food and energy,12959860
2026-05-01,DPCXRX,Market-based PCE excluding food and energy,13041350
2026-06-01,DPCXRX,Market-based PCE excluding food and energy,13104016
2026-07-01,DPCXRX,Market-based PCE excluding food and energy,13094285
