DATE,cpi_sa,cpi_nsa,core_cpi_sa,pce_price,core_pce_price,cpi_food_away,cpi_gasoline,cpi_food_home,cpi_shelter,cpi_apparel,cpi_used_cars,retail_sa,retail_nsa,retail_ex_auto,pce,real_pce,pce_durables,pce_nondurables,pce_services,real_income,savings_rate,unemployment,payrolls,fed_funds,treasury_2y,treasury_10y,breakeven_10y,sentiment,inflation_expect,vix,dollar,oil
2015-01-01,234.747,233.707,239.811,96.654,96.214,253.037,199.553,242.553,274.762,126.129,144.875,428208.0,391738.0,341152.0,12066.7,12484.7,1280.2,2587.0,8199.5,13797.7,6.3,5.7,140568.0,0.11,,,,98.1,2.5,,,
2015-01-02,,,,,,,,,,,,,,,,,,,,,,,,,0.66,2.12,1.71,,,17.79,102.9027,52.72
2015-01-05,,,,,,,,,,,,,,,,,,,,,,,,,0.68,2.04,1.64,,,19.92,103.4976,50.05
2015-01-06,,,,,,,,,,,,,,,,,,,,,,,,,0.65,1.97,1.56,,,21.12,103.2938,47.98
2015-01-07,,,,,,,,,,,,,,,,,,,,,,,,,0.62,1.96,1.57,,,19.31,103.6316,48.69
2015-01-08,,,,,,,,,,,,,,,,,,,,,,,,,0.62,2.03,1.62,,,17.01,103.2799,
2015-01-09,,,,,,,,,,,,,,,,,,,,,,,,,0.59,1.98,1.62,,,17.55,103.1213,48.35
2015-01-12,,,,,,,,,,,,,,,,,,,,,,,,,0.56,1.92,1.57,,,19.6,103.2372,46.06
2015-01-13,,,,,,,,,,,,,,,,,,,,,,,,,0.54,1.91,1.54,,,20.56,103.27,45.92
2015-01-14,,,,,,,,,,,,,,,,,,,,,,,,,0.51,1.86,1.57,,,21.48,103.0903,48.49
2015-01-15,,,,,,,,,,,,,,,,,,,,,,,,,0.44,1.77,1.58,,,22.39,103.0829,46.37
2015-01-16,,,,,,,,,,,,,,,,,,,,,,,,,0.49,1.83,1.6,,,20.95,103.2189,48.49
2015-01-19,,,,,,,,,,,,,,,,,,,,,,,,,,,,,,,,
2015-01-20,,,,,,,,,,,,,,,,,,,,,,,,,0.53,1.82,1.59,,,19.89,103.5233,46.79
2015-01-21,,,,,,,,,,,,,,,,,,,,,,,,,0.53,1.87,1.61,,,18.85,103.7858,47.85
2015-01-22,,,,,,,,,,,,,,,,,,,,,,,,,0.53,1.9,1.61,,,16.4,103.9271,
2015-01-23,,,,,,,,,,,,,,,,,,,,,,,,,0.52,1.81,1.6,,,16.66,104.3676,45.26
2015-01-26,,,,,,,,,,,,,,,,,,,,,,,,,0.54,1.83,1.61,,,15.52,104.4818,
2015-01-27,,,,,,,,,,,,,,,,,,,,,,,,,0.54,1.83,1.66,,,17.22,104.1646,
2015-01-28,,,,,,,,,,,,,,,,,,,,,,,,,0.5,1.73,1.61,,,20.44,104.4737,
2015-01-29,,,,,,,,,,,,,,,,,,,,,,,,,0.51,1.77,1.62,,,18.76,105.2763,
2015-01-30,,,,,,,,,,,,,,,,,,,,,,,,,0.47,1.68,1.65,,,20.97,105.5884,47.79
2015-02-01,235.342,234.722,240.172,96.825,96.324,253.719,206.901,242.598,275.47,125.96,147.264,427119.0,381513.0,341440.0,12116.6,12514.1,1283.8,2604.6,8228.3,13848.0,6.4,5.5,140827.0,0.11,,,,95.4,2.8,,,
2015-02-02,,,,,,,,,,,,,,,,,,,,,,,,,0.49,1.68,1.65,,,19.43,105.2058,
2015-02-03,,,,,,,,,,,,,,,,,,,,,,,,,0.52,1.79,1.7,,,17.33,104.6063,53.04
2015-02-04,,,,,,,,,,,,,,,,,,,,,,,,,0.52,1.81,1.71,,,18.33,104.785,
2015-02-05,,,,,,,,,,,,,,,,,,,,,,,,,0.52,1.83,1.7,,,16.85,104.4915,50.48
2015-02-06,,,,,,,,,,,,,,,,,,,,,,,,,0.65,1.95,1.71,,,17.29,105.1283,51.66
2015-02-09,,,,,,,,,,,,,,,,,,,,,,,,,0.65,1.96,1.71,,,18.55,104.9889,52.99
2015-02-10,,,,,,,,,,,,,,,,,,,,,,,,,0.67,2.01,1.7,,,17.23,105.2897,50.06
2015-02-11,,,,,,,,,,,,,,,,,,,,,,,,,0.67,2.0,1.68,,,16.96,105.7901,48.8
2015-02-12,,,,,,,,,,,,,,,,,,,,,,,,,0.61,1.99,1.66,,,15.34,104.9385,51.17
2015-02-13,,,,,,,,,,,,,,,,,,,,,,,,,0.66,2.02,1.68,,,14.69,104.8452,52.66
2015-02-16,,,,,,,,,,,,,,,,,,,,,,,,,,,,,,,,
2015-02-17,,,,,,,,,,,,,,,,,,,,,,,,,0.7,2.14,1.71,,,15.8,,53.56
2015-02-18,,,,,,,,,,,,,,,,,,,,,,,,,0.62,2.07,1.71,,,15.45,105.2514,52.13
2015-02-19,,,,,,,,,,,,,,,,,,,,,,,,,0.67,2.11,1.74,,,15.29,105.1407,51.12
2015-02-20,,,,,,,,,,,,,,,,,,,,,,,,,0.67,2.13,1.75,,,14.3,105.3387,49.95
2015-02-23,,,,,,,,,,,,,,,,,,,,,,,,,0.64,2.06,1.72,,,14.56,105.5359,49.56
2015-02-24,,,,,,,,,,,,,,,,,,,,,,,,,0.6,1.99,1.72,,,13.69,105.5472,48.48
2015-02-25,,,,,,,,,,,,,,,,,,,,,,,,,0.61,1.96,1.72,,,13.84,105.0503,50.25
2015-02-26,,,,,,,,,,,,,,,,,,,,,,,,,0.66,2.03,1.79,,,13.91,105.5021,47.65
2015-02-27,,,,,,,,,,,,,,,,,,,,,,,,,0.63,2.0,1.83,,,13.34,105.5981,49.84
2015-03-01,235.976,236.119,240.755,97.008,96.47,254.108,214.684,241.633,276.258,126.626,147.694,433647.0,438118.0,343998.0,12176.1,12551.8,1309.2,2625.7,8241.2,13811.3,5.9,5.4,140923.0,0.11,,,,93.0,3.0,,,
2015-03-02,,,,,,,,,,,,,,,,,,,,,,,,,0.66,2.08,1.83,,,13.04,105.8151,49.59
2015-03-03,,,,,,,,,,,,,,,,,,,,,,,,,0.68,2.12,1.86,,,13.86,105.5562,50.43
2015-03-04,,,,,,,,,,,,,,,,,,,,,,,,,0.66,2.12,1.87,,,14.23,106.1333,51.53
2015-03-05,,,,,,,,,,,,,,,,,,,,,,,,,0.65,2.11,1.84,,,14.04,,50.76
2015-03-06,,,,,,,,,,,,,,,,,,,,,,,,,0.73,2.24,1.83,,,15.2,107.4337,49.61
2015-03-09,,,,,,,,,,,,,,,,,,,,,,,,,0.7,2.2,1.76,,,15.06,107.5199,49.95
2015-03-10,,,,,,,,,,,,,,,,,,,,,,,,,0.7,2.14,1.73,,,16.69,108.1165,48.42
2015-03-11,,,,,,,,,,,,,,,,,,,,,,,,,0.7,2.11,1.72,,,16.87,108.5235,48.06
2015-03-12,,,,,,,,,,,,,,,,,,,,,,,,,0.67,2.1,1.71,,,15.42,108.1741,47.12
2015-03-13,,,,,,,,,,,,,,,,,,,,,,,,,0.68,2.13,1.69,,,16.0,108.9174,44.88
2015-03-16,,,,,,,,,,,,,,,,,,,,,,,,,0.66,2.1,1.65,,,15.61,108.6422,43.93
2015-03-17,,,,,,,,,,,,,,,,,,,,,,,,,0.7,2.06,1.64,,,15.66,108.5805,43.39
2015-03-18,,,,,,,,,,,,,,,,,,,,,,,,,0.57,1.93,1.7,,,13.97,108.408,44.63
2015-03-19,,,,,,,,,,,,,,,,,,,,,,,,,0.63,1.98,1.79,,,14.07,108.1826,44.02
2015-03-20,,,,,,,,,,,,,,,,,,,,,,,,,0.6,1.93,1.76,,,13.02,107.1671,46.0
2015-03-23,,,,,,,,,,,,,,,,,,,,,,,,,0.6,1.92,1.75,,,13.41,106.5022,47.4
2015-03-24,,,,,,,,,,,,,,,,,,,,,,,,,0.58,1.88,1.77,,,13.62,106.4401,47.03
2015-03-25,,,,,,,,,,,,,,,,,,,,,,,,,0.59,1.93,1.81,,,15.44,106.2636,48.75
2015-03-26,,,,,,,,,,,,,,,,,,,,,,,,,0.61,2.01,1.8,,,15.8,106.5582,51.41
2015-03-27,,,,,,,,,,,,,,,,,,,,,,,,,0.58,1.95,1.76,,,15.07,106.8916,48.83
2015-03-30,,,,,,,,,,,,,,,,,,,,,,,,,0.58,1.96,1.73,,,14.51,107.3941,48.66
2015-03-31,,,,,,,,,,,,,,,,,,,,,,,,,0.56,1.94,1.76,,,15.29,107.4396,47.72
2015-04-01,236.222,236.599,241.346,97.094,96.648,254.727,211.577,241.106,277.003,126.39,148.404,434470.0,431604.0,344264.0,12209.1,12574.8,1315.9,2617.4,8275.8,13842.0,5.9,5.4,141196.0,0.12,0.55,1.87,1.8,95.9,2.6,15.11,107.06,50.12
2015-04-02,,,,,,,,,,,,,,,,,,,,,,,,,0.55,1.92,1.81,,,14.67,106.6738,49.13
2015-04-03,,,,,,,,,,,,,,,,,,,,,,,,,0.49,1.85,1.83,,,,105.8861,
2015-04-06,,,,,,,,,,,,,,,,,,,,,,,,,0.51,1.92,1.85,,,14.74,105.7876,52.08
2015-04-07,,,,,,,,,,,,,,,,,,,,,,,,,0.52,1.89,1.85,,,14.78,106.4488,53.95
2015-04-08,,,,,,,,,,,,,,,,,,,,,,,,,0.54,1.92,1.84,,,13.98,106.4231,50.44
2015-04-09,,,,,,,,,,,,,,,,,,,,,,,,,0.56,1.97,1.84,,,13.09,107.0335,50.79
2015-04-10,,,,,,,,,,,,,,,,,,,,,,,,,0.57,1.96,1.82,,,12.58,107.4526,51.63
2015-04-13,,,,,,,,,,,,,,,,,,,,,,,,,0.54,1.94,1.8,,,13.94,107.7508,51.95
2015-04-14,,,,,,,,,,,,,,,,,,,,,,,,,0.53,1.9,1.8,,,13.67,107.0547,53.3
2015-04-15,,,,,,,,,,,,,,,,,,,,,,,,,0.51,1.91,1.84,,,12.84,107.1855,56.25
2015-04-16,,,,,,,,,,,,,,,,,,,,,,,,,0.5,1.9,1.85,,,12.6,106.2761,56.69
2015-04-17,,,,,,,,,,,,,,,,,,,,,,,,,0.51,1.87,1.89,,,13.89,106.329,55.71
2015-04-20,,,,,,,,,,,,,,,,,,,,,,,,,0.55,1.9,1.89,,,13.3,106.4902,56.37
2015-04-21,,,,,,,,,,,,,,,,,,,,,,,,,0.55,1.92,1.86,,,13.25,106.5582,55.58
2015-04-22,,,,,,,,,,,,,,,,,,,,,,,,,0.57,1.99,1.87,,,12.71,106.5815,56.17
2015-04-23,,,,,,,,,,,,,,,,,,,,,,,,,0.55,1.96,1.89,,,12.48,106.1658,56.59
2015-04-24,,,,,,,,,,,,,,,,,,,,,,,,,0.54,1.93,1.89,,,12.29,105.905,55.98
2015-04-27,,,,,,,,,,,,,,,,,,,,,,,,,0.54,1.94,1.91,,,13.12,105.6891,55.56
2015-04-28,,,,,,,,,,,,,,,,,,,,,,,,,0.56,2.0,1.89,,,12.41,105.1234,57.05
2015-04-29,,,,,,,,,,,,,,,,,,,,,,,,,0.56,2.06,1.92,,,13.39,104.5634,58.55
2015-04-30,,,,,,,,,,,,,,,,,,,,,,,,,0.58,2.05,1.94,,,14.55,105.312,59.62
2015-05-01,237.001,237.805,241.688,97.327,96.766,255.322,225.281,241.107,277.524,125.831,149.29,437865.0,456436.0,346941.0,12275.4,12612.7,1319.6,2649.4,8306.5,13865.6,5.8,5.6,141538.0,0.12,0.6,2.12,1.94,90.7,2.8,12.7,105.6382,59.1
2015-05-04,,,,,,,,,,,,,,,,,,,,,,,,,0.6,2.16,1.92,,,12.85,105.6679,58.92
2015-05-05,,,,,,,,,,,,,,,,,,,,,,,,,0.62,2.19,1.94,,,14.31,105.2396,60.38
2015-05-06,,,,,,,,,,,,,,,,,,,,,,,,,0.65,2.25,1.91,,,15.15,104.6935,60.93
2015-05-07,,,,,,,,,,,,,,,,,,,,,,,,,0.63,2.18,1.88,,,15.13,105.1941,58.99
2015-05-08,,,,,,,,,,,,,,,,,,,,,,,,,0.59,2.16,1.88,,,12.86,104.8424,59.41
2015-05-11,,,,,,,,,,,,,,,,,,,,,,,,,0.62,2.28,1.88,,,13.85,105.3075,59.23
2015-05-12,,,,,,,,,,,,,,,,,,,,,,,,,0.61,2.28,1.88,,,13.86,104.8924,60.72
2015-05-13,,,,,,,,,,,,,,,,,,,,,,,,,0.59,2.27,1.86,,,13.76,104.3608,60.5
2015-05-14,,,,,,,,,,,,,,,,,,,,,,,,,0.56,2.23,1.87,,,12.74,104.2359,59.89
2015-05-15,,,,,,,,,,,,,,,,,,,,,,,,,0.55,2.14,1.83,,,12.38,104.0202,59.73
2015-05-18,,,,,,,,,,,,,,,,,,,,,,,,,0.58,2.23,1.86,,,12.73,104.6068,59.44
2015-05-19,,,,,,,,,,,,,,,,,,,,,,,,,0.63,2.27,1.85,,,12.85,105.3448,57.3
2015-05-20,,,,,,,,,,,,,,,,,,,,,,,,,0.6,2.26,1.88,,,12.88,105.5605,58.96
2015-05-21,,,,,,,,,,,,,,,,,,,,,,,,,0.6,2.19,1.84,,,12.11,105.3808,60.18
2015-05-22,,,,,,,,,,,,,,,,,,,,,,,,,0.64,2.21,1.87,,,12.13,105.8487,58.88
2015-05-25,,,,,,,,,,,,,,,,,,,,,,,,,,,,,,,,
2015-05-26,,,,,,,,,,,,,,,,,,,,,,,,,0.64,2.14,1.82,,,14.06,106.7294,57.29
2015-05-27,,,,,,,,,,,,,,,,,,,,,,,,,0.64,2.14,1.8,,,13.27,106.908,57.51
2015-05-28,,,,,,,,,,,,,,,,,,,,,,,,,0.62,2.13,1.8,,,13.31,106.92,57.69
2015-05-29,,,,,,,,,,,,,,,,,,,,,,,,,0.61,2.12,1.8,,,13.84,106.7388,60.25
2015-06-01,237.657,238.638,242.064,97.516,96.882,255.846,230.871,241.922,278.284,125.51,149.48,437951.0,441657.0,347187.0,12307.9,12621.6,1317.8,2656.7,8333.4,13874.1,5.7,5.3,141709.0,0.13,0.64,2.19,1.8,96.1,2.7,13.97,107.2238,60.24
2015-06-02,,,,,,,,,,,,,,,,,,,,,,,,,0.64,2.27,1.83,,,14.24,106.4507,61.3
2015-06-03,,,,,,,,,,,,,,,,,,,,,,,,,0.69,2.38,1.83,,,13.66,106.1443,59.67
2015-06-04,,,,,,,,,,,,,,,,,,,,,,,,,0.66,2.31,1.81,,,14.71,106.4725,58.0
2015-06-05,,,,,,,,,,,,,,,,,,,,,,,,,0.73,2.41,1.86,,,14.21,107.1336,59.11
2015-06-08,,,,,,,,,,,,,,,,,,,,,,,,,0.7,2.39,1.85,,,15.29,106.7693,58.15
2015-06-09,,,,,,,,,,,,,,,,,,,,,,,,,0.72,2.42,1.86,,,14.47,106.2238,60.15
2015-06-10,,,,,,,,,,,,,,,,,,,,,,,,,0.75,2.5,1.87,,,13.22,105.8037,61.36
2015-06-11,,,,,,,,,,,,,,,,,,,,,,,,,0.73,2.39,1.83,,,12.85,106.0934,60.74
2015-06-12,,,,,,,,,,,,,,,,,,,,,,,,,0.74,2.39,1.84,,,13.78,105.9015,59.96
2015-06-15,,,,,,,,,,,,,,,,,,,,,,,,,0.72,2.36,1.85,,,15.39,105.9989,59.53
2015-06-16,,,,,,,,,,,,,,,,,,,,,,,,,0.71,2.32,1.88,,,14.81,106.0473,60.01
2015-06-17,,,,,,,,,,,,,,,,,,,,,,,,,0.67,2.32,1.9,,,14.5,106.058,59.89
2015-06-18,,,,,,,,,,,,,,,,,,,,,,,,,0.66,2.35,1.89,,,13.19,105.102,60.41
2015-06-19,,,,,,,,,,,,,,,,,,,,,,,,,0.65,2.26,1.86,,,13.96,105.4496,59.62
2015-06-22,,,,,,,,,,,,,,,,,,,,,,,,,0.68,2.37,1.9,,,12.74,105.3846,60.01
2015-06-23,,,,,,,,,,,,,,,,,,,,,,,,,0.7,2.42,1.92,,,12.11,105.9678,61.05
2015-06-24,,,,,,,,,,,,,,,,,,,,,,,,,0.68,2.38,1.9,,,13.26,106.2522,60.01
2015-06-25,,,,,,,,,,,,,,,,,,,,,,,,,0.68,2.4,1.91,,,14.01,106.1515,59.59
2015-06-26,,,,,,,,,,,,,,,,,,,,,,,,,0.72,2.49,1.92,,,14.02,106.4116,59.41
2015-06-29,,,,,,,,,,,,,,,,,,,,,,,,,0.64,2.33,1.87,,,18.85,106.3785,58.34
2015-06-30,,,,,,,,,,,,,,,,,,,,,,,,,0.64,2.35,1.87,,,18.23,106.5191,59.48
2015-07-01,238.034,238.654,242.565,97.605,96.978,255.905,231.775,242.25,279.329,125.689,149.078,441942.0,451579.0,350764.0,12364.9,12668.4,1324.7,2676.5,8363.7,13905.7,5.6,5.2,141991.0,0.13,0.69,2.43,1.89,93.1,2.8,16.09,107.0101,56.94
2015-07-02,,,,,,,,,,,,,,,,,,,,,,,,,0.64,2.4,1.91,,,16.79,106.9106,56.93
2015-07-03,,,,,,,,,,,,,,,,,,,,,,,,,,,,,,,,
2015-07-06,,,,,,,,,,,,,,,,,,,,,,,,,0.6,2.3,1.87,,,17.01,107.1343,52.48
2015-07-07,,,,,,,,,,,,,,,,,,,,,,,,,0.58,2.27,1.87,,,16.09,107.785,52.33
2015-07-08,,,,,,,,,,,,,,,,,,,,,,,,,0.55,2.22,1.83,,,19.66,107.4734,51.61
2015-07-09,,,,,,,,,,,,,,,,,,,,,,,,,0.6,2.32,1.85,,,19.97,107.5595,52.76
2015-07-10,,,,,,,,,,,,,,,,,,,,,,,,,0.65,2.42,1.87,,,16.83,107.213,52.74
2015-07-13,,,,,,,,,,,,,,,,,,,,,,,,,0.69,2.44,1.86,,,13.9,107.5849,52.19
2015-07-14,,,,,,,,,,,,,,,,,,,,,,,,,0.66,2.41,1.85,,,13.37,107.4843,53.05
2015-07-15,,,,,,,,,,,,,,,,,,,,,,,,,0.64,2.36,1.84,,,13.23,108.0149,51.4
2015-07-16,,,,,,,,,,,,,,,,,,,,,,,,,0.67,2.36,1.84,,,12.11,108.1726,50.9
2015-07-17,,,,,,,,,,,,,,,,,,,,,,,,,0.68,2.34,1.83,,,11.95,108.5374,50.88
2015-07-20,,,,,,,,,,,,,,,,,,,,,,,,,0.71,2.38,1.82,,,12.25,108.6944,50.11
2015-07-21,,,,,,,,,,,,,,,,,,,,,,,,,0.71,2.35,1.82,,,12.22,108.3893,50.59
2015-07-22,,,,,,,,,,,,,,,,,,,,,,,,,0.75,2.33,1.8,,,12.12,108.7817,49.27
2015-07-23,,,,,,,,,,,,,,,,,,,,,,,,,0.71,2.28,1.79,,,12.64,108.7565,48.11
2015-07-24,,,,,,,,,,,,,,,,,,,,,,,,,0.7,2.27,1.76,,,13.74,109.0174,47.98
2015-07-27,,,,,,,,,,,,,,,,,,,,,,,,,0.68,2.23,1.73,,,15.6,108.6924,47.17
2015-07-28,,,,,,,,,,,,,,,,,,,,,,,,,0.69,2.26,1.75,,,13.44,108.6881,47.97
2015-07-29,,,,,,,,,,,,,,,,,,,,,,,,,0.7,2.29,1.77,,,12.5,108.604,48.77
2015-07-30,,,,,,,,,,,,,,,,,,,,,,,,,0.72,2.28,1.77,,,12.13,109.4328,48.53
2015-07-31,,,,,,,,,,,,,,,,,,,,,,,,,0.67,2.2,1.74,,,12.12,108.7819,47.11
2015-08-01,238.033,238.316,242.817,97.612,97.056,256.449,225.725,242.864,279.921,126.166,148.295,441849.0,449793.0,350017.0,12396.2,12699.7,1330.9,2672.5,8392.8,13935.8,5.6,5.1,142125.0,0.14,,,,91.9,2.8,,,
2015-08-03,,,,,,,,,,,,,,,,,,,,,,,,,0.68,2.16,1.7,,,12.56,109.214,45.25
2015-08-04,,,,,,,,,,,,,,,,,,,,,,,,,0.74,2.23,1.71,,,13.0,109.2244,45.75
2015-08-05,,,,,,,,,,,,,,,,,,,,,,,,,0.73,2.28,1.7,,,12.51,109.842,45.13
2015-08-06,,,,,,,,,,,,,,,,,,,,,,,,,0.71,2.23,1.67,,,13.77,109.722,44.69
2015-08-07,,,,,,,,,,,,,,,,,,,,,,,,,0.73,2.18,1.66,,,13.39,109.4376,43.87
2015-08-10,,,,,,,,,,,,,,,,,,,,,,,,,0.73,2.24,1.69,,,12.23,109.1931,44.94
2015-08-11,,,,,,,,,,,,,,,,,,,,,,,,,0.68,2.15,1.66,,,13.71,109.9464,43.11
2015-08-12,,,,,,,,,,,,,,,,,,,,,,,,,0.67,2.14,1.62,,,13.61,109.4655,43.22
2015-08-13,,,,,,,,,,,,,,,,,,,,,,,,,0.72,2.19,1.62,,,13.49,109.9025,42.27
2015-08-14,,,,,,,,,,,,,,,,,,,,,,,,,0.73,2.2,1.62,,,12.83,109.9174,42.45
2015-08-17,,,,,,,,,,,,,,,,,,,,,,,,,0.72,2.16,1.58,,,13.02,110.1435,41.93
2015-08-18,,,,,,,,,,,,,,,,,,,,,,,,,0.74,2.2,1.58,,,13.79,110.2504,42.58
2015-08-19,,,,,,,,,,,,,,,,,,,,,,,,,0.67,2.12,1.57,,,15.25,110.4333,40.75
2015-08-20,,,,,,,,,,,,,,,,,,,,,,,,,0.69,2.09,1.56,,,19.14,110.1077,41.0
2015-08-21,,,,,,,,,,,,,,,,,,,,,,,,,0.64,2.05,1.53,,,28.03,110.1443,40.45
2015-08-24,,,,,,,,,,,,,,,,,,,,,,,,,0.59,2.01,1.49,,,40.74,109.9306,38.22
2015-08-25,,,,,,,,,,,,,,,,,,,,,,,,,0.67,2.12,1.53,,,36.02,110.3394,39.15
2015-08-26,,,,,,,,,,,,,,,,,,,,,,,,,0.67,2.18,1.53,,,30.32,110.5807,38.5
2015-08-27,,,,,,,,,,,,,,,,,,,,,,,,,0.68,2.18,1.58,,,26.1,110.4834,42.47
2015-08-28,,,,,,,,,,,,,,,,,,,,,,,,,0.72,2.19,1.61,,,26.05,110.6714,45.29
2015-08-31,,,,,,,,,,,,,,,,,,,,,,,,,0.74,2.21,1.63,,,28.43,110.5621,49.2
2015-09-01,237.498,237.945,243.316,97.477,97.196,257.83,201.935,243.198,280.737,126.011,147.554,439867.0,424822.0,347614.0,12386.4,12707.2,1325.1,2651.1,8410.2,13972.2,5.8,5.0,142275.0,0.14,0.7,2.17,1.57,87.2,2.8,31.4,110.4506,45.38
2015-09-02,,,,,,,,,,,,,,,,,,,,,,,,,0.72,2.2,1.56,,,26.09,110.7979,46.3
2015-09-03,,,,,,,,,,,,,,,,,,,,,,,,,0.71,2.18,1.54,,,25.61,110.8566,46.75
2015-09-04,,,,,,,,,,,,,,,,,,,,,,,,,0.71,2.13,1.51,,,27.8,111.1018,46.02
2015-09-07,,,,,,,,,,,,,,,,,,,,,,,,,,,,,,,,
2015-09-08,,,,,,,,,,,,,,,,,,,,,,,,,0.74,2.2,1.53,,,24.9,110.7942,45.92
2015-09-09,,,,,,,,,,,,,,,,,,,,,,,,,0.75,2.21,1.56,,,26.23,110.9225,44.13
2015-09-10,,,,,,,,,,,,,,,,,,,,,,,,,0.75,2.23,1.59,,,24.37,110.6331,45.85
2015-09-11,,,,,,,,,,,,,,,,,,,,,,,,,0.71,2.2,1.59,,,23.2,110.6109,44.75
2015-09-14,,,,,,,,,,,,,,,,,,,,,,,,,0.73,2.18,1.56,,,24.25,110.5005,44.07
2015-09-15,,,,,,,,,,,,,,,,,,,,,,,,,0.82,2.28,1.56,,,22.54,110.6394,44.58
2015-09-16,,,,,,,,,,,,,,,,,,,,,,,,,0.82,2.3,1.57,,,21.35,110.1021,47.12
2015-09-17,,,,,,,,,,,,,,,,,,,,,,,,,0.7,2.21,1.58,,,21.14,110.1212,46.93
2015-09-18,,,,,,,,,,,,,,,,,,,,,,,,,0.69,2.13,1.55,,,22.28,109.8165,44.71
2015-09-21,,,,,,,,,,,,,,,,,,,,,,,,,0.72,2.2,1.54,,,20.14,110.6414,46.67
2015-09-22,,,,,,,,,,,,,,,,,,,,,,,,,0.69,2.14,1.51,,,22.44,111.1967,46.17
2015-09-23,,,,,,,,,,,,,,,,,,,,,,,,,0.7,2.16,1.52,,,22.13,111.6287,44.53
2015-09-24,,,,,,,,,,,,,,,,,,,,,,,,,0.67,2.13,1.49,,,23.47,111.4454,44.94
2015-09-25,,,,,,,,,,,,,,,,,,,,,,,,,0.7,2.17,1.46,,,23.62,111.3725,45.55
2015-09-28,,,,,,,,,,,,,,,,,,,,,,,,,0.67,2.1,1.39,,,27.63,111.3914,44.4
2015-09-29,,,,,,,,,,,,,,,,,,,,,,,,,0.64,2.05,1.39,,,26.83,111.5219,45.24
2015-09-30,,,,,,,,,,,,,,,,,,,,,,,,,0.64,2.06,1.41,,,24.5,111.3311,45.06
2015-10-01,237.733,237.838,243.768,97.477,97.228,258.363,199.315,243.284,281.429,125.323,146.397,438693.0,438395.0,347256.0,12394.9,12715.9,1317.5,2637.2,8440.2,13996.9,5.8,5.0,142579.0,0.12,0.64,2.05,1.46,90.0,2.7,22.55,111.0439,44.75
2015-10-02,,,,,,,,,,,,,,,,,,,,,,,,,0.58,1.99,1.48,,,20.94,110.7006,45.54
2015-10-05,,,,,,,,,,,,,,,,,,,,,,,,,0.61,2.07,1.51,,,19.54,110.4445,46.28
2015-10-06,,,,,,,,,,,,,,,,,,,,,,,,,0.61,2.05,1.52,,,19.4,110.1371,48.53
2015-10-07,,,,,,,,,,,,,,,,,,,,,,,,,0.65,2.08,1.55,,,18.4,109.8162,47.86
2015-10-08,,,,,,,,,,,,,,,,,,,,,,,,,0.65,2.12,1.58,,,17.42,109.6452,49.46
2015-10-09,,,,,,,,,,,,,,,,,,,,,,,,,0.65,2.12,1.54,,,17.08,109.0782,49.67
2015-10-12,,,,,,,,,,,,,,,,,,,,,,,,,,,,,,16.17,,47.09
2015-10-13,,,,,,,,,,,,,,,,,,,,,,,,,0.64,2.06,1.52,,,17.67,109.4119,46.7
2015-10-14,,,,,,,,,,,,,,,,,,,,,,,,,0.57,1.99,1.49,,,18.03,109.1244,46.63
2015-10-15,,,,,,,,,,,,,,,,,,,,,,,,,0.61,2.04,1.5,,,16.05,108.6671,46.38
2015-10-16,,,,,,,,,,,,,,,,,,,,,,,,,0.61,2.04,1.48,,,15.05,108.9956,47.3
2015-10-19,,,,,,,,,,,,,,,,,,,,,,,,,0.61,2.04,1.45,,,14.98,109.3858,45.91
2015-10-20,,,,,,,,,,,,,,,,,,,,,,,,,0.66,2.08,1.48,,,15.75,109.3368,45.84
2015-10-21,,,,,,,,,,,,,,,,,,,,,,,,,0.64,2.04,1.45,,,16.7,109.7746,45.22
2015-10-22,,,,,,,,,,,,,,,,,,,,,,,,,0.61,2.04,1.47,,,14.45,110.0342,44.9
2015-10-23,,,,,,,,,,,,,,,,,,,,,,,,,0.66,2.09,1.51,,,14.46,110.4329,43.91
2015-10-26,,,,,,,,,,,,,,,,,,,,,,,,,0.66,2.07,1.48,,,15.29,110.2089,43.19
2015-10-27,,,,,,,,,,,,,,,,,,,,,,,,,0.65,2.05,1.48,,,15.43,110.4875,43.21
2015-10-28,,,,,,,,,,,,,,,,,,,,,,,,,0.73,2.1,1.47,,,14.33,110.2334,45.93
2015-10-29,,,,,,,,,,,,,,,,,,,,,,,,,0.75,2.19,1.52,,,14.61,110.8083,46.02
2015-10-30,,,,,,,,,,,,,,,,,,,,,,,,,0.75,2.16,1.53,,,15.07,110.2079,46.6
2015-11-01,238.017,237.336,244.241,97.538,97.332,258.805,198.984,242.606,282.129,125.724,144.85,440303.0,437204.0,347778.0,12423.2,12737.0,1332.1,2649.4,8441.7,13993.4,5.6,5.1,142808.0,0.12,,,,91.3,2.7,,,
2015-11-02,,,,,,,,,,,,,,,,,,,,,,,,,0.77,2.2,1.55,,,14.15,110.2188,46.12
2015-11-03,,,,,,,,,,,,,,,,,,,,,,,,,0.8,2.23,1.58,,,14.54,110.244,47.88
2015-11-04,,,,,,,,,,,,,,,,,,,,,,,,,0.84,2.25,1.57,,,15.51,110.7139,46.32
2015-11-05,,,,,,,,,,,,,,,,,,,,,,,,,0.85,2.26,1.55,,,15.05,110.8302,45.27
2015-11-06,,,,,,,,,,,,,,,,,,,,,,,,,0.9,2.34,1.59,,,14.33,111.7603,44.32
2015-11-09,,,,,,,,,,,,,,,,,,,,,,,,,0.89,2.36,1.6,,,16.52,111.9112,43.87
2015-11-10,,,,,,,,,,,,,,,,,,,,,,,,,0.87,2.32,1.55,,,15.29,111.9919,44.23
2015-11-11,,,,,,,,,,,,,,,,,,,,,,,,,,,,,,16.06,,42.95
2015-11-12,,,,,,,,,,,,,,,,,,,,,,,,,0.89,2.32,1.54,,,18.37,111.7965,41.74
2015-11-13,,,,,,,,,,,,,,,,,,,,,,,,,0.86,2.28,1.52,,,20.08,112.0264,40.69
2015-11-16,,,,,,,,,,,,,,,,,,,,,,,,,0.88,2.27,1.51,,,18.16,112.2199,41.68
2015-11-17,,,,,,,,,,,,,,,,,,,,,,,,,0.86,2.25,1.53,,,18.84,112.3141,40.73
2015-11-18,,,,,,,,,,,,,,,,,,,,,,,,,0.9,2.27,1.56,,,16.85,112.3663,40.75
2015-11-19,,,,,,,,,,,,,,,,,,,,,,,,,0.91,2.24,1.56,,,16.99,111.5749,40.55
2015-11-20,,,,,,,,,,,,,,,,,,,,,,,,,0.93,2.26,1.6,,,15.47,111.7799,39.39
2015-11-23,,,,,,,,,,,,,,,,,,,,,,,,,0.94,2.25,1.61,,,15.62,112.1125,39.27
2015-11-24,,,,,,,,,,,,,,,,,,,,,,,,,0.93,2.24,1.62,,,15.93,111.7638,40.89
2015-11-25,,,,,,,,,,,,,,,,,,,,,,,,,0.93,2.23,1.61,,,15.19,111.8936,41.22
2015-11-26,,,,,,,,,,,,,,,,,,,,,,,,,,,,,,,,
2015-11-27,,,,,,,,,,,,,,,,,,,,,,,,,0.92,2.22,1.6,,,15.12,112.2824,40.57
2015-11-30,,,,,,,,,,,,,,,,,,,,,,,,,0.94,2.21,1.59,,,16.13,112.34,40.43
2015-12-01,237.761,236.525,244.547,97.456,97.396,259.097,190.765,241.88,282.779,126.042,143.955,442149.0,506151.0,349931.0,12452.0,12777.3,1332.8,2644.6,8474.6,14060.2,5.8,5.0,143077.0,0.24,0.91,2.15,1.57,92.6,2.6,14.67,112.1134,40.58
2015-12-02,,,,,,,,,,,,,,,,,,,,,,,,,0.94,2.18,1.56,,,15.91,112.3715,39.93
2015-12-03,,,,,,,,,,,,,,,,,,,,,,,,,0.96,2.33,1.61,,,18.11,111.6407,41.08
2015-12-04,,,,,,,,,,,,,,,,,,,,,,,,,0.96,2.28,1.6,,,14.81,111.5463,40.0
2015-12-07,,,,,,,,,,,,,,,,,,,,,,,,,0.94,2.23,1.56,,,15.84,112.3056,37.64
2015-12-08,,,,,,,,,,,,,,,,,,,,,,,,,0.94,2.24,1.56,,,17.6,112.5485,37.46
2015-12-09,,,,,,,,,,,,,,,,,,,,,,,,,0.93,2.22,1.53,,,19.61,112.1918,37.16
2015-12-10,,,,,,,,,,,,,,,,,,,,,,,,,0.95,2.24,1.51,,,19.34,112.2672,36.76
2015-12-11,,,,,,,,,,,,,,,,,,,,,,,,,0.88,2.13,1.46,,,24.39,112.7147,35.65
2015-12-14,,,,,,,,,,,,,,,,,,,,,,,,,0.97,2.23,1.45,,,22.73,112.7521,36.31
2015-12-15,,,,,,,,,,,,,,,,,,,,,,,,,0.98,2.28,1.48,,,20.95,112.8609,37.32
2015-12-16,,,,,,,,,,,,,,,,,,,,,,,,,1.02,2.3,1.46,,,17.86,112.9864,35.55
2015-12-17,,,,,,,,,,,,,,,,,,,,,,,,,1.0,2.24,1.47,,,18.94,113.8177,34.98
2015-12-18,,,,,,,,,,,,,,,,,,,,,,,,,0.97,2.19,1.46,,,20.7,113.2837,34.72
2015-12-21,,,,,,,,,,,,,,,,,,,,,,,,,0.96,2.2,1.45,,,18.7,113.4144,34.55
2015-12-22,,,,,,,,,,,,,,,,,,,,,,,,,0.99,2.24,1.46,,,16.6,113.211,36.12
2015-12-23,,,,,,,,,,,,,,,,,,,,,,,,,1.01,2.27,1.51,,,15.57,113.1847,36.76
2015-12-24,,,,,,,,,,,,,,,,,,,,,,,,,1.03,2.25,1.52,,,15.74,113.0496,37.62
2015-12-25,,,,,,,,,,,,,,,,,,,,,,,,,,,,,,,,
2015-12-28,,,,,,,,,,,,,,,,,,,,,,,,,1.05,2.24,1.5,,,16.91,113.0461,36.36
2015-12-29,,,,,,,,,,,,,,,,,,,,,,,,,1.09,2.32,1.53,,,16.08,113.1664,37.88
2015-12-30,,,,,,,,,,,,,,,,,,,,,,,,,1.08,2.31,1.54,,,17.29,113.4707,36.59
2015-12-31,,,,,,,,,,,,,,,,,,,,,,,,,1.06,2.27,1.54,,,18.21,113.3429,37.13
2016-01-01,237.652,236.916,244.955,97.496,97.567,259.958,181.445,241.558,283.714,124.999,144.638,439466.0,395277.0,347668.0,12478.0,12798.7,1329.7,2630.2,8518.0,14121.1,6.1,4.8,143210.0,0.34,,,,92.0,2.5,,,
2016-01-04,,,,,,,,,,,,,,,,,,,,,,,,,1.02,2.24,1.55,,,20.7,114.1595,36.81
2016-01-05,,,,,,,,,,,,,,,,,,,,,,,,,1.04,2.25,1.56,,,19.34,114.2649,35.97
2016-01-06,,,,,,,,,,,,,,,,,,,,,,,,,0.99,2.18,1.53,,,20.59,114.6177,33.97
2016-01-07,,,,,,,,,,,,,,,,,,,,,,,,,0.96,2.16,1.5,,,24.99,114.6516,33.29
2016-01-08,,,,,,,,,,,,,,,,,,,,,,,,,0.94,2.13,1.48,,,27.01,115.0095,33.2
2016-01-11,,,,,,,,,,,,,,,,,,,,,,,,,0.94,2.17,1.45,,,24.3,115.0139,31.42
2016-01-12,,,,,,,,,,,,,,,,,,,,,,,,,0.93,2.12,1.43,,,22.47,115.3128,30.42
2016-01-13,,,,,,,,,,,,,,,,,,,,,,,,,0.91,2.08,1.43,,,25.22,115.1425,30.42
2016-01-14,,,,,,,,,,,,,,,,,,,,,,,,,0.9,2.1,1.43,,,23.95,115.3846,31.22
2016-01-15,,,,,,,,,,,,,,,,,,,,,,,,,0.85,2.03,1.36,,,27.02,115.7404,29.45
2016-01-18,,,,,,,,,,,,,,,,,,,,,,,,,,,,,,,,
2016-01-19,,,,,,,,,,,,,,,,,,,,,,,,,0.88,2.06,1.38,,,26.05,115.8155,28.47
2016-01-20,,,,,,,,,,,,,,,,,,,,,,,,,0.85,2.01,1.32,,,27.59,116.3498,26.68
2016-01-21,,,,,,,,,,,,,,,,,,,,,,,,,0.84,2.02,1.28,,,26.69,115.9833,29.55
2016-01-22,,,,,,,,,,,,,,,,,,,,,,,,,0.88,2.07,1.35,,,22.34,,32.07
2016-01-25,,,,,,,,,,,,,,,,,,,,,,,,,0.88,2.03,1.34,,,24.15,,30.31
2016-01-26,,,,,,,,,,,,,,,,,,,,,,,,,0.85,2.01,1.36,,,22.5,,29.54
2016-01-27,,,,,,,,,,,,,,,,,,,,,,,,,0.84,2.02,1.4,,,23.11,115.5087,32.32
2016-01-28,,,,,,,,,,,,,,,,,,,,,,,,,0.83,2.0,1.42,,,22.42,115.2224,33.21
2016-01-29,,,,,,,,,,,,,,,,,,,,,,,,,0.76,1.94,1.41,,,20.2,115.5731,33.66
2016-02-01,237.336,237.111,245.51,97.445,97.736,260.319,162.727,241.741,284.502,125.898,143.979,443117.0,407556.0,349404.0,12554.5,12884.0,1353.1,2631.0,8570.5,14135.3,5.6,4.9,143406.0,0.38,0.81,1.97,1.4,91.7,2.5,19.98,115.3331,31.62
2016-02-02,,,,,,,,,,,,,,,,,,,,,,,,,0.75,1.87,1.36,,,21.98,115.553,29.9
2016-02-03,,,,,,,,,,,,,,,,,,,,,,,,,0.72,1.88,1.38,,,21.65,114.6144,32.29
2016-02-04,,,,,,,,,,,,,,,,,,,,,,,,,0.7,1.87,1.36,,,21.84,113.6012,31.63
2016-02-05,,,,,,,,,,,,,,,,,,,,,,,,,0.74,1.86,1.33,,,23.38,114.2935,30.86
2016-02-08,,,,,,,,,,,,,,,,,,,,,,,,,0.66,1.75,1.23,,,26.0,114.4351,29.71
2016-02-09,,,,,,,,,,,,,,,,,,,,,,,,,0.69,1.74,1.21,,,26.54,114.127,27.96
2016-02-10,,,,,,,,,,,,,,,,,,,,,,,,,0.71,1.71,1.21,,,26.29,114.2877,27.54
2016-02-11,,,,,,,,,,,,,,,,,,,,,,,,,0.64,1.63,1.18,,,28.14,114.1845,26.19
2016-02-12,,,,,,,,,,,,,,,,,,,,,,,,,0.71,1.74,1.25,,,25.4,114.2992,29.32
2016-02-15,,,,,,,,,,,,,,,,,,,,,,,,,,,,,,,,
2016-02-16,,,,,,,,,,,,,,,,,,,,,,,,,0.74,1.78,1.25,,,24.11,114.4905,29.05
2016-02-17,,,,,,,,,,,,,,,,,,,,,,,,,0.74,1.81,1.28,,,22.31,113.8634,30.68
2016-02-18,,,,,,,,,,,,,,,,,,,,,,,,,0.71,1.75,1.24,,,21.64,113.8897,30.77
2016-02-19,,,,,,,,,,,,,,,,,,,,,,,,,0.76,1.76,1.26,,,20.53,113.9558,29.59
2016-02-22,,,,,,,,,,,,,,,,,,,,,,,,,0.78,1.77,1.31,,,19.38,113.8232,31.37
2016-02-23,,,,,,,,,,,,,,,,,,,,,,,,,0.76,1.74,1.32,,,20.98,114.177,31.84
2016-02-24,,,,,,,,,,,,,,,,,,,,,,,,,0.75,1.75,1.36,,,20.72,114.1716,30.35
2016-02-25,,,,,,,,,,,,,,,,,,,,,,,,,0.72,1.71,1.39,,,19.11,113.9222,31.4
2016-02-26,,,,,,,,,,,,,,,,,,,,,,,,,0.8,1.76,1.41,,,19.81,114.3708,31.65
2016-02-29,,,,,,,,,,,,,,,,,,,,,,,,,0.78,1.74,1.42,,,20.55,114.2418,32.74
2016-03-01,238.08,238.132,245.913,97.673,97.876,260.883,175.164,240.414,285.122,125.843,143.659,441856.0,452445.0,349791.0,12537.0,12836.1,1333.2,2637.4,8566.4,14135.4,5.9,5.0,143662.0,0.36,0.85,1.83,1.48,91.0,2.7,17.7,113.9265,34.39
2016-03-02,,,,,,,,,,,,,,,,,,,,,,,,,0.85,1.84,1.51,,,17.09,113.7965,34.57
2016-03-03,,,,,,,,,,,,,,,,,,,,,,,,,0.85,1.83,1.53,,,16.7,113.2482,34.56
2016-03-04,,,,,,,,,,,,,,,,,,,,,,,,,0.88,1.88,1.51,,,16.86,112.6387,35.91
2016-03-07,,,,,,,,,,,,,,,,,,,,,,,,,0.91,1.91,1.48,,,17.35,112.6219,37.9
2016-03-08,,,,,,,,,,,,,,,,,,,,,,,,,0.88,1.83,1.46,,,18.67,112.8465,36.67
2016-03-09,,,,,,,,,,,,,,,,,,,,,,,,,0.9,1.9,1.51,,,18.34,112.4268,37.62
2016-03-10,,,,,,,,,,,,,,,,,,,,,,,,,0.93,1.93,1.48,,,18.05,112.4191,37.77
2016-03-11,,,,,,,,,,,,,,,,,,,,,,,,,0.97,1.98,1.54,,,16.5,111.741,38.51
2016-03-14,,,,,,,,,,,,,,,,,,,,,,,,,0.97,1.97,1.52,,,16.92,112.1688,37.2
2016-03-15,,,,,,,,,,,,,,,,,,,,,,,,,0.98,1.97,1.5,,,16.84,112.5545,36.32
2016-03-16,,,,,,,,,,,,,,,,,,,,,,,,,0.87,1.94,1.58,,,14.99,112.7759,38.43
2016-03-17,,,,,,,,,,,,,,,,,,,,,,,,,0.87,1.91,1.57,,,14.44,110.445,40.17
2016-03-18,,,,,,,,,,,,,,,,,,,,,,,,,0.84,1.88,1.61,,,14.02,110.4002,39.47
2016-03-21,,,,,,,,,,,,,,,,,,,,,,,,,0.87,1.92,1.64,,,13.79,110.737,39.91
2016-03-22,,,,,,,,,,,,,,,,,,,,,,,,,0.91,1.94,1.63,,,14.17,110.7877,41.45
2016-03-23,,,,,,,,,,,,,,,,,,,,,,,,,0.87,1.88,1.58,,,14.94,111.5473,38.28
2016-03-24,,,,,,,,,,,,,,,,,,,,,,,,,0.89,1.91,1.57,,,14.74,111.816,38.14
2016-03-25,,,,,,,,,,,,,,,,,,,,,,,,,,,,,,,111.7698,
2016-03-28,,,,,,,,,,,,,,,,,,,,,,,,,0.89,1.89,1.56,,,15.24,111.3578,37.99
2016-03-29,,,,,,,,,,,,,,,,,,,,,,,,,0.78,1.81,1.61,,,13.82,111.3736,36.91
2016-03-30,,,,,,,,,,,,,,,,,,,,,,,,,0.76,1.83,1.65,,,13.56,110.2301,36.91
2016-03-31,,,,,,,,,,,,,,,,,,,,,,,,,0.73,1.78,1.62,,,13.95,109.9191,36.94
2016-04-01,238.992,239.261,246.551,97.993,98.117,261.517,184.762,240.341,285.853,125.782,145.475,444254.0,443027.0,351766.0,12611.5,12870.2,1339.2,2660.0,8612.3,14106.2,5.5,5.1,143854.0,0.37,0.76,1.79,1.62,89.0,2.8,13.1,110.2977,35.36
2016-04-04,,,,,,,,,,,,,,,,,,,,,,,,,0.75,1.78,1.64,,,14.12,110.3987,34.3
2016-04-05,,,,,,,,,,,,,,,,,,,,,,,,,0.72,1.73,1.59,,,15.42,110.9478,34.52
2016-04-06,,,,,,,,,,,,,,,,,,,,,,,,,0.73,1.76,1.59,,,14.09,110.5347,37.74
2016-04-07,,,,,,,,,,,,,,,,,,,,,,,,,0.7,1.7,1.58,,,16.16,110.8876,37.3
2016-04-08,,,,,,,,,,,,,,,,,,,,,,,,,0.7,1.72,1.58,,,15.36,110.4213,39.74
2016-04-11,,,,,,,,,,,,,,,,,,,,,,,,,0.7,1.73,1.56,,,16.26,109.9758,40.46
2016-04-12,,,,,,,,,,,,,,,,,,,,,,,,,0.74,1.79,1.57,,,14.85,109.816,42.12
2016-04-13,,,,,,,,,,,,,,,,,,,,,,,,,0.75,1.77,1.56,,,13.84,110.1436,41.7
2016-04-14,,,,,,,,,,,,,,,,,,,,,,,,,0.77,1.8,1.56,,,13.72,110.1691,41.45
2016-04-15,,,,,,,,,,,,,,,,,,,,,,,,,0.74,1.76,1.56,,,13.62,110.1933,40.4
2016-04-18,,,,,,,,,,,,,,,,,,,,,,,,,0.75,1.78,1.57,,,13.35,109.9892,39.74
2016-04-19,,,,,,,,,,,,,,,,,,,,,,,,,0.77,1.79,1.6,,,13.24,109.2782,40.88
2016-04-20,,,,,,,,,,,,,,,,,,,,,,,,,0.8,1.85,1.62,,,13.28,109.3926,42.72
2016-04-21,,,,,,,,,,,,,,,,,,,,,,,,,0.82,1.88,1.64,,,13.95,109.8533,43.18
2016-04-22,,,,,,,,,,,,,,,,,,,,,,,,,0.84,1.89,1.64,,,13.22,110.2331,42.76
2016-04-25,,,,,,,,,,,,,,,,,,,,,,,,,0.85,1.91,1.65,,,14.08,110.1865,41.67
2016-04-26,,,,,,,,,,,,,,,,,,,,,,,,,0.86,1.94,1.67,,,13.96,109.7496,42.52
2016-04-27,,,,,,,,,,,,,,,,,,,,,,,,,0.83,1.87,1.68,,,13.77,109.8483,45.29
2016-04-28,,,,,,,,,,,,,,,,,,,,,,,,,0.78,1.84,1.72,,,15.22,109.2148,46.03
2016-04-29,,,,,,,,,,,,,,,,,,,,,,,,,0.77,1.83,1.71,,,15.7,108.8274,45.98
2016-05-01,239.557,240.229,247.137,98.153,98.284,262.074,187.627,239.348,286.855,126.707,146.416,445490.0,461576.0,352784.0,12652.7,12891.2,1340.2,2672.3,8640.2,14095.5,5.3,4.8,143900.0,0.37,,,,94.7,2.4,,,
2016-05-02,,,,,,,,,,,,,,,,,,,,,,,,,0.8,1.88,1.68,,,14.68,108.671,44.75
2016-05-03,,,,,,,,,,,,,,,,,,,,,,,,,0.75,1.81,1.64,,,15.6,109.3613,43.65
2016-05-04,,,,,,,,,,,,,,,,,,,,,,,,,0.75,1.79,1.63,,,16.05,109.9952,43.77
2016-05-05,,,,,,,,,,,,,,,,,,,,,,,,,0.72,1.76,1.63,,,15.91,110.2417,44.33
2016-05-06,,,,,,,,,,,,,,,,,,,,,,,,,0.74,1.79,1.61,,,14.72,110.3801,44.58
2016-05-09,,,,,,,,,,,,,,,,,,,,,,,,,0.72,1.77,1.59,,,14.57,110.9466,43.45
2016-05-10,,,,,,,,,,,,,,,,,,,,,,,,,0.72,1.77,1.62,,,13.63,110.8225,44.68
2016-05-11,,,,,,,,,,,,,,,,,,,,,,,,,0.74,1.73,1.59,,,14.69,110.2806,46.21
2016-05-12,,,,,,,,,,,,,,,,,,,,,,,,,0.76,1.75,1.6,,,14.41,110.6935,46.64
2016-05-13,,,,,,,,,,,,,,,,,,,,,,,,,0.76,1.71,1.58,,,15.04,111.2521,46.22
2016-05-16,,,,,,,,,,,,,,,,,,,,,,,,,0.79,1.75,1.6,,,14.68,111.1217,47.72
2016-05-17,,,,,,,,,,,,,,,,,,,,,,,,,0.82,1.76,1.61,,,15.57,111.0867,48.29
2016-05-18,,,,,,,,,,,,,,,,,,,,,,,,,0.9,1.87,1.61,,,15.95,111.4995,48.12
2016-05-19,,,,,,,,,,,,,,,,,,,,,,,,,0.89,1.85,1.56,,,16.33,112.2331,48.16
2016-05-20,,,,,,,,,,,,,,,,,,,,,,,,,0.89,1.85,1.56,,,15.2,112.1822,47.67
2016-05-23,,,,,,,,,,,,,,,,,,,,,,,,,0.91,1.84,1.54,,,15.82,112.284,48.12
2016-05-24,,,,,,,,,,,,,,,,,,,,,,,,,0.92,1.86,1.55,,,14.42,112.2912,48.04
2016-05-25,,,,,,,,,,,,,,,,,,,,,,,,,0.92,1.87,1.58,,,13.9,112.2001,49.1
2016-05-26,,,,,,,,,,,,,,,,,,,,,,,,,0.87,1.83,1.58,,,13.43,111.8979,49.0
2016-05-27,,,,,,,,,,,,,,,,,,,,,,,,,0.9,1.85,1.58,,,13.12,112.0822,49.36
2016-05-30,,,,,,,,,,,,,,,,,,,,,,,,,,,,,,,,
2016-05-31,,,,,,,,,,,,,,,,,,,,,,,,,0.87,1.84,1.54,,,14.19,112.4276,49.1
2016-06-01,240.222,241.018,247.54,98.325,98.386,262.529,196.44,238.763,287.819,126.276,144.887,450237.0,456090.0,356783.0,12731.2,12948.6,1358.2,2701.5,8671.5,14104.9,4.9,4.9,144147.0,0.38,0.91,1.85,1.54,93.5,2.6,14.2,112.462,49.07
2016-06-02,,,,,,,,,,,,,,,,,,,,,,,,,0.89,1.81,1.54,,,13.63,112.4564,49.14
2016-06-03,,,,,,,,,,,,,,,,,,,,,,,,,0.78,1.71,1.52,,,13.47,111.4451,48.69
2016-06-06,,,,,,,,,,,,,,,,,,,,,,,,,0.8,1.73,1.54,,,13.65,111.2295,49.71
2016-06-07,,,,,,,,,,,,,,,,,,,,,,,,,0.78,1.72,1.57,,,14.05,110.8378,50.37
2016-06-08,,,,,,,,,,,,,,,,,,,,,,,,,0.78,1.71,1.59,,,14.08,110.1916,51.23
2016-06-09,,,,,,,,,,,,,,,,,,,,,,,,,0.77,1.68,1.56,,,14.64,110.6168,50.52
2016-06-10,,,,,,,,,,,,,,,,,,,,,,,,,0.73,1.64,1.52,,,17.03,111.1027,49.09
2016-06-13,,,,,,,,,,,,,,,,,,,,,,,,,0.73,1.62,1.47,,,20.97,111.5036,48.89
2016-06-14,,,,,,,,,,,,,,,,,,,,,,,,,0.74,1.62,1.45,,,20.5,111.9826,48.49
2016-06-15,,,,,,,,,,,,,,,,,,,,,,,,,0.69,1.6,1.47,,,20.14,111.7671,47.92
2016-06-16,,,,,,,,,,,,,,,,,,,,,,,,,0.7,1.57,1.42,,,19.37,112.2347,46.14
2016-06-17,,,,,,,,,,,,,,,,,,,,,,,,,0.7,1.62,1.42,,,19.41,111.5332,48.0
2016-06-20,,,,,,,,,,,,,,,,,,,,,,,,,0.74,1.67,1.43,,,18.37,110.8693,49.4
2016-06-21,,,,,,,,,,,,,,,,,,,,,,,,,0.76,1.71,1.43,,,18.48,111.0077,48.95
2016-06-22,,,,,,,,,,,,,,,,,,,,,,,,,0.75,1.69,1.44,,,21.17,110.7681,49.16
2016-06-23,,,,,,,,,,,,,,,,,,,,,,,,,0.78,1.74,1.5,,,17.25,110.262,49.34
2016-06-24,,,,,,,,,,,,,,,,,,,,,,,,,0.64,1.57,1.42,,,25.76,112.1355,46.7
2016-06-27,,,,,,,,,,,,,,,,,,,,,,,,,0.61,1.46,1.34,,,23.85,113.1301,45.8
2016-06-28,,,,,,,,,,,,,,,,,,,,,,,,,0.61,1.46,1.37,,,18.75,112.7545,47.93
2016-06-29,,,,,,,,,,,,,,,,,,,,,,,,,0.62,1.5,1.4,,,16.64,111.8597,49.85
2016-06-30,,,,,,,,,,,,,,,,,,,,,,,,,0.58,1.49,1.4,,,15.63,112.1618,48.27
2016-07-01,240.101,240.628,247.829,98.342,98.529,263.051,185.486,238.38,288.524,125.881,143.27,449789.0,454087.0,355106.0,12756.7,12972.2,1365.6,2676.4,8714.7,14160.1,5.1,4.8,144520.0,0.39,0.59,1.46,1.43,90.0,2.7,14.77,111.6509,49.02
2016-07-04,,,,,,,,,,,,,,,,,,,,,,,,,,,,,,,,
2016-07-05,,,,,,,,,,,,,,,,,,,,,,,,,0.56,1.37,1.4,,,15.58,112.4231,46.73
2016-07-06,,,,,,,,,,,,,,,,,,,,,,,,,0.58,1.38,1.43,,,14.96,112.5438,47.37
2016-07-07,,,,,,,,,,,,,,,,,,,,,,,,,0.58,1.4,1.43,,,14.76,112.5775,45.22
2016-07-08,,,,,,,,,,,,,,,,,,,,,,,,,0.61,1.37,1.43,,,13.2,112.3963,45.37
2016-07-11,,,,,,,,,,,,,,,,,,,,,,,,,0.66,1.43,1.42,,,13.54,112.5254,44.73
2016-07-12,,,,,,,,,,,,,,,,,,,,,,,,,0.69,1.53,1.46,,,13.55,112.1102,46.82
2016-07-13,,,,,,,,,,,,,,,,,,,,,,,,,0.68,1.48,1.45,,,13.04,112.0266,44.87
2016-07-14,,,,,,,,,,,,,,,,,,,,,,,,,0.68,1.53,1.45,,,12.82,111.7692,45.64
2016-07-15,,,,,,,,,,,,,,,,,,,,,,,,,0.71,1.6,1.49,,,12.67,112.2833,45.93
2016-07-18,,,,,,,,,,,,,,,,,,,,,,,,,0.68,1.59,1.49,,,12.44,112.2463,45.23
2016-07-19,,,,,,,,,,,,,,,,,,,,,,,,,0.7,1.56,1.44,,,11.97,112.638,44.64
2016-07-20,,,,,,,,,,,,,,,,,,,,,,,,,0.73,1.59,1.46,,,11.77,112.6743,44.96
2016-07-21,,,,,,,,,,,,,,,,,,,,,,,,,0.7,1.57,1.52,,,12.74,112.6239,43.96
2016-07-22,,,,,,,,,,,,,,,,,,,,,,,,,0.71,1.57,1.51,,,12.02,112.989,43.41
2016-07-25,,,,,,,,,,,,,,,,,,,,,,,,,0.72,1.58,1.5,,,12.87,113.1784,42.4
2016-07-26,,,,,,,,,,,,,,,,,,,,,,,,,0.75,1.57,1.5,,,13.05,113.0593,42.16
2016-07-27,,,,,,,,,,,,,,,,,,,,,,,,,0.73,1.52,1.49,,,12.83,113.217,41.9
2016-07-28,,,,,,,,,,,,,,,,,,,,,,,,,0.72,1.52,1.52,,,12.72,112.7393,41.13
2016-07-29,,,,,,,,,,,,,,,,,,,,,,,,,0.67,1.46,1.49,,,11.87,111.874,41.54
2016-08-01,240.545,240.849,248.423,98.479,98.703,263.649,183.715,238.133,289.367,126.148,142.803,449946.0,463126.0,354876.0,12788.1,12986.1,1363.4,2682.2,8742.5,14176.7,5.1,4.9,144661.0,0.4,0.67,1.51,1.46,89.8,2.5,12.44,111.9757,40.05
2016-08-02,,,,,,,,,,,,,,,,,,,,,,,,,0.67,1.55,1.44,,,13.37,111.7124,39.5
2016-08-03,,,,,,,,,,,,,,,,,,,,,,,,,0.67,1.55,1.46,,,12.86,111.9419,40.8
2016-08-04,,,,,,,,,,,,,,,,,,,,,,,,,0.64,1.51,1.47,,,12.42,111.9149,41.92
2016-08-05,,,,,,,,,,,,,,,,,,,,,,,,,0.72,1.59,1.5,,,11.39,112.3589,41.83
2016-08-08,,,,,,,,,,,,,,,,,,,,,,,,,0.74,1.59,1.51,,,11.5,112.1456,43.06
2016-08-09,,,,,,,,,,,,,,,,,,,,,,,,,0.71,1.55,1.49,,,11.66,111.722,42.78
2016-08-10,,,,,,,,,,,,,,,,,,,,,,,,,0.69,1.5,1.44,,,12.05,111.3238,41.75
2016-08-11,,,,,,,,,,,,,,,,,,,,,,,,,0.76,1.57,1.47,,,11.68,111.1954,43.51
2016-08-12,,,,,,,,,,,,,,,,,,,,,,,,,0.71,1.51,1.44,,,11.55,111.1787,44.47
2016-08-15,,,,,,,,,,,,,,,,,,,,,,,,,0.72,1.55,1.45,,,11.81,110.9212,45.72
2016-08-16,,,,,,,,,,,,,,,,,,,,,,,,,0.76,1.57,1.44,,,12.64,110.4295,46.57
2016-08-17,,,,,,,,,,,,,,,,,,,,,,,,,0.74,1.56,1.47,,,12.19,110.9459,46.81
2016-08-18,,,,,,,,,,,,,,,,,,,,,,,,,0.71,1.53,1.47,,,11.43,110.3134,48.2
2016-08-19,,,,,,,,,,,,,,,,,,,,,,,,,0.76,1.58,1.48,,,11.34,110.8163,48.48
2016-08-22,,,,,,,,,,,,,,,,,,,,,,,,,0.76,1.55,1.47,,,12.27,110.9997,46.8
2016-08-23,,,,,,,,,,,,,,,,,,,,,,,,,0.74,1.55,1.48,,,12.38,110.9414,47.54
2016-08-24,,,,,,,,,,,,,,,,,,,,,,,,,0.76,1.56,1.48,,,13.45,111.2958,46.29
2016-08-25,,,,,,,,,,,,,,,,,,,,,,,,,0.78,1.58,1.49,,,13.63,111.1726,46.97
2016-08-26,,,,,,,,,,,,,,,,,,,,,,,,,0.84,1.62,1.47,,,13.65,111.2035,47.64
2016-08-29,,,,,,,,,,,,,,,,,,,,,,,,,0.81,1.57,1.46,,,12.94,111.8775,46.97
2016-08-30,,,,,,,,,,,,,,,,,,,,,,,,,0.8,1.57,1.46,,,13.12,112.2928,46.32
2016-08-31,,,,,,,,,,,,,,,,,,,,,,,,,0.8,1.58,1.47,,,13.42,112.4036,44.68
2016-09-01,241.176,241.428,248.842,98.666,98.834,264.102,189.766,237.88,290.369,125.914,144.851,453056.0,440295.0,357222.0,12846.6,13020.9,1369.9,2694.8,8781.9,14209.1,5.1,5.0,144967.0,0.4,0.78,1.57,1.45,91.2,2.4,13.48,112.1733,43.17
2016-09-02,,,,,,,,,,,,,,,,,,,,,,,,,0.8,1.6,1.47,,,11.98,112.0009,44.39
2016-09-05,,,,,,,,,,,,,,,,,,,,,,,,,,,,,,,,
2016-09-06,,,,,,,,,,,,,,,,,,,,,,,,,0.74,1.55,1.49,,,12.02,110.9613,44.85
2016-09-07,,,,,,,,,,,,,,,,,,,,,,,,,0.74,1.54,1.51,,,11.94,110.9717,45.47
2016-09-08,,,,,,,,,,,,,,,,,,,,,,,,,0.78,1.61,1.52,,,12.51,111.2609,47.63
2016-09-09,,,,,,,,,,,,,,,,,,,,,,,,,0.79,1.67,1.5,,,17.5,111.9879,45.88
2016-09-12,,,,,,,,,,,,,,,,,,,,,,,,,0.79,1.68,1.51,,,15.16,112.1516,46.28
2016-09-13,,,,,,,,,,,,,,,,,,,,,,,,,0.8,1.73,1.49,,,17.85,112.5207,44.91
2016-09-14,,,,,,,,,,,,,,,,,,,,,,,,,0.77,1.7,1.49,,,18.14,112.4678,43.62
2016-09-15,,,,,,,,,,,,,,,,,,,,,,,,,0.74,1.71,1.49,,,16.3,112.4753,43.85
2016-09-16,,,,,,,,,,,,,,,,,,,,,,,,,0.77,1.7,1.51,,,15.37,113.1765,43.04
2016-09-19,,,,,,,,,,,,,,,,,,,,,,,,,0.79,1.7,1.5,,,15.53,112.903,43.34
2016-09-20,,,,,,,,,,,,,,,,,,,,,,,,,0.79,1.69,1.49,,,15.92,113.1848,43.85
2016-09-21,,,,,,,,,,,,,,,,,,,,,,,,,0.79,1.66,1.51,,,13.3,112.9842,45.33
2016-09-22,,,,,,,,,,,,,,,,,,,,,,,,,0.79,1.63,1.55,,,12.02,112.2592,46.1
2016-09-23,,,,,,,,,,,,,,,,,,,,,,,,,0.77,1.62,1.57,,,12.29,112.7166,44.36
2016-09-26,,,,,,,,,,,,,,,,,,,,,,,,,0.76,1.59,1.54,,,14.5,112.7112,45.6
2016-09-27,,,,,,,,,,,,,,,,,,,,,,,,,0.75,1.56,1.52,,,13.1,112.5515,44.65
2016-09-28,,,,,,,,,,,,,,,,,,,,,,,,,0.75,1.57,1.56,,,12.39,112.6283,47.07
2016-09-29,,,,,,,,,,,,,,,,,,,,,,,,,0.73,1.56,1.54,,,14.02,112.2879,47.72
2016-09-30,,,,,,,,,,,,,,,,,,,,,,,,,0.77,1.6,1.6,,,13.29,112.2795,47.72
2016-10-01,241.741,241.729,249.142,98.868,98.961,264.459,197.788,237.714,291.378,126.521,142.217,453847.0,445071.0,358315.0,12867.0,13014.9,1375.5,2701.5,8790.1,14235.4,5.3,4.9,145065.0,0.4,,,,87.2,2.4,,,
2016-10-03,,,,,,,,,,,,,,,,,,,,,,,,,0.8,1.63,1.63,,,13.57,112.5077,48.8
2016-10-04,,,,,,,,,,,,,,,,,,,,,,,,,0.82,1.69,1.62,,,13.63,112.6579,48.67
2016-10-05,,,,,,,,,,,,,,,,,,,,,,,,,0.85,1.72,1.62,,,12.99,112.7946,49.75
2016-10-06,,,,,,,,,,,,,,,,,,,,,,,,,0.86,1.75,1.64,,,12.84,113.0066,50.44
2016-10-07,,,,,,,,,,,,,,,,,,,,,,,,,0.83,1.73,1.63,,,13.48,113.2915,49.76
2016-10-10,,,,,,,,,,,,,,,,,,,,,,,,,,,,,,13.38,,49.76
2016-10-11,,,,,,,,,,,,,,,,,,,,,,,,,0.87,1.77,1.64,,,15.36,113.4461,50.72
2016-10-12,,,,,,,,,,,,,,,,,,,,,,,,,0.87,1.79,1.64,,,15.91,113.7442,50.14
2016-10-13,,,,,,,,,,,,,,,,,,,,,,,,,0.85,1.75,1.63,,,16.69,113.6238,50.47
2016-10-14,,,,,,,,,,,,,,,,,,,,,,,,,0.84,1.8,1.67,,,16.12,113.7119,50.35
2016-10-17,,,,,,,,,,,,,,,,,,,,,,,,,0.81,1.77,1.68,,,16.21,113.5488,49.97
2016-10-18,,,,,,,,,,,,,,,,,,,,,,,,,0.82,1.75,1.66,,,15.28,113.1393,50.3
2016-10-19,,,,,,,,,,,,,,,,,,,,,,,,,0.81,1.76,1.68,,,14.41,113.0547,51.59
2016-10-20,,,,,,,,,,,,,,,,,,,,,,,,,0.84,1.76,1.68,,,13.75,113.4033,50.31
2016-10-21,,,,,,,,,,,,,,,,,,,,,,,,,0.84,1.74,1.67,,,13.34,113.9015,50.61
2016-10-24,,,,,,,,,,,,,,,,,,,,,,,,,0.84,1.77,1.66,,,13.02,113.8571,50.18
2016-10-25,,,,,,,,,,,,,,,,,,,,,,,,,0.86,1.77,1.7,,,13.46,113.6801,49.45
2016-10-26,,,,,,,,,,,,,,,,,,,,,,,,,0.86,1.79,1.71,,,14.24,113.8131,48.75
2016-10-27,,,,,,,,,,,,,,,,,,,,,,,,,0.87,1.85,1.72,,,15.36,114.1998,49.71
2016-10-28,,,,,,,,,,,,,,,,,,,,,,,,,0.86,1.86,1.73,,,16.19,114.0931,48.72
2016-10-31,,,,,,,,,,,,,,,,,,,,,,,,,0.86,1.84,1.73,,,17.06,114.0188,46.83
2016-11-01,242.026,241.353,249.481,98.901,99.005,264.699,199.22,237.438,292.227,126.605,139.975,453892.0,458023.0,358672.0,12893.0,13036.8,1357.7,2700.7,8834.7,14273.6,5.4,4.7,145183.0,0.41,0.83,1.83,1.72,93.8,2.4,18.56,113.9915,46.66
2016-11-02,,,,,,,,,,,,,,,,,,,,,,,,,0.81,1.81,1.7,,,19.32,113.9206,45.32
2016-11-03,,,,,,,,,,,,,,,,,,,,,,,,,0.81,1.82,1.68,,,22.08,113.7664,44.66
2016-11-04,,,,,,,,,,,,,,,,,,,,,,,,,0.8,1.79,1.68,,,22.51,113.5828,44.07
2016-11-07,,,,,,,,,,,,,,,,,,,,,,,,,0.82,1.83,1.71,,,18.71,113.5443,44.88
2016-11-08,,,,,,,,,,,,,,,,,,,,,,,,,0.87,1.88,1.73,,,18.74,113.3017,44.96
2016-11-09,,,,,,,,,,,,,,,,,,,,,,,,,0.9,2.07,1.82,,,14.38,114.6956,45.2
2016-11-10,,,,,,,,,,,,,,,,,,,,,,,,,0.92,2.15,1.88,,,14.74,115.9375,44.62
2016-11-11,,,,,,,,,,,,,,,,,,,,,,,,,,,,,,14.17,,43.39
2016-11-14,,,,,,,,,,,,,,,,,,,,,,,,,1.0,2.23,1.83,,,14.48,117.2245,43.29
2016-11-15,,,,,,,,,,,,,,,,,,,,,,,,,1.02,2.23,1.82,,,13.37,116.7724,45.86
2016-11-16,,,,,,,,,,,,,,,,,,,,,,,,,1.0,2.22,1.83,,,13.72,116.8062,45.56
2016-11-17,,,,,,,,,,,,,,,,,,,,,,,,,1.04,2.29,1.87,,,13.35,116.8952,45.37
2016-11-18,,,,,,,,,,,,,,,,,,,,,,,,,1.07,2.34,1.9,,,12.85,117.5936,45.69
2016-11-21,,,,,,,,,,,,,,,,,,,,,,,,,1.08,2.33,1.91,,,12.42,117.4762,47.48
2016-11-22,,,,,,,,,,,,,,,,,,,,,,,,,1.07,2.31,1.9,,,12.41,117.4508,48.07
2016-11-23,,,,,,,,,,,,,,,,,,,,,,,,,1.12,2.36,1.92,,,12.43,118.0356,46.72
2016-11-24,,,,,,,,,,,,,,,,,,,,,,,,,,,,,,,,
2016-11-25,,,,,,,,,,,,,,,,,,,,,,,,,1.12,2.36,1.89,,,12.34,118.02,46.72
2016-11-28,,,,,,,,,,,,,,,,,,,,,,,,,1.11,2.32,1.85,,,13.15,117.7278,45.66
2016-11-29,,,,,,,,,,,,,,,,,,,,,,,,,1.09,2.3,1.86,,,12.9,117.644,45.29
2016-11-30,,,,,,,,,,,,,,,,,,,,,,,,,1.11,2.37,1.94,,,13.33,117.7636,49.41
2016-12-01,242.637,241.432,249.92,99.071,99.12,265.104,206.244,237.147,293.066,126.185,139.457,459305.0,526790.0,361410.0,13005.9,13128.5,1392.1,2730.6,8883.2,14313.7,5.0,4.7,145408.0,0.54,1.14,2.45,1.97,98.2,2.2,14.07,117.6642,51.08
2016-12-02,,,,,,,,,,,,,,,,,,,,,,,,,1.11,2.4,1.91,,,14.12,117.3116,51.7
2016-12-05,,,,,,,,,,,,,,,,,,,,,,,,,1.13,2.39,1.94,,,12.14,117.1008,51.72
2016-12-06,,,,,,,,,,,,,,,,,,,,,,,,,1.12,2.39,1.95,,,11.79,116.9225,50.95
2016-12-07,,,,,,,,,,,,,,,,,,,,,,,,,1.1,2.34,1.92,,,12.22,116.672,49.85
2016-12-08,,,,,,,,,,,,,,,,,,,,,,,,,1.12,2.4,1.95,,,12.64,117.0327,50.84
2016-12-09,,,,,,,,,,,,,,,,,,,,,,,,,1.15,2.47,1.96,,,11.75,117.2834,51.51
2016-12-12,,,,,,,,,,,,,,,,,,,,,,,,,1.15,2.49,1.98,,,12.64,116.9161,52.74
2016-12-13,,,,,,,,,,,,,,,,,,,,,,,,,1.17,2.48,1.95,,,12.72,116.8029,52.99
2016-12-14,,,,,,,,,,,,,,,,,,,,,,,,,1.27,2.54,1.94,,,13.19,116.7332,51.01
2016-12-15,,,,,,,,,,,,,,,,,,,,,,,,,1.29,2.6,1.9,,,12.79,118.8072,50.9
2016-12-16,,,,,,,,,,,,,,,,,,,,,,,,,1.28,2.6,1.86,,,12.2,118.3584,51.93
2016-12-19,,,,,,,,,,,,,,,,,,,,,,,,,1.24,2.54,1.86,,,11.71,118.3875,52.13
2016-12-20,,,,,,,,,,,,,,,,,,,,,,,,,1.25,2.57,1.9,,,11.45,118.63,52.22
2016-12-21,,,,,,,,,,,,,,,,,,,,,,,,,1.21,2.55,1.91,,,11.27,118.581,51.44
2016-12-22,,,,,,,,,,,,,,,,,,,,,,,,,1.22,2.55,1.95,,,11.43,118.8209,51.98
2016-12-23,,,,,,,,,,,,,,,,,,,,,,,,,1.22,2.55,1.97,,,11.44,118.7856,52.01
2016-12-26,,,,,,,,,,,,,,,,,,,,,,,,,,,,,,,,
2016-12-27,,,,,,,,,,,,,,,,,,,,,,,,,1.28,2.57,1.99,,,11.99,118.9506,52.82
2016-12-28,,,,,,,,,,,,,,,,,,,,,,,,,1.26,2.51,1.95,,,12.95,119.2305,54.01
2016-12-29,,,,,,,,,,,,,,,,,,,,,,,,,1.22,2.49,1.94,,,13.37,118.6637,53.8
2016-12-30,,,,,,,,,,,,,,,,,,,,,,,,,1.2,2.45,1.95,,,14.04,118.3466,53.75
2017-01-01,243.618,242.839,250.467,99.451,99.385,266.079,217.892,237.072,293.769,126.044,138.761,464412.0,415443.0,366585.0,13063.7,13136.3,1384.9,2751.5,8927.3,14373.7,5.3,4.7,145628.0,0.65,,,,98.5,2.6,,,
2017-01-02,,,,,,,,,,,,,,,,,,,,,,,,,,,,,,,,
2017-01-03,,,,,,,,,,,,,,,,,,,,,,,,,1.22,2.45,1.98,,,12.85,119.0903,52.36
2017-01-04,,,,,,,,,,,,,,,,,,,,,,,,,1.24,2.46,1.99,,,11.85,118.8803,53.26
2017-01-05,,,,,,,,,,,,,,,,,,,,,,,,,1.17,2.37,1.95,,,11.67,117.9999,53.77
2017-01-06,,,,,,,,,,,,,,,,,,,,,,,,,1.22,2.42,1.96,,,11.32,118.3495,53.98
2017-01-09,,,,,,,,,,,,,,,,,,,,,,,,,1.21,2.38,1.95,,,11.56,118.4111,51.95
2017-01-10,,,,,,,,,,,,,,,,,,,,,,,,,1.19,2.38,1.95,,,11.49,118.5386,50.82
2017-01-11,,,,,,,,,,,,,,,,,,,,,,,,,1.2,2.38,1.99,,,11.26,119.0219,52.19
2017-01-12,,,,,,,,,,,,,,,,,,,,,,,,,1.18,2.36,1.98,,,11.54,117.8001,53.01
2017-01-13,,,,,,,,,,,,,,,,,,,,,,,,,1.21,2.4,1.99,,,11.23,117.9884,52.36
2017-01-16,,,,,,,,,,,,,,,,,,,,,,,,,,,,,,,,
2017-01-17,,,,,,,,,,,,,,,,,,,,,,,,,1.17,2.33,1.97,,,11.87,117.2656,52.45
2017-01-18,,,,,,,,,,,,,,,,,,,,,,,,,1.23,2.42,2.0,,,12.48,117.7242,51.12
2017-01-19,,,,,,,,,,,,,,,,,,,,,,,,,1.25,2.47,2.04,,,12.78,118.3182,51.39
2017-01-20,,,,,,,,,,,,,,,,,,,,,,,,,1.2,2.48,2.04,,,11.54,,52.33
2017-01-23,,,,,,,,,,,,,,,,,,,,,,,,,1.16,2.41,2.02,,,11.77,117.2479,52.77
2017-01-24,,,,,,,,,,,,,,,,,,,,,,,,,1.21,2.47,2.06,,,11.07,117.0516,52.38
2017-01-25,,,,,,,,,,,,,,,,,,,,,,,,,1.23,2.53,2.08,,,10.81,116.9355,52.14
2017-01-26,,,,,,,,,,,,,,,,,,,,,,,,,1.21,2.51,2.08,,,10.63,117.2766,53.24
2017-01-27,,,,,,,,,,,,,,,,,,,,,,,,,1.22,2.49,2.08,,,10.58,117.0735,53.18
2017-01-30,,,,,,,,,,,,,,,,,,,,,,,,,1.22,2.49,2.07,,,11.88,116.7325,52.63
2017-01-31,,,,,,,,,,,,,,,,,,,,,,,,,1.19,2.45,2.05,,,11.99,116.2241,52.75
2017-02-01,244.006,243.603,250.998,99.586,99.561,266.626,213.626,237.824,294.543,126.058,138.713,464284.0,411212.0,367057.0,13088.4,13143.4,1390.3,2757.7,8940.4,14416.8,5.6,4.6,145846.0,0.66,1.22,2.48,2.05,96.3,2.7,11.81,116.3914,53.9
2017-02-02,,,,,,,,,,,,,,,,,,,,,,,,,1.21,2.48,2.05,,,11.93,115.903,53.55
2017-02-03,,,,,,,,,,,,,,,,,,,,,,,,,1.21,2.49,2.05,,,10.97,115.6259,53.81
2017-02-06,,,,,,,,,,,,,,,,,,,,,,,,,1.16,2.42,2.02,,,11.37,116.0504,53.01
2017-02-07,,,,,,,,,,,,,,,,,,,,,,,,,1.16,2.4,2.0,,,11.29,116.4082,52.19
2017-02-08,,,,,,,,,,,,,,,,,,,,,,,,,1.15,2.34,1.96,,,11.45,116.1382,52.37
2017-02-09,,,,,,,,,,,,,,,,,,,,,,,,,1.2,2.4,1.99,,,10.88,116.306,52.99
2017-02-10,,,,,,,,,,,,,,,,,,,,,,,,,1.2,2.41,2.01,,,10.85,116.148,53.84
2017-02-13,,,,,,,,,,,,,,,,,,,,,,,,,1.2,2.43,2.0,,,11.07,116.3427,52.96
2017-02-14,,,,,,,,,,,,,,,,,,,,,,,,,1.25,2.47,2.01,,,10.74,116.3949,53.21
2017-02-15,,,,,,,,,,,,,,,,,,,,,,,,,1.27,2.51,2.06,,,11.97,116.2162,53.11
2017-02-16,,,,,,,,,,,,,,,,,,,,,,,,,1.22,2.45,2.02,,,11.76,116.0067,53.41
2017-02-17,,,,,,,,,,,,,,,,,,,,,,,,,1.21,2.42,2.01,,,11.49,116.4035,53.41
2017-02-20,,,,,,,,,,,,,,,,,,,,,,,,,,,,,,,,
2017-02-21,,,,,,,,,,,,,,,,,,,,,,,,,1.22,2.43,2.03,,,11.57,116.5921,54.02
2017-02-22,,,,,,,,,,,,,,,,,,,,,,,,,1.22,2.42,2.04,,,11.74,116.2136,53.61
2017-02-23,,,,,,,,,,,,,,,,,,,,,,,,,1.18,2.38,2.03,,,11.71,115.6527,54.48
2017-02-24,,,,,,,,,,,,,,,,,,,,,,,,,1.12,2.31,2.0,,,11.47,115.8143,53.99
2017-02-27,,,,,,,,,,,,,,,,,,,,,,,,,1.2,2.36,2.01,,,12.09,115.6764,54.04
2017-02-28,,,,,,,,,,,,,,,,,,,,,,,,,1.22,2.36,2.02,,,12.92,116.0032,54.0
2017-03-01,243.892,243.801,250.944,99.535,99.519,267.055,210.69,238.387,295.012,126.397,139.232,463674.0,474549.0,368272.0,13139.9,13201.7,1380.1,2770.2,8989.7,14476.3,5.6,4.4,145970.0,0.79,1.29,2.46,2.03,96.9,2.5,12.54,116.438,53.82
2017-03-02,,,,,,,,,,,,,,,,,,,,,,,,,1.32,2.49,2.01,,,11.81,116.8429,52.63
2017-03-03,,,,,,,,,,,,,,,,,,,,,,,,,1.32,2.49,2.04,,,10.96,116.6438,53.33
2017-03-06,,,,,,,,,,,,,,,,,,,,,,,,,1.31,2.49,2.01,,,11.24,116.4313,53.19
2017-03-07,,,,,,,,,,,,,,,,,,,,,,,,,1.32,2.52,2.03,,,11.45,116.4303,52.68
2017-03-08,,,,,,,,,,,,,,,,,,,,,,,,,1.36,2.57,2.01,,,11.86,116.875,49.83
2017-03-09,,,,,,,,,,,,,,,,,,,,,,,,,1.37,2.6,2.0,,,12.3,116.9959,48.75
2017-03-10,,,,,,,,,,,,,,,,,,,,,,,,,1.36,2.58,2.01,,,11.66,116.616,48.05
2017-03-13,,,,,,,,,,,,,,,,,,,,,,,,,1.4,2.62,2.01,,,11.35,116.4004,47.95
2017-03-14,,,,,,,,,,,,,,,,,,,,,,,,,1.4,2.6,1.99,,,12.3,116.5646,47.24
2017-03-15,,,,,,,,,,,,,,,,,,,,,,,,,1.33,2.51,2.01,,,11.63,116.3584,48.34
2017-03-16,,,,,,,,,,,,,,,,,,,,,,,,,1.35,2.53,2.02,,,11.21,115.4456,48.3
2017-03-17,,,,,,,,,,,,,,,,,,,,,,,,,1.33,2.5,2.01,,,11.28,115.2783,48.34
2017-03-20,,,,,,,,,,,,,,,,,,,,,,,,,1.3,2.47,2.0,,,11.34,115.0426,47.79
2017-03-21,,,,,,,,,,,,,,,,,,,,,,,,,1.27,2.43,1.98,,,12.47,114.8119,47.02
2017-03-22,,,,,,,,,,,,,,,,,,,,,,,,,1.27,2.4,1.97,,,12.81,114.7937,47.29
2017-03-23,,,,,,,,,,,,,,,,,,,,,,,,,1.26,2.41,1.95,,,13.12,114.7899,47.0
2017-03-24,,,,,,,,,,,,,,,,,,,,,,,,,1.26,2.4,1.98,,,12.96,114.6372,47.3
2017-03-27,,,,,,,,,,,,,,,,,,,,,,,,,1.27,2.38,1.97,,,12.5,114.2347,47.02
2017-03-28,,,,,,,,,,,,,,,,,,,,,,,,,1.3,2.42,1.97,,,11.53,114.419,48.36
2017-03-29,,,,,,,,,,,,,,,,,,,,,,,,,1.26,2.39,1.98,,,11.42,114.7167,49.47
2017-03-30,,,,,,,,,,,,,,,,,,,,,,,,,1.28,2.42,1.96,,,11.54,114.5245,50.3
2017-03-31,,,,,,,,,,,,,,,,,,,,,,,,,1.27,2.4,1.97,,,12.37,114.7938,50.54
2017-04-01,244.193,244.524,251.227,99.725,99.723,267.652,209.074,238.568,295.741,126.301,138.596,465276.0,457744.0,369323.0,13169.2,13206.1,1390.8,2778.6,8999.7,14509.3,5.7,4.4,146175.0,0.9,,,,97.0,2.5,,,
2017-04-03,,,,,,,,,,,,,,,,,,,,,,,,,1.24,2.35,1.96,,,12.38,114.8734,50.25
2017-04-04,,,,,,,,,,,,,,,,,,,,,,,,,1.25,2.36,1.96,,,11.79,115.0038,50.99
2017-04-05,,,,,,,,,,,,,,,,,,,,,,,,,1.24,2.34,1.97,,,12.89,114.9494,51.14
2017-04-06,,,,,,,,,,,,,,,,,,,,,,,,,1.24,2.34,1.95,,,12.39,115.0181,51.69
2017-04-07,,,,,,,,,,,,,,,,,,,,,,,,,1.29,2.38,1.94,,,12.87,115.0547,52.25
2017-04-10,,,,,,,,,,,,,,,,,,,,,,,,,1.29,2.37,1.93,,,14.05,115.11,53.06
2017-04-11,,,,,,,,,,,,,,,,,,,,,,,,,1.24,2.32,1.91,,,15.07,115.009,53.38
2017-04-12,,,,,,,,,,,,,,,,,,,,,,,,,1.24,2.28,1.9,,,15.77,114.9162,53.12
2017-04-13,,,,,,,,,,,,,,,,,,,,,,,,,1.21,2.24,1.92,,,15.96,114.5059,53.19
2017-04-14,,,,,,,,,,,,,,,,,,,,,,,,,,,,,,,114.5368,
2017-04-17,,,,,,,,,,,,,,,,,,,,,,,,,1.21,2.26,1.88,,,14.66,114.3283,52.62
2017-04-18,,,,,,,,,,,,,,,,,,,,,,,,,1.18,2.18,1.85,,,14.42,114.2575,52.46
2017-04-19,,,,,,,,,,,,,,,,,,,,,,,,,1.19,2.21,1.85,,,14.93,114.7923,50.49
2017-04-20,,,,,,,,,,,,,,,,,,,,,,,,,1.21,2.24,1.85,,,14.15,114.6205,50.26
2017-04-21,,,,,,,,,,,,,,,,,,,,,,,,,1.2,2.24,1.84,,,14.63,114.8128,49.64
2017-04-24,,,,,,,,,,,,,,,,,,,,,,,,,1.25,2.28,1.87,,,10.84,114.3659,48.9
2017-04-25,,,,,,,,,,,,,,,,,,,,,,,,,1.29,2.35,1.91,,,10.76,114.5111,49.22
2017-04-26,,,,,,,,,,,,,,,,,,,,,,,,,1.28,2.32,1.9,,,10.85,114.9479,49.22
2017-04-27,,,,,,,,,,,,,,,,,,,,,,,,,1.25,2.3,1.91,,,10.36,114.9946,48.96
2017-04-28,,,,,,,,,,,,,,,,,,,,,,,,,1.28,2.29,1.92,,,10.82,114.7877,49.31
2017-05-01,244.004,244.733,251.43,99.682,99.803,268.128,197.848,238.893,296.461,125.651,138.601,462754.0,485658.0,366527.0,13171.9,13214.5,1388.8,2755.8,9027.2,14610.7,6.3,4.4,146380.0,0.91,1.28,2.33,1.92,97.1,2.6,10.11,114.5921,48.83
2017-05-02,,,,,,,,,,,,,,,,,,,,,,,,,1.27,2.29,1.88,,,10.59,114.6792,47.65
2017-05-03,,,,,,,,,,,,,,,,,,,,,,,,,1.3,2.33,1.87,,,10.68,114.6637,47.79
2017-05-04,,,,,,,,,,,,,,,,,,,,,,,,,1.32,2.36,1.86,,,10.46,114.9076,45.55
2017-05-05,,,,,,,,,,,,,,,,,,,,,,,,,1.32,2.36,1.86,,,10.57,114.7725,46.23
2017-05-08,,,,,,,,,,,,,,,,,,,,,,,,,1.33,2.39,1.86,,,9.77,115.0895,46.46
2017-05-09,,,,,,,,,,,,,,,,,,,,,,,,,1.37,2.42,1.86,,,9.96,115.3933,45.84
2017-05-10,,,,,,,,,,,,,,,,,,,,,,,,,1.35,2.41,1.85,,,10.21,115.1145,47.28
2017-05-11,,,,,,,,,,,,,,,,,,,,,,,,,1.35,2.39,1.88,,,10.6,115.0669,47.81
2017-05-12,,,,,,,,,,,,,,,,,,,,,,,,,1.29,2.33,1.84,,,10.4,114.7479,47.83
2017-05-15,,,,,,,,,,,,,,,,,,,,,,,,,1.31,2.34,1.82,,,10.42,114.3504,48.86
2017-05-16,,,,,,,,,,,,,,,,,,,,,,,,,1.29,2.33,1.82,,,10.65,113.9923,48.64
2017-05-17,,,,,,,,,,,,,,,,,,,,,,,,,1.26,2.22,1.78,,,15.59,113.7506,49.04
2017-05-18,,,,,,,,,,,,,,,,,,,,,,,,,1.27,2.23,1.8,,,14.66,114.2683,49.36
2017-05-19,,,,,,,,,,,,,,,,,,,,,,,,,1.28,2.23,1.82,,,12.04,113.7001,50.32
2017-05-22,,,,,,,,,,,,,,,,,,,,,,,,,1.29,2.25,1.82,,,10.93,113.5442,50.81
2017-05-23,,,,,,,,,,,,,,,,,,,,,,,,,1.31,2.29,1.83,,,10.72,113.6862,51.12
2017-05-24,,,,,,,,,,,,,,,,,,,,,,,,,1.29,2.26,1.81,,,10.02,113.675,50.99
2017-05-25,,,,,,,,,,,,,,,,,,,,,,,,,1.3,2.25,1.8,,,9.99,113.3719,48.57
2017-05-26,,,,,,,,,,,,,,,,,,,,,,,,,1.3,2.25,1.81,,,9.81,113.4839,49.58
2017-05-29,,,,,,,,,,,,,,,,,,,,,,,,,,,,,,,,
2017-05-30,,,,,,,,,,,,,,,,,,,,,,,,,1.28,2.21,1.81,,,10.38,113.5552,49.63
2017-05-31,,,,,,,,,,,,,,,,,,,,,,,,,1.28,2.21,1.81,,,10.41,113.2956,48.29
2017-06-01,244.163,244.955,251.746,99.766,99.937,268.225,195.797,238.494,297.215,125.508,137.691,465130.0,473145.0,367876.0,13225.2,13256.7,1403.5,2771.4,9050.2,14618.7,6.0,4.3,146583.0,1.04,1.28,2.21,1.81,95.0,2.6,9.89,113.3017,48.32
2017-06-02,,,,,,,,,,,,,,,,,,,,,,,,,1.28,2.15,1.79,,,9.75,113.1908,47.68
2017-06-05,,,,,,,,,,,,,,,,,,,,,,,,,1.32,2.18,1.79,,,10.07,112.9755,47.4
2017-06-06,,,,,,,,,,,,,,,,,,,,,,,,,1.3,2.14,1.77,,,10.45,112.7095,48.13
2017-06-07,,,,,,,,,,,,,,,,,,,,,,,,,1.32,2.18,1.78,,,10.39,112.8191,45.8
2017-06-08,,,,,,,,,,,,,,,,,,,,,,,,,1.33,2.19,1.78,,,10.16,112.8351,45.68
2017-06-09,,,,,,,,,,,,,,,,,,,,,,,,,1.35,2.21,1.78,,,10.7,112.9562,45.82
2017-06-12,,,,,,,,,,,,,,,,,,,,,,,,,1.35,2.21,1.75,,,11.46,112.9837,46.1
2017-06-13,,,,,,,,,,,,,,,,,,,,,,,,,1.38,2.21,1.75,,,10.42,112.6271,46.41
2017-06-14,,,,,,,,,,,,,,,,,,,,,,,,,1.35,2.15,1.71,,,10.64,112.0734,44.79
2017-06-15,,,,,,,,,,,,,,,,,,,,,,,,,1.35,2.16,1.67,,,10.9,112.8708,44.47
2017-06-16,,,,,,,,,,,,,,,,,,,,,,,,,1.32,2.16,1.67,,,10.38,112.6155,44.73
2017-06-19,,,,,,,,,,,,,,,,,,,,,,,,,1.36,2.19,1.67,,,10.37,112.7576,44.24
2017-06-20,,,,,,,,,,,,,,,,,,,,,,,,,1.36,2.16,1.66,,,10.86,113.2698,43.34
2017-06-21,,,,,,,,,,,,,,,,,,,,,,,,,1.36,2.16,1.66,,,10.75,113.3327,42.48
2017-06-22,,,,,,,,,,,,,,,,,,,,,,,,,1.34,2.15,1.69,,,10.48,113.1654,42.53
2017-06-23,,,,,,,,,,,,,,,,,,,,,,,,,1.34,2.15,1.7,,,10.02,112.8665,42.86
2017-06-26,,,,,,,,,,,,,,,,,,,,,,,,,1.36,2.14,1.71,,,9.9,112.7633,43.24
2017-06-27,,,,,,,,,,,,,,,,,,,,,,,,,1.38,2.21,1.71,,,11.06,112.55,44.25
2017-06-28,,,,,,,,,,,,,,,,,,,,,,,,,1.34,2.22,1.73,,,10.03,112.0747,44.74
2017-06-29,,,,,,,,,,,,,,,,,,,,,,,,,1.38,2.27,1.72,,,11.44,111.998,44.88
2017-06-30,,,,,,,,,,,,,,,,,,,,,,,,,1.38,2.31,1.73,,,11.18,111.9896,46.02
2017-07-01,244.243,244.786,251.985,99.803,100.01,268.649,191.889,238.904,297.676,125.368,136.872,465089.0,467247.0,367728.0,13263.3,13290.1,1412.6,2763.0,9087.6,14660.2,6.0,4.3,146772.0,1.15,,,,93.4,2.6,,,
2017-07-03,,,,,,,,,,,,,,,,,,,,,,,,,1.41,2.35,1.75,,,11.22,112.4268,
2017-07-04,,,,,,,,,,,,,,,,,,,,,,,,,,,,,,,,
2017-07-05,,,,,,,,,,,,,,,,,,,,,,,,,1.41,2.33,1.75,,,11.07,112.6534,45.11
2017-07-06,,,,,,,,,,,,,,,,,,,,,,,,,1.4,2.37,1.76,,,12.54,112.4199,45.52
2017-07-07,,,,,,,,,,,,,,,,,,,,,,,,,1.4,2.39,1.73,,,11.19,112.3137,44.25
2017-07-10,,,,,,,,,,,,,,,,,,,,,,,,,1.4,2.38,1.72,,,11.11,112.1587,44.4
2017-07-11,,,,,,,,,,,,,,,,,,,,,,,,,1.37,2.37,1.75,,,10.89,112.1434,45.06
2017-07-12,,,,,,,,,,,,,,,,,,,,,,,,,1.35,2.33,1.76,,,10.3,111.5904,45.48
2017-07-13,,,,,,,,,,,,,,,,,,,,,,,,,1.37,2.35,1.77,,,9.9,111.5365,46.06
2017-07-14,,,,,,,,,,,,,,,,,,,,,,,,,1.35,2.33,1.76,,,9.51,110.9075,46.53
2017-07-17,,,,,,,,,,,,,,,,,,,,,,,,,1.36,2.31,1.77,,,9.82,110.9304,46.02
2017-07-18,,,,,,,,,,,,,,,,,,,,,,,,,1.36,2.27,1.76,,,9.89,110.4356,46.4
2017-07-19,,,,,,,,,,,,,,,,,,,,,,,,,1.37,2.27,1.76,,,9.79,110.4339,47.1
2017-07-20,,,,,,,,,,,,,,,,,,,,,,,,,1.37,2.27,1.77,,,9.58,110.2512,46.73
2017-07-21,,,,,,,,,,,,,,,,,,,,,,,,,1.36,2.24,1.76,,,9.36,110.191,45.78
2017-07-24,,,,,,,,,,,,,,,,,,,,,,,,,1.37,2.26,1.78,,,9.43,110.2004,46.21
2017-07-25,,,,,,,,,,,,,,,,,,,,,,,,,1.4,2.33,1.81,,,9.43,110.2835,47.77
2017-07-26,,,,,,,,,,,,,,,,,,,,,,,,,1.36,2.29,1.8,,,9.6,110.3811,48.58
2017-07-27,,,,,,,,,,,,,,,,,,,,,,,,,1.36,2.32,1.83,,,10.11,110.216,49.05
2017-07-28,,,,,,,,,,,,,,,,,,,,,,,,,1.34,2.3,1.83,,,10.29,109.92,49.72
2017-07-31,,,,,,,,,,,,,,,,,,,,,,,,,1.34,2.3,1.82,,,10.26,109.8177,50.21
2017-08-01,245.183,245.519,252.535,100.027,100.118,269.522,203.585,238.804,298.904,125.39,136.875,466020.0,481435.0,370481.0,13294.6,13291.7,1403.5,2788.8,9102.4,14678.3,6.1,4.4,146919.0,1.16,1.34,2.26,1.79,96.8,2.6,10.09,109.8495,49.19
2017-08-02,,,,,,,,,,,,,,,,,,,,,,,,,1.36,2.27,1.79,,,10.28,109.7503,49.6
2017-08-03,,,,,,,,,,,,,,,,,,,,,,,,,1.34,2.24,1.78,,,10.44,109.8332,49.03
2017-08-04,,,,,,,,,,,,,,,,,,,,,,,,,1.36,2.27,1.8,,,10.03,110.2808,49.57
2017-08-07,,,,,,,,,,,,,,,,,,,,,,,,,1.36,2.26,1.8,,,9.93,110.373,49.37
2017-08-08,,,,,,,,,,,,,,,,,,,,,,,,,1.36,2.29,1.83,,,10.96,110.396,49.07
2017-08-09,,,,,,,,,,,,,,,,,,,,,,,,,1.33,2.24,1.82,,,11.11,110.3671,49.59
2017-08-10,,,,,,,,,,,,,,,,,,,,,,,,,1.33,2.2,1.8,,,16.04,110.1886,48.54
2017-08-11,,,,,,,,,,,,,,,,,,,,,,,,,1.3,2.19,1.79,,,15.51,110.0422,48.81
2017-08-14,,,,,,,,,,,,,,,,,,,,,,,,,1.33,2.22,1.77,,,12.33,110.095,47.59
2017-08-15,,,,,,,,,,,,,,,,,,,,,,,,,1.35,2.27,1.78,,,12.04,110.4846,47.57
2017-08-16,,,,,,,,,,,,,,,,,,,,,,,,,1.33,2.23,1.78,,,11.74,110.4394,46.8
2017-08-17,,,,,,,,,,,,,,,,,,,,,,,,,1.32,2.19,1.77,,,15.55,110.1673,47.07
2017-08-18,,,,,,,,,,,,,,,,,,,,,,,,,1.33,2.19,1.76,,,14.26,110.041,48.59
2017-08-21,,,,,,,,,,,,,,,,,,,,,,,,,1.32,2.18,1.75,,,13.19,109.7349,47.39
2017-08-22,,,,,,,,,,,,,,,,,,,,,,,,,1.33,2.22,1.77,,,11.35,109.8386,47.65
2017-08-23,,,,,,,,,,,,,,,,,,,,,,,,,1.32,2.17,1.75,,,12.25,109.8095,48.45
2017-08-24,,,,,,,,,,,,,,,,,,,,,,,,,1.33,2.19,1.75,,,12.23,109.7524,47.24
2017-08-25,,,,,,,,,,,,,,,,,,,,,,,,,1.35,2.17,1.75,,,11.28,109.3415,47.65
2017-08-28,,,,,,,,,,,,,,,,,,,,,,,,,1.33,2.16,1.75,,,11.32,109.1815,46.4
2017-08-29,,,,,,,,,,,,,,,,,,,,,,,,,1.33,2.13,1.74,,,11.7,109.0946,46.46
2017-08-30,,,,,,,,,,,,,,,,,,,,,,,,,1.33,2.15,1.76,,,11.22,109.4052,45.96
2017-08-31,,,,,,,,,,,,,,,,,,,,,,,,,1.33,2.12,1.76,,,10.59,109.3686,47.26
2017-09-01,246.435,246.819,252.812,100.4,100.24,270.353,228.252,238.852,299.711,125.759,135.033,475724.0,461399.0,376369.0,13417.3,13364.4,1437.3,2842.9,9137.1,14706.0,5.9,4.3,147008.0,1.15,1.35,2.16,1.79,95.1,2.7,10.13,109.0504,47.32
2017-09-04,,,,,,,,,,,,,,,,,,,,,,,,,,,,,,,,
2017-09-05,,,,,,,,,,,,,,,,,,,,,,,,,1.3,2.07,1.77,,,12.23,108.8664,48.63
2017-09-06,,,,,,,,,,,,,,,,,,,,,,,,,1.3,2.1,1.78,,,11.63,108.4897,49.13
2017-09-07,,,,,,,,,,,,,,,,,,,,,,,,,1.27,2.05,1.79,,,11.55,107.9224,49.1
2017-09-08,,,,,,,,,,,,,,,,,,,,,,,,,1.27,2.06,1.81,,,12.12,107.808,47.44
2017-09-11,,,,,,,,,,,,,,,,,,,,,,,,,1.32,2.14,1.83,,,10.73,108.153,48.06
2017-09-12,,,,,,,,,,,,,,,,,,,,,,,,,1.33,2.17,1.84,,,10.58,108.3239,48.21
2017-09-13,,,,,,,,,,,,,,,,,,,,,,,,,1.35,2.2,1.85,,,10.5,108.6628,49.3
2017-09-14,,,,,,,,,,,,,,,,,,,,,,,,,1.37,2.2,1.85,,,10.44,108.618,49.86
2017-09-15,,,,,,,,,,,,,,,,,,,,,,,,,1.39,2.2,1.85,,,10.17,108.3147,49.9
2017-09-18,,,,,,,,,,,,,,,,,,,,,,,,,1.4,2.23,1.87,,,10.15,108.6401,49.88
2017-09-19,,,,,,,,,,,,,,,,,,,,,,,,,1.4,2.24,1.87,,,10.18,108.6142,49.54
2017-09-20,,,,,,,,,,,,,,,,,,,,,,,,,1.45,2.28,1.85,,,9.78,108.4329,50.29
2017-09-21,,,,,,,,,,,,,,,,,,,,,,,,,1.45,2.27,1.83,,,9.67,108.9267,50.58
2017-09-22,,,,,,,,,,,,,,,,,,,,,,,,,1.46,2.26,1.84,,,9.59,108.7542,50.33
2017-09-25,,,,,,,,,,,,,,,,,,,,,,,,,1.44,2.22,1.84,,,10.21,109.3302,51.85
2017-09-26,,,,,,,,,,,,,,,,,,,,,,,,,1.45,2.24,1.84,,,10.17,109.7769,51.59
2017-09-27,,,,,,,,,,,,,,,,,,,,,,,,,1.47,2.31,1.87,,,9.87,110.0722,52.14
2017-09-28,,,,,,,,,,,,,,,,,,,,,,,,,1.45,2.31,1.87,,,9.55,110.2415,51.62
2017-09-29,,,,,,,,,,,,,,,,,,,,,,,,,1.47,2.33,1.84,,,9.51,110.0867,51.67
2017-10-01,246.626,246.663,253.526,100.531,100.486,270.658,218.99,239.02,300.814,125.961,137.803,476107.0,467634.0,376051.0,13447.5,13377.0,1447.1,2825.8,9174.6,14748.6,6.0,4.2,147149.0,1.15,,,,100.7,2.4,,,
2017-10-02,,,,,,,,,,,,,,,,,,,,,,,,,1.49,2.34,1.83,,,9.45,110.3686,50.59
2017-10-03,,,,,,,,,,,,,,,,,,,,,,,,,1.47,2.33,1.84,,,9.51,110.3281,50.44
2017-10-04,,,,,,,,,,,,,,,,,,,,,,,,,1.47,2.33,1.85,,,9.63,110.2425,50.0
2017-10-05,,,,,,,,,,,,,,,,,,,,,,,,,1.49,2.35,1.86,,,9.19,110.5823,50.79
2017-10-06,,,,,,,,,,,,,,,,,,,,,,,,,1.54,2.37,1.87,,,9.65,110.7841,49.34
2017-10-09,,,,,,,,,,,,,,,,,,,,,,,,,,,,,,10.33,,49.58
2017-10-10,,,,,,,,,,,,,,,,,,,,,,,,,1.51,2.35,1.88,,,10.08,110.3034,50.93
2017-10-11,,,,,,,,,,,,,,,,,,,,,,,,,1.51,2.35,1.89,,,9.85,110.3037,51.3
2017-10-12,,,,,,,,,,,,,,,,,,,,,,,,,1.51,2.33,1.89,,,9.91,110.3152,50.61
2017-10-13,,,,,,,,,,,,,,,,,,,,,,,,,1.51,2.28,1.85,,,9.61,110.2669,51.43
2017-10-16,,,,,,,,,,,,,,,,,,,,,,,,,1.54,2.3,1.84,,,9.91,110.5432,51.86
2017-10-17,,,,,,,,,,,,,,,,,,,,,,,,,1.54,2.3,1.82,,,10.31,110.9141,51.87
2017-10-18,,,,,,,,,,,,,,,,,,,,,,,,,1.59,2.34,1.84,,,10.07,110.7214,52.05
2017-10-19,,,,,,,,,,,,,,,,,,,,,,,,,1.58,2.33,1.84,,,10.05,110.4577,51.29
2017-10-20,,,,,,,,,,,,,,,,,,,,,,,,,1.6,2.39,1.87,,,9.97,111.0375,51.63
2017-10-23,,,,,,,,,,,,,,,,,,,,,,,,,1.58,2.38,1.86,,,11.07,111.2134,51.91
2017-10-24,,,,,,,,,,,,,,,,,,,,,,,,,1.6,2.42,1.87,,,11.16,111.4027,52.32
2017-10-25,,,,,,,,,,,,,,,,,,,,,,,,,1.61,2.44,1.88,,,11.23,111.3904,51.97
2017-10-26,,,,,,,,,,,,,,,,,,,,,,,,,1.63,2.46,1.89,,,11.3,111.6418,52.41
2017-10-27,,,,,,,,,,,,,,,,,,,,,,,,,1.59,2.42,1.88,,,9.8,112.1495,53.92
2017-10-30,,,,,,,,,,,,,,,,,,,,,,,,,1.58,2.37,1.87,,,10.5,111.901,54.11
2017-10-31,,,,,,,,,,,,,,,,,,,,,,,,,1.6,2.38,1.88,,,10.18,111.8052,54.36
2017-11-01,247.284,246.669,253.816,100.675,100.535,271.152,228.908,238.94,301.43,125.024,138.261,480949.0,487388.0,381716.0,13540.6,13450.3,1467.0,2856.9,9216.7,14771.1,5.6,4.2,147372.0,1.16,1.61,2.37,1.88,98.5,2.5,10.2,111.7942,54.32
2017-11-02,,,,,,,,,,,,,,,,,,,,,,,,,1.61,2.35,1.87,,,9.93,111.5474,54.55
2017-11-03,,,,,,,,,,,,,,,,,,,,,,,,,1.63,2.34,1.86,,,9.14,111.9383,55.63
2017-11-06,,,,,,,,,,,,,,,,,,,,,,,,,1.61,2.32,1.86,,,9.4,111.7197,57.34
2017-11-07,,,,,,,,,,,,,,,,,,,,,,,,,1.63,2.32,1.88,,,9.89,111.9446,57.19
2017-11-08,,,,,,,,,,,,,,,,,,,,,,,,,1.65,2.32,1.87,,,9.78,111.6935,56.82
2017-11-09,,,,,,,,,,,,,,,,,,,,,,,,,1.63,2.33,1.87,,,10.5,111.5626,57.16
2017-11-10,,,,,,,,,,,,,,,,,,,,,,,,,1.67,2.4,1.88,,,11.29,,56.75
2017-11-13,,,,,,,,,,,,,,,,,,,,,,,,,1.7,2.4,1.88,,,11.5,111.7833,56.77
2017-11-14,,,,,,,,,,,,,,,,,,,,,,,,,1.68,2.38,1.87,,,11.59,111.5097,55.67
2017-11-15,,,,,,,,,,,,,,,,,,,,,,,,,1.68,2.33,1.85,,,13.13,111.4809,55.28
2017-11-16,,,,,,,,,,,,,,,,,,,,,,,,,1.72,2.37,1.84,,,11.76,111.2568,55.14
2017-11-17,,,,,,,,,,,,,,,,,,,,,,,,,1.73,2.35,1.86,,,11.43,111.0016,56.21
2017-11-20,,,,,,,,,,,,,,,,,,,,,,,,,1.77,2.37,1.85,,,10.65,111.2599,56.21
2017-11-21,,,,,,,,,,,,,,,,,,,,,,,,,1.77,2.36,1.84,,,9.73,110.9828,56.84
2017-11-22,,,,,,,,,,,,,,,,,,,,,,,,,1.74,2.32,1.84,,,9.88,110.5632,57.88
2017-11-23,,,,,,,,,,,,,,,,,,,,,,,,,,,,,,,,
2017-11-24,,,,,,,,,,,,,,,,,,,,,,,,,1.75,2.34,1.84,,,9.67,110.0253,58.94
2017-11-27,,,,,,,,,,,,,,,,,,,,,,,,,1.74,2.32,1.83,,,9.87,110.1136,58.1
2017-11-28,,,,,,,,,,,,,,,,,,,,,,,,,1.75,2.34,1.84,,,10.03,110.3018,57.96
2017-11-29,,,,,,,,,,,,,,,,,,,,,,,,,1.78,2.37,1.84,,,10.7,110.3265,57.25
2017-11-30,,,,,,,,,,,,,,,,,,,,,,,,,1.78,2.42,1.86,,,11.28,110.4648,57.4
2017-12-01,247.805,246.524,254.344,100.821,100.683,271.811,228.888,239.371,302.428,124.234,138.123,483586.0,544897.0,384511.0,13666.1,13555.4,1485.0,2893.0,9288.0,14797.9,5.0,4.1,147523.0,1.3,1.78,2.37,1.86,95.9,2.7,11.43,110.1413,58.35
2017-12-04,,,,,,,,,,,,,,,,,,,,,,,,,1.8,2.37,1.87,,,11.68,110.397,57.48
2017-12-05,,,,,,,,,,,,,,,,,,,,,,,,,1.83,2.36,1.86,,,11.33,110.4905,57.66
2017-12-06,,,,,,,,,,,,,,,,,,,,,,,,,1.78,2.33,1.86,,,11.02,110.8711,55.79
2017-12-07,,,,,,,,,,,,,,,,,,,,,,,,,1.8,2.37,1.87,,,10.16,111.0178,56.5
2017-12-08,,,,,,,,,,,,,,,,,,,,,,,,,1.8,2.38,1.88,,,9.58,111.2273,57.15
2017-12-11,,,,,,,,,,,,,,,,,,,,,,,,,1.82,2.39,1.88,,,9.34,111.0827,57.84
2017-12-12,,,,,,,,,,,,,,,,,,,,,,,,,1.83,2.4,1.89,,,9.92,111.5214,57.12
2017-12-13,,,,,,,,,,,,,,,,,,,,,,,,,1.79,2.36,1.88,,,10.18,111.2759,56.59
2017-12-14,,,,,,,,,,,,,,,,,,,,,,,,,1.82,2.35,1.87,,,10.49,111.0893,57.0
2017-12-15,,,,,,,,,,,,,,,,,,,,,,,,,1.84,2.35,1.88,,,9.42,111.1286,57.29
2017-12-18,,,,,,,,,,,,,,,,,,,,,,,,,1.84,2.39,1.89,,,9.53,110.9086,57.17
2017-12-19,,,,,,,,,,,,,,,,,,,,,,,,,1.87,2.46,1.91,,,10.03,111.1255,57.49
2017-12-20,,,,,,,,,,,,,,,,,,,,,,,,,1.87,2.49,1.92,,,9.72,110.8361,58.09
2017-12-21,,,,,,,,,,,,,,,,,,,,,,,,,1.89,2.48,1.93,,,9.62,110.8786,58.34
2017-12-22,,,,,,,,,,,,,,,,,,,,,,,,,1.91,2.48,1.94,,,9.9,111.0997,58.25
2017-12-25,,,,,,,,,,,,,,,,,,,,,,,,,,,,,,,,
2017-12-26,,,,,,,,,,,,,,,,,,,,,,,,,1.92,2.47,1.94,,,10.25,110.9758,59.55
2017-12-27,,,,,,,,,,,,,,,,,,,,,,,,,1.89,2.42,1.94,,,10.47,110.8553,59.67
2017-12-28,,,,,,,,,,,,,,,,,,,,,,,,,1.91,2.43,1.96,,,10.18,110.5154,59.84
2017-12-29,,,,,,,,,,,,,,,,,,,,,,,,,1.89,2.4,1.96,,,11.04,110.0783,60.46
2018-01-01,248.859,247.867,255.204,101.199,101.007,272.772,235.325,239.854,303.213,124.855,138.559,481414.0,437073.0,382986.0,13703.3,13541.3,1478.2,2906.9,9318.2,14886.6,5.7,4.0,147660.0,1.41,,,,95.7,2.7,,,
2018-01-02,,,,,,,,,,,,,,,,,,,,,,,,,1.92,2.46,2.0,,,9.77,109.6445,60.37
2018-01-03,,,,,,,,,,,,,,,,,,,,,,,,,1.94,2.44,1.98,,,9.15,109.6751,61.61
2018-01-04,,,,,,,,,,,,,,,,,,,,,,,,,1.96,2.46,2.01,,,9.22,109.4777,61.98
2018-01-05,,,,,,,,,,,,,,,,,,,,,,,,,1.96,2.47,2.01,,,9.22,109.3496,61.49
2018-01-08,,,,,,,,,,,,,,,,,,,,,,,,,1.96,2.49,2.02,,,9.52,109.5681,61.73
2018-01-09,,,,,,,,,,,,,,,,,,,,,,,,,1.98,2.55,2.03,,,10.08,109.9025,62.92
2018-01-10,,,,,,,,,,,,,,,,,,,,,,,,,1.98,2.55,2.03,,,9.82,109.628,63.6
2018-01-11,,,,,,,,,,,,,,,,,,,,,,,,,1.98,2.54,2.0,,,9.88,109.4888,63.81
2018-01-12,,,,,,,,,,,,,,,,,,,,,,,,,1.99,2.55,2.01,,,10.16,108.901,64.22
2018-01-15,,,,,,,,,,,,,,,,,,,,,,,,,,,,,,,,
2018-01-16,,,,,,,,,,,,,,,,,,,,,,,,,2.03,2.54,2.03,,,11.66,108.3218,63.82
2018-01-17,,,,,,,,,,,,,,,,,,,,,,,,,2.05,2.57,2.04,,,11.91,108.1526,63.92
2018-01-18,,,,,,,,,,,,,,,,,,,,,,,,,2.05,2.62,2.05,,,12.22,108.0655,63.96
2018-01-19,,,,,,,,,,,,,,,,,,,,,,,,,2.06,2.64,2.06,,,11.27,107.9455,63.38
2018-01-22,,,,,,,,,,,,,,,,,,,,,,,,,2.08,2.66,2.06,,,11.03,108.107,63.66
2018-01-23,,,,,,,,,,,,,,,,,,,,,,,,,2.06,2.63,2.06,,,11.1,107.9979,64.45
2018-01-24,,,,,,,,,,,,,,,,,,,,,,,,,2.08,2.65,2.07,,,11.47,107.0802,65.69
2018-01-25,,,,,,,,,,,,,,,,,,,,,,,,,2.08,2.63,2.07,,,11.58,106.5052,65.62
2018-01-26,,,,,,,,,,,,,,,,,,,,,,,,,2.13,2.66,2.09,,,11.08,106.6911,66.27
2018-01-29,,,,,,,,,,,,,,,,,,,,,,,,,2.11,2.7,2.09,,,13.84,107.1142,65.71
2018-01-30,,,,,,,,,,,,,,,,,,,,,,,,,2.13,2.73,2.1,,,14.79,107.1064,64.64
2018-01-31,,,,,,,,,,,,,,,,,,,,,,,,,2.14,2.72,2.11,,,13.54,106.7696,64.82
2018-02-01,249.529,248.991,255.711,101.416,101.198,273.435,239.767,239.187,303.784,125.839,138.643,484031.0,427541.0,385861.0,13738.7,13547.3,1490.7,2906.9,9341.2,14921.1,5.8,4.1,148054.0,1.42,2.16,2.78,2.11,99.7,2.7,13.47,106.4877,65.92
2018-02-02,,,,,,,,,,,,,,,,,,,,,,,,,2.15,2.84,2.14,,,17.31,107.1151,65.5
2018-02-05,,,,,,,,,,,,,,,,,,,,,,,,,2.08,2.77,2.1,,,37.32,107.33,64.18
2018-02-06,,,,,,,,,,,,,,,,,,,,,,,,,2.1,2.79,2.1,,,29.98,107.5204,63.48
2018-02-07,,,,,,,,,,,,,,,,,,,,,,,,,2.15,2.84,2.1,,,27.73,107.7175,61.91
2018-02-08,,,,,,,,,,,,,,,,,,,,,,,,,2.13,2.85,2.09,,,33.46,108.3025,61.3
2018-02-09,,,,,,,,,,,,,,,,,,,,,,,,,2.05,2.83,2.05,,,29.06,108.2582,59.2
2018-02-12,,,,,,,,,,,,,,,,,,,,,,,,,2.09,2.86,2.07,,,25.61,108.0332,59.41
2018-02-13,,,,,,,,,,,,,,,,,,,,,,,,,2.1,2.83,2.05,,,24.97,107.7574,59.33
2018-02-14,,,,,,,,,,,,,,,,,,,,,,,,,2.17,2.91,2.09,,,19.26,107.4691,60.7
2018-02-15,,,,,,,,,,,,,,,,,,,,,,,,,2.19,2.9,2.11,,,19.13,106.9867,61.48
2018-02-16,,,,,,,,,,,,,,,,,,,,,,,,,2.21,2.87,2.09,,,19.46,107.0359,61.89
2018-02-19,,,,,,,,,,,,,,,,,,,,,,,,,,,,,,,,
2018-02-20,,,,,,,,,,,,,,,,,,,,,,,,,2.25,2.88,2.1,,,20.6,107.6249,61.91
2018-02-21,,,,,,,,,,,,,,,,,,,,,,,,,2.26,2.94,2.12,,,20.02,107.8679,61.73
2018-02-22,,,,,,,,,,,,,,,,,,,,,,,,,2.25,2.92,2.11,,,18.72,107.8668,62.72
2018-02-23,,,,,,,,,,,,,,,,,,,,,,,,,2.25,2.88,2.12,,,16.49,107.6804,63.52
2018-02-26,,,,,,,,,,,,,,,,,,,,,,,,,2.22,2.86,2.13,,,15.8,107.7347,63.81
2018-02-27,,,,,,,,,,,,,,,,,,,,,,,,,2.27,2.9,2.13,,,18.59,108.1731,62.94
2018-02-28,,,,,,,,,,,,,,,,,,,,,,,,,2.25,2.87,2.12,,,19.85,108.3903,61.43
2018-03-01,249.577,249.554,256.271,101.524,101.419,273.733,231.325,239.149,304.812,126.489,138.212,484110.0,499305.0,385772.0,13793.2,13586.5,1481.1,2900.0,9412.1,14974.8,5.9,4.0,148280.0,1.51,2.22,2.81,2.1,101.4,2.8,22.47,108.5358,60.98
2018-03-02,,,,,,,,,,,,,,,,,,,,,,,,,2.25,2.86,2.12,,,19.59,,61.19
2018-03-05,,,,,,,,,,,,,,,,,,,,,,,,,2.24,2.88,2.13,,,18.73,108.3614,62.49
2018-03-06,,,,,,,,,,,,,,,,,,,,,,,,,2.25,2.88,2.12,,,18.36,107.7969,62.54
2018-03-07,,,,,,,,,,,,,,,,,,,,,,,,,2.25,2.89,2.13,,,17.76,108.0911,61.09
2018-03-08,,,,,,,,,,,,,,,,,,,,,,,,,2.25,2.86,2.11,,,16.54,108.2671,60.13
2018-03-09,,,,,,,,,,,,,,,,,,,,,,,,,2.27,2.9,2.12,,,14.64,107.923,62.02
2018-03-12,,,,,,,,,,,,,,,,,,,,,,,,,2.27,2.87,2.1,,,15.78,107.9438,61.35
2018-03-13,,,,,,,,,,,,,,,,,,,,,,,,,2.26,2.84,2.09,,,16.35,107.7384,60.69
2018-03-14,,,,,,,,,,,,,,,,,,,,,,,,,2.26,2.81,2.07,,,17.23,107.8623,60.89
2018-03-15,,,,,,,,,,,,,,,,,,,,,,,,,2.29,2.82,2.08,,,16.59,108.2032,61.16
2018-03-16,,,,,,,,,,,,,,,,,,,,,,,,,2.31,2.85,2.08,,,15.8,108.4332,62.29
2018-03-19,,,,,,,,,,,,,,,,,,,,,,,,,2.31,2.85,2.08,,,19.02,108.3145,62.01
2018-03-20,,,,,,,,,,,,,,,,,,,,,,,,,2.34,2.89,2.08,,,18.2,108.4953,63.37
2018-03-21,,,,,,,,,,,,,,,,,,,,,,,,,2.31,2.89,2.09,,,17.86,,65.1
2018-03-22,,,,,,,,,,,,,,,,,,,,,,,,,2.29,2.83,2.08,,,23.34,107.9935,64.25
2018-03-23,,,,,,,,,,,,,,,,,,,,,,,,,2.28,2.82,2.07,,,24.87,107.7495,65.8
2018-03-26,,,,,,,,,,,,,,,,,,,,,,,,,2.33,2.85,2.08,,,21.03,107.1819,65.49
2018-03-27,,,,,,,,,,,,,,,,,,,,,,,,,2.26,2.78,2.07,,,22.5,107.3359,65.21
2018-03-28,,,,,,,,,,,,,,,,,,,,,,,,,2.28,2.77,2.05,,,22.87,107.5733,64.3
2018-03-29,,,,,,,,,,,,,,,,,,,,,,,,,2.27,2.74,2.05,,,19.97,107.665,64.87
2018-03-30,,,,,,,,,,,,,,,,,,,,,,,,,,,,,,,107.4784,
2018-04-01,250.227,250.546,256.63,101.766,101.602,274.393,238.803,239.541,305.72,127.326,137.876,484154.0,471784.0,385764.0,13838.4,13598.7,1478.4,2909.1,9451.0,15007.2,6.0,4.0,148420.0,1.69,,,,98.8,2.7,,,
2018-04-02,,,,,,,,,,,,,,,,,,,,,,,,,2.25,2.73,2.05,,,23.62,107.7033,63.05
2018-04-03,,,,,,,,,,,,,,,,,,,,,,,,,2.28,2.79,2.08,,,21.1,107.5624,63.41
2018-04-04,,,,,,,,,,,,,,,,,,,,,,,,,2.28,2.79,2.08,,,20.06,107.6361,63.35
2018-04-05,,,,,,,,,,,,,,,,,,,,,,,,,2.3,2.83,2.08,,,18.94,107.7281,63.53
2018-04-06,,,,,,,,,,,,,,,,,,,,,,,,,2.27,2.77,2.07,,,21.49,107.7886,62.03
2018-04-09,,,,,,,,,,,,,,,,,,,,,,,,,2.29,2.78,2.07,,,21.77,107.5316,63.4
2018-04-10,,,,,,,,,,,,,,,,,,,,,,,,,2.32,2.8,2.08,,,20.47,107.3659,65.48
2018-04-11,,,,,,,,,,,,,,,,,,,,,,,,,2.32,2.79,2.11,,,20.24,107.1224,66.81
2018-04-12,,,,,,,,,,,,,,,,,,,,,,,,,2.34,2.83,2.13,,,18.49,107.2905,67.07
2018-04-13,,,,,,,,,,,,,,,,,,,,,,,,,2.37,2.82,2.13,,,17.41,107.2368,67.35
2018-04-16,,,,,,,,,,,,,,,,,,,,,,,,,2.39,2.83,2.12,,,16.56,107.0595,66.23
2018-04-17,,,,,,,,,,,,,,,,,,,,,,,,,2.41,2.82,2.14,,,15.25,107.0344,66.5
2018-04-18,,,,,,,,,,,,,,,,,,,,,,,,,2.42,2.87,2.16,,,15.6,107.1096,68.44
2018-04-19,,,,,,,,,,,,,,,,,,,,,,,,,2.44,2.92,2.17,,,15.96,107.5197,68.3
2018-04-20,,,,,,,,,,,,,,,,,,,,,,,,,2.46,2.96,2.17,,,16.88,108.1787,68.26
2018-04-23,,,,,,,,,,,,,,,,,,,,,,,,,2.49,2.98,2.18,,,16.34,108.9332,67.61
2018-04-24,,,,,,,,,,,,,,,,,,,,,,,,,2.48,3.0,2.17,,,18.02,108.7906,67.66
2018-04-25,,,,,,,,,,,,,,,,,,,,,,,,,2.49,3.03,2.17,,,17.84,109.3447,68.0
2018-04-26,,,,,,,,,,,,,,,,,,,,,,,,,2.49,3.0,2.18,,,16.24,109.3646,68.18
2018-04-27,,,,,,,,,,,,,,,,,,,,,,,,,2.49,2.96,2.17,,,15.41,109.1735,68.11
2018-04-30,,,,,,,,,,,,,,,,,,,,,,,,,2.49,2.95,2.17,,,15.93,109.3363,68.56
2018-05-01,250.792,251.588,257.145,101.941,101.78,275.307,242.344,238.884,306.808,127.464,138.533,491960.0,518787.0,392669.0,13905.0,13640.5,1498.8,2939.3,9466.9,15057.8,6.0,3.8,148742.0,1.7,2.5,2.97,2.16,98.0,2.8,15.49,109.7445,67.28
2018-05-02,,,,,,,,,,,,,,,,,,,,,,,,,2.49,2.97,2.17,,,15.97,110.1625,67.91
2018-05-03,,,,,,,,,,,,,,,,,,,,,,,,,2.49,2.94,2.16,,,15.9,110.1803,68.45
2018-05-04,,,,,,,,,,,,,,,,,,,,,,,,,2.51,2.95,2.16,,,14.77,110.25,69.71
2018-05-07,,,,,,,,,,,,,,,,,,,,,,,,,2.49,2.95,2.17,,,14.75,110.5721,70.74
2018-05-08,,,,,,,,,,,,,,,,,,,,,,,,,2.51,2.97,2.16,,,14.71,111.063,68.83
2018-05-09,,,,,,,,,,,,,,,,,,,,,,,,,2.54,3.0,2.18,,,13.42,110.8818,71.16
2018-05-10,,,,,,,,,,,,,,,,,,,,,,,,,2.54,2.97,2.17,,,13.23,110.405,71.36
2018-05-11,,,,,,,,,,,,,,,,,,,,,,,,,2.54,2.97,2.15,,,12.65,110.2847,70.69
2018-05-14,,,,,,,,,,,,,,,,,,,,,,,,,2.55,3.0,2.15,,,12.93,110.408,71.01
2018-05-15,,,,,,,,,,,,,,,,,,,,,,,,,2.58,3.08,2.18,,,14.63,111.2292,71.34
2018-05-16,,,,,,,,,,,,,,,,,,,,,,,,,2.58,3.09,2.17,,,13.42,111.3068,71.43
2018-05-17,,,,,,,,,,,,,,,,,,,,,,,,,2.57,3.11,2.16,,,13.43,111.3547,71.47
2018-05-18,,,,,,,,,,,,,,,,,,,,,,,,,2.55,3.06,2.15,,,13.42,111.7171,71.23
2018-05-21,,,,,,,,,,,,,,,,,,,,,,,,,2.58,3.06,2.16,,,13.08,111.6394,72.26
2018-05-22,,,,,,,,,,,,,,,,,,,,,,,,,2.59,3.06,2.15,,,13.22,111.1945,72.09
2018-05-23,,,,,,,,,,,,,,,,,,,,,,,,,2.53,3.01,2.14,,,12.58,111.6933,71.85
2018-05-24,,,,,,,,,,,,,,,,,,,,,,,,,2.5,2.98,2.12,,,12.53,111.4885,70.77
2018-05-25,,,,,,,,,,,,,,,,,,,,,,,,,2.48,2.93,2.09,,,13.22,111.5843,67.92
2018-05-28,,,,,,,,,,,,,,,,,,,,,,,,,,,,,,,,
2018-05-29,,,,,,,,,,,,,,,,,,,,,,,,,2.32,2.77,2.04,,,17.02,112.2127,66.8
2018-05-30,,,,,,,,,,,,,,,,,,,,,,,,,2.42,2.84,2.06,,,14.94,111.6731,68.24
2018-05-31,,,,,,,,,,,,,,,,,,,,,,,,,2.4,2.83,2.07,,,15.43,111.9894,66.98
2018-06-01,251.018,251.989,257.399,102.029,101.872,275.808,243.105,239.048,307.183,126.384,137.952,490228.0,498145.0,391387.0,13930.4,13653.7,1487.2,2916.9,9526.3,15119.3,6.3,4.0,148960.0,1.82,2.47,2.89,2.09,98.2,3.0,13.46,111.8265,65.81
2018-06-04,,,,,,,,,,,,,,,,,,,,,,,,,2.52,2.94,2.12,,,12.74,111.8247,64.76
2018-06-05,,,,,,,,,,,,,,,,,,,,,,,,,2.49,2.92,2.13,,,12.4,112.264,65.51
2018-06-06,,,,,,,,,,,,,,,,,,,,,,,,,2.52,2.97,2.14,,,11.64,111.7525,64.75
2018-06-07,,,,,,,,,,,,,,,,,,,,,,,,,2.5,2.93,2.13,,,12.13,112.0725,65.96
2018-06-08,,,,,,,,,,,,,,,,,,,,,,,,,2.5,2.93,2.11,,,12.18,112.1066,65.77
2018-06-11,,,,,,,,,,,,,,,,,,,,,,,,,2.52,2.96,2.13,,,12.35,112.1106,66.1
2018-06-12,,,,,,,,,,,,,,,,,,,,,,,,,2.54,2.96,2.13,,,12.34,112.2138,66.38
2018-06-13,,,,,,,,,,,,,,,,,,,,,,,,,2.59,2.98,2.12,,,12.94,112.2577,66.63
2018-06-14,,,,,,,,,,,,,,,,,,,,,,,,,2.59,2.94,2.12,,,12.12,112.8593,66.91
2018-06-15,,,,,,,,,,,,,,,,,,,,,,,,,2.55,2.93,2.12,,,11.98,113.3379,65.01
2018-06-18,,,,,,,,,,,,,,,,,,,,,,,,,2.56,2.92,2.12,,,12.31,113.4899,65.91
2018-06-19,,,,,,,,,,,,,,,,,,,,,,,,,2.54,2.89,2.12,,,13.35,113.639,65.09
2018-06-20,,,,,,,,,,,,,,,,,,,,,,,,,2.56,2.93,2.12,,,12.79,113.4784,65.92
2018-06-21,,,,,,,,,,,,,,,,,,,,,,,,,2.56,2.9,2.11,,,14.64,113.6109,65.68
2018-06-22,,,,,,,,,,,,,,,,,,,,,,,,,2.56,2.9,2.12,,,13.77,113.3047,69.02
2018-06-25,,,,,,,,,,,,,,,,,,,,,,,,,2.54,2.87,2.1,,,17.33,113.286,69.91
2018-06-26,,,,,,,,,,,,,,,,,,,,,,,,,2.53,2.88,2.12,,,15.92,113.3016,75.23
2018-06-27,,,,,,,,,,,,,,,,,,,,,,,,,2.52,2.83,2.11,,,17.91,113.8971,77.41
2018-06-28,,,,,,,,,,,,,,,,,,,,,,,,,2.52,2.84,2.1,,,16.85,113.8405,73.45
2018-06-29,,,,,,,,,,,,,,,,,,,,,,,,,2.52,2.85,2.11,,,16.09,113.2586,74.13
2018-07-01,251.214,252.006,257.699,102.137,102.006,276.125,241.377,239.565,308.05,125.676,137.608,493142.0,496160.0,393827.0,13974.8,13682.7,1492.6,2926.3,9555.9,15184.7,6.5,3.8,149020.0,1.91,,,,97.9,2.9,,,
2018-07-02,,,,,,,,,,,,,,,,,,,,,,,,,2.57,2.87,2.14,,,15.6,114.1673,73.89
2018-07-03,,,,,,,,,,,,,,,,,,,,,,,,,2.53,2.83,2.12,,,16.14,113.3222,74.19
2018-07-04,,,,,,,,,,,,,,,,,,,,,,,,,,,,,,,,
2018-07-05,,,,,,,,,,,,,,,,,,,,,,,,,2.55,2.84,2.13,,,14.97,112.9759,73.05
2018-07-06,,,,,,,,,,,,,,,,,,,,,,,,,2.53,2.82,2.12,,,13.37,112.6428,73.78
2018-07-09,,,,,,,,,,,,,,,,,,,,,,,,,2.57,2.86,2.13,,,12.69,112.6425,73.93
2018-07-10,,,,,,,,,,,,,,,,,,,,,,,,,2.59,2.87,2.13,,,12.64,112.5794,74.11
2018-07-11,,,,,,,,,,,,,,,,,,,,,,,,,2.58,2.85,2.11,,,13.63,112.8582,70.47
2018-07-12,,,,,,,,,,,,,,,,,,,,,,,,,2.6,2.85,2.1,,,12.58,112.779,70.28
2018-07-13,,,,,,,,,,,,,,,,,,,,,,,,,2.59,2.83,2.11,,,12.18,113.0705,71.03
2018-07-16,,,,,,,,,,,,,,,,,,,,,,,,,2.59,2.85,2.1,,,12.83,112.8437,68.22
2018-07-17,,,,,,,,,,,,,,,,,,,,,,,,,2.62,2.86,2.09,,,12.06,113.1504,68.03
2018-07-18,,,,,,,,,,,,,,,,,,,,,,,,,2.6,2.88,2.09,,,12.1,113.3348,68.78
2018-07-19,,,,,,,,,,,,,,,,,,,,,,,,,2.6,2.84,2.09,,,12.87,113.9463,69.42
2018-07-20,,,,,,,,,,,,,,,,,,,,,,,,,2.6,2.89,2.11,,,12.86,113.3213,70.31
2018-07-23,,,,,,,,,,,,,,,,,,,,,,,,,2.64,2.96,2.11,,,12.62,113.4246,67.9
2018-07-24,,,,,,,,,,,,,,,,,,,,,,,,,2.63,2.95,2.11,,,12.41,113.2045,70.77
2018-07-25,,,,,,,,,,,,,,,,,,,,,,,,,2.66,2.94,2.13,,,12.29,112.9221,71.13
2018-07-26,,,,,,,,,,,,,,,,,,,,,,,,,2.69,2.98,2.11,,,12.14,112.9179,71.59
2018-07-27,,,,,,,,,,,,,,,,,,,,,,,,,2.67,2.96,2.12,,,13.03,112.8125,68.66
2018-07-30,,,,,,,,,,,,,,,,,,,,,,,,,2.66,2.98,2.13,,,14.26,112.6044,71.19
2018-07-31,,,,,,,,,,,,,,,,,,,,,,,,,2.67,2.96,2.12,,,12.83,112.7299,69.88
2018-08-01,251.663,252.146,257.891,102.208,102.016,276.648,246.229,239.795,309.004,123.451,138.093,493445.0,511157.0,394789.0,14014.0,13711.5,1497.0,2929.1,9587.9,15238.6,6.6,3.8,149277.0,1.91,2.67,3.0,2.13,96.2,3.0,13.15,112.8899,68.8
2018-08-02,,,,,,,,,,,,,,,,,,,,,,,,,2.66,2.98,2.12,,,12.19,113.1679,68.95
2018-08-03,,,,,,,,,,,,,,,,,,,,,,,,,2.63,2.95,2.12,,,11.64,113.012,68.49
2018-08-06,,,,,,,,,,,,,,,,,,,,,,,,,2.64,2.94,2.11,,,11.27,113.229,69.01
2018-08-07,,,,,,,,,,,,,,,,,,,,,,,,,2.68,2.98,2.13,,,10.93,112.9759,69.17
2018-08-08,,,,,,,,,,,,,,,,,,,,,,,,,2.68,2.96,2.11,,,10.85,113.1411,66.92
2018-08-09,,,,,,,,,,,,,,,,,,,,,,,,,2.64,2.93,2.11,,,11.27,113.3806,66.81
2018-08-10,,,,,,,,,,,,,,,,,,,,,,,,,2.61,2.87,2.09,,,13.16,114.3005,67.61
2018-08-13,,,,,,,,,,,,,,,,,,,,,,,,,2.61,2.88,2.1,,,14.78,114.851,67.25
2018-08-14,,,,,,,,,,,,,,,,,,,,,,,,,2.63,2.89,2.09,,,13.31,114.658,67.04
2018-08-15,,,,,,,,,,,,,,,,,,,,,,,,,2.61,2.86,2.08,,,14.64,115.1526,65.07
2018-08-16,,,,,,,,,,,,,,,,,,,,,,,,,2.63,2.87,2.08,,,13.45,114.6416,65.44
2018-08-17,,,,,,,,,,,,,,,,,,,,,,,,,2.61,2.87,2.08,,,12.64,114.5339,65.93
2018-08-20,,,,,,,,,,,,,,,,,,,,,,,,,2.6,2.82,2.07,,,12.49,114.3504,66.5
2018-08-21,,,,,,,,,,,,,,,,,,,,,,,,,2.61,2.85,2.08,,,12.86,113.8604,67.32
2018-08-22,,,,,,,,,,,,,,,,,,,,,,,,,2.6,2.82,2.08,,,12.25,113.663,67.85
2018-08-23,,,,,,,,,,,,,,,,,,,,,,,,,2.61,2.82,2.09,,,12.41,114.0932,69.13
2018-08-24,,,,,,,,,,,,,,,,,,,,,,,,,2.63,2.82,2.09,,,11.99,113.5985,69.71
2018-08-27,,,,,,,,,,,,,,,,,,,,,,,,,2.67,2.85,2.11,,,12.16,113.2721,69.97
2018-08-28,,,,,,,,,,,,,,,,,,,,,,,,,2.67,2.88,2.11,,,12.5,113.3444,68.54
2018-08-29,,,,,,,,,,,,,,,,,,,,,,,,,2.67,2.89,2.12,,,12.25,113.6461,69.68
2018-08-30,,,,,,,,,,,,,,,,,,,,,,,,,2.64,2.86,2.1,,,13.53,114.0899,70.25
2018-08-31,,,,,,,,,,,,,,,,,,,,,,,,,2.62,2.86,2.08,,,12.86,114.2755,69.84
2018-09-01,252.182,252.439,258.368,102.418,102.205,277.258,250.369,239.967,309.522,125.143,136.92,491507.0,468559.0,393463.0,14017.8,13687.1,1485.2,2937.1,9595.5,15237.5,6.8,3.7,149358.0,1.95,,,,100.1,2.7,,,
2018-09-03,,,,,,,,,,,,,,,,,,,,,,,,,,,,,,,,
2018-09-04,,,,,,,,,,,,,,,,,,,,,,,,,2.66,2.9,2.1,,,13.16,114.8584,69.82
2018-09-05,,,,,,,,,,,,,,,,,,,,,,,,,2.66,2.9,2.09,,,13.91,114.7477,68.69
2018-09-06,,,,,,,,,,,,,,,,,,,,,,,,,2.64,2.88,2.08,,,14.65,114.6479,67.81
2018-09-07,,,,,,,,,,,,,,,,,,,,,,,,,2.71,2.94,2.1,,,14.88,114.5816,67.73
2018-09-10,,,,,,,,,,,,,,,,,,,,,,,,,2.73,2.94,2.1,,,14.16,114.6802,67.55
2018-09-11,,,,,,,,,,,,,,,,,,,,,,,,,2.76,2.98,2.12,,,13.22,114.7051,69.29
2018-09-12,,,,,,,,,,,,,,,,,,,,,,,,,2.74,2.97,2.12,,,13.14,114.2192,70.37
2018-09-13,,,,,,,,,,,,,,,,,,,,,,,,,2.76,2.97,2.1,,,12.37,113.9268,68.6
2018-09-14,,,,,,,,,,,,,,,,,,,,,,,,,2.78,2.99,2.1,,,12.07,114.0657,68.98
2018-09-17,,,,,,,,,,,,,,,,,,,,,,,,,2.78,2.99,2.1,,,13.68,113.9158,68.86
2018-09-18,,,,,,,,,,,,,,,,,,,,,,,,,2.81,3.05,2.13,,,12.79,113.7739,69.87
2018-09-19,,,,,,,,,,,,,,,,,,,,,,,,,2.81,3.08,2.15,,,11.75,113.6532,71.08
2018-09-20,,,,,,,,,,,,,,,,,,,,,,,,,2.81,3.07,2.15,,,11.8,113.4989,70.77
2018-09-21,,,,,,,,,,,,,,,,,,,,,,,,,2.81,3.07,2.15,,,11.68,113.5099,70.8
2018-09-24,,,,,,,,,,,,,,,,,,,,,,,,,2.83,3.08,2.16,,,12.2,113.5301,73.23
2018-09-25,,,,,,,,,,,,,,,,,,,,,,,,,2.83,3.1,2.16,,,12.42,113.7202,73.4
2018-09-26,,,,,,,,,,,,,,,,,,,,,,,,,2.83,3.06,2.14,,,12.89,113.6739,72.22
2018-09-27,,,,,,,,,,,,,,,,,,,,,,,,,2.83,3.06,2.15,,,12.41,113.9784,72.18
2018-09-28,,,,,,,,,,,,,,,,,,,,,,,,,2.81,3.05,2.14,,,12.12,113.8077,73.16
2018-10-01,252.772,252.885,258.917,102.595,102.366,277.513,253.471,239.558,310.401,126.021,138.247,496416.0,494468.0,397830.0,14083.1,13727.1,1483.9,2958.0,9641.1,15274.1,6.7,3.8,149527.0,2.19,2.82,3.09,2.14,98.6,2.9,12.0,113.8235,75.37
2018-10-02,,,,,,,,,,,,,,,,,,,,,,,,,2.82,3.05,2.12,,,12.05,113.8954,75.16
2018-10-03,,,,,,,,,,,,,,,,,,,,,,,,,2.85,3.15,2.16,,,11.61,114.1569,76.4
2018-10-04,,,,,,,,,,,,,,,,,,,,,,,,,2.87,3.19,2.16,,,14.22,114.6867,74.44
2018-10-05,,,,,,,,,,,,,,,,,,,,,,,,,2.88,3.23,2.16,,,14.82,114.561,74.26
2018-10-08,,,,,,,,,,,,,,,,,,,,,,,,,,,,,,15.69,,74.27
2018-10-09,,,,,,,,,,,,,,,,,,,,,,,,,2.88,3.21,2.17,,,15.95,114.6583,74.95
2018-10-10,,,,,,,,,,,,,,,,,,,,,,,,,2.88,3.22,2.16,,,22.96,114.6072,73.18
2018-10-11,,,,,,,,,,,,,,,,,,,,,,,,,2.85,3.14,2.12,,,24.98,114.4074,70.97
2018-10-12,,,,,,,,,,,,,,,,,,,,,,,,,2.85,3.15,2.12,,,21.31,114.3691,71.41
2018-10-15,,,,,,,,,,,,,,,,,,,,,,,,,2.85,3.16,2.13,,,21.3,114.045,71.84
2018-10-16,,,,,,,,,,,,,,,,,,,,,,,,,2.87,3.16,2.13,,,17.62,113.8963,71.93
2018-10-17,,,,,,,,,,,,,,,,,,,,,,,,,2.89,3.19,2.13,,,17.4,114.1755,69.63
2018-10-18,,,,,,,,,,,,,,,,,,,,,,,,,2.87,3.17,2.1,,,20.06,114.8164,68.63
2018-10-19,,,,,,,,,,,,,,,,,,,,,,,,,2.92,3.2,2.11,,,19.89,114.8567,69.16
2018-10-22,,,,,,,,,,,,,,,,,,,,,,,,,2.92,3.2,2.11,,,19.64,115.1782,69.25
2018-10-23,,,,,,,,,,,,,,,,,,,,,,,,,2.89,3.17,2.09,,,20.71,115.1651,66.49
2018-10-24,,,,,,,,,,,,,,,,,,,,,,,,,2.84,3.1,2.07,,,25.23,115.3755,66.56
2018-10-25,,,,,,,,,,,,,,,,,,,,,,,,,2.86,3.14,2.05,,,24.22,115.4831,67.25
2018-10-26,,,,,,,,,,,,,,,,,,,,,,,,,2.81,3.08,2.06,,,24.16,115.473,67.58
2018-10-29,,,,,,,,,,,,,,,,,,,,,,,,,2.81,3.08,2.06,,,24.7,115.8936,67.0
2018-10-30,,,,,,,,,,,,,,,,,,,,,,,,,2.84,3.12,2.05,,,23.35,116.2357,66.18
2018-10-31,,,,,,,,,,,,,,,,,,,,,,,,,2.87,3.15,2.05,,,21.23,116.5281,65.31
2018-11-01,252.594,252.038,259.439,102.63,102.556,278.306,238.309,240.227,311.247,125.099,139.763,498854.0,508963.0,399145.0,14162.9,13800.3,1519.6,2976.3,9667.1,15315.2,6.5,3.8,149617.0,2.2,2.84,3.14,2.02,97.5,2.8,19.34,115.8657,63.67
2018-11-02,,,,,,,,,,,,,,,,,,,,,,,,,2.91,3.22,2.06,,,19.51,115.643,63.12
2018-11-05,,,,,,,,,,,,,,,,,,,,,,,,,2.91,3.2,2.06,,,19.96,115.703,63.12
2018-11-06,,,,,,,,,,,,,,,,,,,,,,,,,2.93,3.22,2.07,,,19.91,115.5622,62.16
2018-11-07,,,,,,,,,,,,,,,,,,,,,,,,,2.96,3.22,2.07,,,16.36,115.2519,61.69
2018-11-08,,,,,,,,,,,,,,,,,,,,,,,,,2.98,3.24,2.07,,,16.72,115.6478,60.71
2018-11-09,,,,,,,,,,,,,,,,,,,,,,,,,2.94,3.19,2.04,,,17.36,116.4778,60.19
2018-11-12,,,,,,,,,,,,,,,,,,,,,,,,,,,,,,20.45,,59.85
2018-11-13,,,,,,,,,,,,,,,,,,,,,,,,,2.89,3.14,2.02,,,20.02,116.6694,55.63
2018-11-14,,,,,,,,,,,,,,,,,,,,,,,,,2.86,3.12,2.0,,,21.25,116.498,56.16
2018-11-15,,,,,,,,,,,,,,,,,,,,,,,,,2.86,3.11,2.0,,,19.98,116.3861,56.45
2018-11-16,,,,,,,,,,,,,,,,,,,,,,,,,2.81,3.08,2.02,,,18.14,115.9258,56.49
2018-11-19,,,,,,,,,,,,,,,,,,,,,,,,,2.79,3.06,1.99,,,20.1,115.9859,57.16
2018-11-20,,,,,,,,,,,,,,,,,,,,,,,,,2.79,3.06,1.97,,,22.48,116.2367,53.39
2018-11-21,,,,,,,,,,,,,,,,,,,,,,,,,2.81,3.06,1.97,,,20.8,116.092,54.41
2018-11-22,,,,,,,,,,,,,,,,,,,,,,,,,,,,,,,,
2018-11-23,,,,,,,,,,,,,,,,,,,,,,,,,2.81,3.05,1.96,,,21.52,116.4713,
2018-11-26,,,,,,,,,,,,,,,,,,,,,,,,,2.84,3.07,1.96,,,18.9,116.6208,51.46
2018-11-27,,,,,,,,,,,,,,,,,,,,,,,,,2.83,3.06,1.91,,,19.02,116.9001,51.31
2018-11-28,,,,,,,,,,,,,,,,,,,,,,,,,2.81,3.06,1.94,,,18.49,116.8343,50.06
2018-11-29,,,,,,,,,,,,,,,,,,,,,,,,,2.81,3.03,1.98,,,18.79,116.1961,51.46
2018-11-30,,,,,,,,,,,,,,,,,,,,,,,,,2.8,3.01,1.97,,,18.07,116.413,50.78
2018-12-01,252.767,251.233,260.063,102.701,102.735,279.419,225.063,241.137,312.132,124.356,140.18,489113.0,546135.0,388493.0,14051.6,13682.3,1473.3,2898.7,9679.7,15506.5,8.4,3.9,149809.0,2.27,,,,98.3,2.7,,,
2018-12-03,,,,,,,,,,,,,,,,,,,,,,,,,2.83,2.98,1.96,,,16.44,115.9057,52.98
2018-12-04,,,,,,,,,,,,,,,,,,,,,,,,,2.8,2.91,1.94,,,20.74,116.0028,53.21
2018-12-05,,,,,,,,,,,,,,,,,,,,,,,,,,,,,,,,52.64
2018-12-06,,,,,,,,,,,,,,,,,,,,,,,,,2.75,2.87,1.9,,,21.19,116.3991,51.54
2018-12-07,,,,,,,,,,,,,,,,,,,,,,,,,2.72,2.85,1.89,,,23.23,116.0847,52.76
2018-12-10,,,,,,,,,,,,,,,,,,,,,,,,,2.72,2.85,1.86,,,22.64,116.6746,51.07
2018-12-11,,,,,,,,,,,,,,,,,,,,,,,,,2.78,2.89,1.83,,,21.76,116.7564,51.65
2018-12-12,,,,,,,,,,,,,,,,,,,,,,,,,2.77,2.91,1.83,,,21.46,116.2214,51.04
2018-12-13,,,,,,,,,,,,,,,,,,,,,,,,,2.75,2.91,1.83,,,20.65,116.3974,52.69
2018-12-14,,,,,,,,,,,,,,,,,,,,,,,,,2.73,2.89,1.82,,,21.63,116.79,51.26
2018-12-17,,,,,,,,,,,,,,,,,,,,,,,,,2.7,2.86,1.81,,,24.52,116.4532,49.8
2018-12-18,,,,,,,,,,,,,,,,,,,,,,,,,2.65,2.82,1.81,,,25.58,116.4127,46.12
2018-12-19,,,,,,,,,,,,,,,,,,,,,,,,,2.63,2.77,1.8,,,25.58,116.0676,47.96
2018-12-20,,,,,,,,,,,,,,,,,,,,,,,,,2.67,2.79,1.76,,,28.38,116.0183,45.64
2018-12-21,,,,,,,,,,,,,,,,,,,,,,,,,2.63,2.79,1.77,,,30.11,116.2227,45.38
2018-12-24,,,,,,,,,,,,,,,,,,,,,,,,,2.55,2.74,1.75,,,36.07,116.2182,
2018-12-25,,,,,,,,,,,,,,,,,,,,,,,,,,,,,,,,
2018-12-26,,,,,,,,,,,,,,,,,,,,,,,,,2.61,2.81,1.77,,,30.41,116.1162,46.04
2018-12-27,,,,,,,,,,,,,,,,,,,,,,,,,2.56,2.77,1.74,,,29.96,115.9927,44.48
2018-12-28,,,,,,,,,,,,,,,,,,,,,,,,,2.52,2.72,1.73,,,28.34,115.7232,45.15
2018-12-31,,,,,,,,,,,,,,,,,,,,,,,,,2.48,2.69,1.71,,,25.42,115.5674,
2019-01-01,252.561,251.712,260.766,102.648,102.87,280.38,208.73,241.581,312.998,124.466,142.214,490440.0,447787.0,392701.0,14084.6,13721.7,1469.9,2929.4,9685.3,15536.3,8.4,4.0,150060.0,2.4,,,,91.2,2.7,,,
2019-01-02,,,,,,,,,,,,,,,,,,,,,,,,,2.5,2.66,1.7,,,23.22,115.7689,46.31
2019-01-03,,,,,,,,,,,,,,,,,,,,,,,,,2.39,2.56,1.68,,,25.45,115.4622,46.92
2019-01-04,,,,,,,,,,,,,,,,,,,,,,,,,2.5,2.67,1.76,,,21.38,114.9821,47.76
2019-01-07,,,,,,,,,,,,,,,,,,,,,,,,,2.53,2.7,1.78,,,21.4,114.5628,48.27
2019-01-08,,,,,,,,,,,,,,,,,,,,,,,,,2.58,2.73,1.82,,,20.47,114.7281,49.58
2019-01-09,,,,,,,,,,,,,,,,,,,,,,,,,2.56,2.74,1.83,,,19.98,114.1406,52.19
2019-01-10,,,,,,,,,,,,,,,,,,,,,,,,,2.56,2.74,1.81,,,19.5,114.0496,52.42
2019-01-11,,,,,,,,,,,,,,,,,,,,,,,,,2.55,2.71,1.83,,,18.19,114.0404,51.44
2019-01-14,,,,,,,,,,,,,,,,,,,,,,,,,2.53,2.71,1.81,,,19.07,,50.31
2019-01-15,,,,,,,,,,,,,,,,,,,,,,,,,2.53,2.72,1.81,,,18.6,114.3402,51.8
2019-01-16,,,,,,,,,,,,,,,,,,,,,,,,,2.55,2.73,1.82,,,19.04,114.137,52.08
2019-01-17,,,,,,,,,,,,,,,,,,,,,,,,,2.56,2.75,1.79,,,18.06,114.4115,51.83
2019-01-18,,,,,,,,,,,,,,,,,,,,,,,,,2.62,2.79,1.83,,,17.8,114.558,53.6
2019-01-21,,,,,,,,,,,,,,,,,,,,,,,,,,,,,,,,
2019-01-22,,,,,,,,,,,,,,,,,,,,,,,,,2.58,2.74,1.79,,,20.8,114.7541,52.59
2019-01-23,,,,,,,,,,,,,,,,,,,,,,,,,2.58,2.76,1.8,,,19.52,114.5759,52.44
2019-01-24,,,,,,,,,,,,,,,,,,,,,,,,,2.56,2.72,1.77,,,18.89,114.617,52.94
2019-01-25,,,,,,,,,,,,,,,,,,,,,,,,,2.6,2.76,1.79,,,17.42,114.0197,53.53
2019-01-28,,,,,,,,,,,,,,,,,,,,,,,,,2.6,2.75,1.78,,,18.87,114.0522,51.79
2019-01-29,,,,,,,,,,,,,,,,,,,,,,,,,2.56,2.72,1.78,,,19.13,114.026,53.07
2019-01-30,,,,,,,,,,,,,,,,,,,,,,,,,2.52,2.7,1.84,,,17.66,114.0731,54.18
2019-01-31,,,,,,,,,,,,,,,,,,,,,,,,,2.45,2.63,1.85,,,16.57,113.5504,53.84
2019-02-01,253.319,252.776,261.186,102.836,102.963,281.373,217.237,242.111,314.072,124.526,142.272,491751.0,433564.0,392781.0,14117.4,13728.5,1472.8,2936.4,9708.2,15560.4,8.5,3.8,150067.0,2.4,2.52,2.7,1.88,93.8,2.6,16.14,113.7548,55.29
2019-02-04,,,,,,,,,,,,,,,,,,,,,,,,,2.53,2.73,1.87,,,15.73,113.8766,54.57
2019-02-05,,,,,,,,,,,,,,,,,,,,,,,,,2.53,2.71,1.87,,,15.57,114.0431,53.69
2019-02-06,,,,,,,,,,,,,,,,,,,,,,,,,2.52,2.7,1.86,,,15.38,114.2305,53.94
2019-02-07,,,,,,,,,,,,,,,,,,,,,,,,,2.48,2.65,1.84,,,16.37,114.4339,52.68
2019-02-08,,,,,,,,,,,,,,,,,,,,,,,,,2.45,2.63,1.82,,,15.72,114.5003,52.75
2019-02-11,,,,,,,,,,,,,,,,,,,,,,,,,2.48,2.65,1.82,,,15.97,115.031,52.43
2019-02-12,,,,,,,,,,,,,,,,,,,,,,,,,2.5,2.68,1.83,,,15.43,114.7297,53.14
2019-02-13,,,,,,,,,,,,,,,,,,,,,,,,,2.53,2.71,1.86,,,15.65,114.9407,53.84
2019-02-14,,,,,,,,,,,,,,,,,,,,,,,,,2.5,2.66,1.85,,,16.22,115.1007,54.4
2019-02-15,,,,,,,,,,,,,,,,,,,,,,,,,2.52,2.66,1.86,,,14.91,114.9923,55.58
2019-02-18,,,,,,,,,,,,,,,,,,,,,,,,,,,,,,,,
2019-02-19,,,,,,,,,,,,,,,,,,,,,,,,,2.5,2.65,1.87,,,14.88,114.57,56.12
2019-02-20,,,,,,,,,,,,,,,,,,,,,,,,,2.5,2.65,1.89,,,14.02,,56.9
2019-02-21,,,,,,,,,,,,,,,,,,,,,,,,,2.53,2.69,1.91,,,14.46,114.5091,56.95
2019-02-22,,,,,,,,,,,,,,,,,,,,,,,,,2.48,2.65,1.91,,,13.51,114.2716,57.01
2019-02-25,,,,,,,,,,,,,,,,,,,,,,,,,2.51,2.67,1.92,,,14.85,114.1457,55.32
2019-02-26,,,,,,,,,,,,,,,,,,,,,,,,,2.48,2.64,1.92,,,15.17,114.0687,55.4
2019-02-27,,,,,,,,,,,,,,,,,,,,,,,,,2.5,2.69,1.93,,,14.7,114.0363,56.92
2019-02-28,,,,,,,,,,,,,,,,,,,,,,,,,2.52,2.73,1.95,,,14.78,114.1991,57.21
2019-03-01,254.277,254.202,261.567,103.069,103.058,281.887,230.013,242.482,315.051,123.666,141.218,499292.0,503916.0,397587.0,14248.6,13824.8,1505.1,2976.6,9766.9,15566.5,7.9,3.8,150295.0,2.41,2.55,2.76,1.96,98.4,2.5,13.57,114.537,55.76
2019-03-04,,,,,,,,,,,,,,,,,,,,,,,,,2.55,2.72,1.94,,,14.63,114.6925,56.6
2019-03-05,,,,,,,,,,,,,,,,,,,,,,,,,2.55,2.72,1.93,,,14.74,114.804,56.55
2019-03-06,,,,,,,,,,,,,,,,,,,,,,,,,2.52,2.69,1.91,,,15.74,114.9714,56.22
2019-03-07,,,,,,,,,,,,,,,,,,,,,,,,,2.47,2.64,1.9,,,16.59,115.4919,56.6
2019-03-08,,,,,,,,,,,,,,,,,,,,,,,,,2.45,2.62,1.9,,,16.05,115.3599,55.77
2019-03-11,,,,,,,,,,,,,,,,,,,,,,,,,2.47,2.64,1.91,,,14.33,115.2967,56.79
2019-03-12,,,,,,,,,,,,,,,,,,,,,,,,,2.45,2.61,1.9,,,13.77,114.939,56.89
2019-03-13,,,,,,,,,,,,,,,,,,,,,,,,,2.45,2.61,1.92,,,13.41,114.7372,58.27
2019-03-14,,,,,,,,,,,,,,,,,,,,,,,,,2.46,2.63,1.94,,,13.5,114.79,58.59
2019-03-15,,,,,,,,,,,,,,,,,,,,,,,,,2.43,2.59,1.94,,,12.88,114.5815,58.51
2019-03-18,,,,,,,,,,,,,,,,,,,,,,,,,2.45,2.6,1.96,,,13.1,114.4375,59.09
2019-03-19,,,,,,,,,,,,,,,,,,,,,,,,,2.46,2.61,1.95,,,13.56,114.2324,59.12
2019-03-20,,,,,,,,,,,,,,,,,,,,,,,,,2.4,2.54,1.96,,,13.91,114.1509,60.12
2019-03-21,,,,,,,,,,,,,,,,,,,,,,,,,2.41,2.54,1.96,,,13.63,114.1684,59.98
2019-03-22,,,,,,,,,,,,,,,,,,,,,,,,,2.31,2.44,1.9,,,16.48,114.6856,58.87
2019-03-25,,,,,,,,,,,,,,,,,,,,,,,,,2.26,2.43,1.88,,,16.33,114.4171,58.71
2019-03-26,,,,,,,,,,,,,,,,,,,,,,,,,2.24,2.41,1.86,,,14.68,114.6414,59.87
2019-03-27,,,,,,,,,,,,,,,,,,,,,,,,,2.22,2.39,1.84,,,15.15,115.1243,59.39
2019-03-28,,,,,,,,,,,,,,,,,,,,,,,,,2.23,2.39,1.83,,,14.43,115.2581,59.29
2019-03-29,,,,,,,,,,,,,,,,,,,,,,,,,2.27,2.41,1.88,,,13.71,115.1371,60.19
2019-04-01,255.233,255.548,261.997,103.36,103.265,282.798,245.651,241.219,316.172,123.901,139.895,499343.0,496982.0,399785.0,14290.0,13825.9,1496.6,3002.2,9791.2,15534.2,7.6,3.7,150591.0,2.42,2.33,2.49,1.9,97.2,2.5,13.4,114.9362,61.59
2019-04-02,,,,,,,,,,,,,,,,,,,,,,,,,2.3,2.48,1.9,,,13.36,115.1173,62.53
2019-04-03,,,,,,,,,,,,,,,,,,,,,,,,,2.33,2.52,1.91,,,13.74,114.7211,62.46
2019-04-04,,,,,,,,,,,,,,,,,,,,,,,,,2.33,2.51,1.9,,,13.58,114.9697,62.12
2019-04-05,,,,,,,,,,,,,,,,,,,,,,,,,2.35,2.5,1.9,,,12.82,114.9726,63.1
2019-04-08,,,,,,,,,,,,,,,,,,,,,,,,,2.36,2.52,1.91,,,13.18,114.6893,64.37
2019-04-09,,,,,,,,,,,,,,,,,,,,,,,,,2.35,2.51,1.91,,,14.28,114.5321,64.05
2019-04-10,,,,,,,,,,,,,,,,,,,,,,,,,2.31,2.48,1.94,,,13.3,114.4269,64.62
2019-04-11,,,,,,,,,,,,,,,,,,,,,,,,,2.35,2.51,1.94,,,13.02,114.6303,63.61
2019-04-12,,,,,,,,,,,,,,,,,,,,,,,,,2.4,2.56,1.95,,,12.01,114.3531,63.86
2019-04-15,,,,,,,,,,,,,,,,,,,,,,,,,2.4,2.55,1.94,,,12.32,114.495,63.43
2019-04-16,,,,,,,,,,,,,,,,,,,,,,,,,2.41,2.6,1.96,,,12.18,114.6756,64.01
2019-04-17,,,,,,,,,,,,,,,,,,,,,,,,,2.4,2.59,1.94,,,12.6,114.5141,63.74
2019-04-18,,,,,,,,,,,,,,,,,,,,,,,,,2.38,2.57,1.95,,,12.09,114.7073,64.02
2019-04-19,,,,,,,,,,,,,,,,,,,,,,,,,,,,,,,114.6977,
2019-04-22,,,,,,,,,,,,,,,,,,,,,,,,,2.38,2.59,1.95,,,12.42,114.7694,65.66
2019-04-23,,,,,,,,,,,,,,,,,,,,,,,,,2.36,2.57,1.95,,,12.28,115.1578,66.24
2019-04-24,,,,,,,,,,,,,,,,,,,,,,,,,2.32,2.53,1.96,,,13.14,115.4187,65.96
2019-04-25,,,,,,,,,,,,,,,,,,,,,,,,,2.33,2.54,1.98,,,13.25,115.7709,65.23
2019-04-26,,,,,,,,,,,,,,,,,,,,,,,,,2.28,2.51,1.97,,,12.73,115.4767,63.29
2019-04-29,,,,,,,,,,,,,,,,,,,,,,,,,2.3,2.54,1.96,,,13.11,115.5227,63.39
2019-04-30,,,,,,,,,,,,,,,,,,,,,,,,,2.27,2.51,1.95,,,13.12,115.3281,63.83
2019-05-01,255.296,256.092,262.217,103.435,103.371,283.394,242.557,241.642,317.03,123.764,138.573,504741.0,533526.0,403398.0,14353.3,13877.1,1525.5,3011.3,9816.5,15532.4,7.3,3.6,150618.0,2.39,2.31,2.52,1.93,100.0,2.9,14.8,115.0022,63.55
2019-05-02,,,,,,,,,,,,,,,,,,,,,,,,,2.35,2.55,1.89,,,14.42,115.5617,61.75
2019-05-03,,,,,,,,,,,,,,,,,,,,,,,,,2.33,2.54,1.91,,,12.87,115.2646,61.98
2019-05-06,,,,,,,,,,,,,,,,,,,,,,,,,2.31,2.51,1.91,,,15.44,115.3811,62.3
2019-05-07,,,,,,,,,,,,,,,,,,,,,,,,,2.28,2.45,1.87,,,19.32,115.6116,61.41
2019-05-08,,,,,,,,,,,,,,,,,,,,,,,,,2.3,2.49,1.87,,,19.4,115.5171,62.13
2019-05-09,,,,,,,,,,,,,,,,,,,,,,,,,2.26,2.45,1.85,,,19.1,115.8421,61.58
2019-05-10,,,,,,,,,,,,,,,,,,,,,,,,,2.26,2.47,1.88,,,16.04,115.5334,61.65
2019-05-13,,,,,,,,,,,,,,,,,,,,,,,,,2.18,2.4,1.85,,,20.55,115.915,60.97
2019-05-14,,,,,,,,,,,,,,,,,,,,,,,,,2.2,2.42,1.86,,,18.06,115.9425,61.82
2019-05-15,,,,,,,,,,,,,,,,,,,,,,,,,2.16,2.37,1.83,,,16.44,115.8565,62.03
2019-05-16,,,,,,,,,,,,,,,,,,,,,,,,,2.2,2.4,1.84,,,15.29,116.0346,62.93
2019-05-17,,,,,,,,,,,,,,,,,,,,,,,,,2.2,2.39,1.81,,,15.96,116.448,62.77
2019-05-20,,,,,,,,,,,,,,,,,,,,,,,,,2.21,2.41,1.81,,,16.31,116.3119,63.12
2019-05-21,,,,,,,,,,,,,,,,,,,,,,,,,2.26,2.43,1.83,,,14.95,116.2844,63.02
2019-05-22,,,,,,,,,,,,,,,,,,,,,,,,,2.23,2.39,1.79,,,14.75,116.2412,61.42
2019-05-23,,,,,,,,,,,,,,,,,,,,,,,,,2.12,2.31,1.73,,,16.92,116.2368,57.65
2019-05-24,,,,,,,,,,,,,,,,,,,,,,,,,2.16,2.32,1.76,,,15.85,116.0806,58.4
2019-05-27,,,,,,,,,,,,,,,,,,,,,,,,,,,,,,,,
2019-05-28,,,,,,,,,,,,,,,,,,,,,,,,,2.12,2.26,1.73,,,17.5,116.3174,58.91
2019-05-29,,,,,,,,,,,,,,,,,,,,,,,,,2.09,2.25,1.75,,,17.9,116.5535,58.84
2019-05-30,,,,,,,,,,,,,,,,,,,,,,,,,2.06,2.22,1.74,,,17.3,116.3989,56.47
2019-05-31,,,,,,,,,,,,,,,,,,,,,,,,,1.95,2.14,1.74,,,18.71,116.7273,53.49
2019-06-01,255.213,256.143,262.739,103.484,103.56,284.316,231.691,241.214,317.949,124.75,138.241,505251.0,505132.0,403851.0,14408.7,13924.1,1531.5,3016.9,9860.2,15562.1,7.1,3.6,150838.0,2.38,,,,98.2,2.7,,,
2019-06-03,,,,,,,,,,,,,,,,,,,,,,,,,1.82,2.07,1.73,,,18.86,116.4764,53.25
2019-06-04,,,,,,,,,,,,,,,,,,,,,,,,,1.88,2.12,1.74,,,16.97,116.091,53.5
2019-06-05,,,,,,,,,,,,,,,,,,,,,,,,,1.83,2.12,1.75,,,16.09,116.03,51.57
2019-06-06,,,,,,,,,,,,,,,,,,,,,,,,,1.88,2.12,1.73,,,15.93,115.9771,52.59
2019-06-07,,,,,,,,,,,,,,,,,,,,,,,,,1.85,2.09,1.74,,,16.3,115.7368,53.95
2019-06-10,,,,,,,,,,,,,,,,,,,,,,,,,1.9,2.15,1.73,,,15.94,115.5001,53.33
2019-06-11,,,,,,,,,,,,,,,,,,,,,,,,,1.93,2.15,1.72,,,15.99,115.3794,53.3
2019-06-12,,,,,,,,,,,,,,,,,,,,,,,,,1.88,2.13,1.71,,,15.91,115.438,51.13
2019-06-13,,,,,,,,,,,,,,,,,,,,,,,,,1.83,2.1,1.68,,,15.82,115.6275,52.38
2019-06-14,,,,,,,,,,,,,,,,,,,,,,,,,1.84,2.09,1.63,,,15.28,115.9057,52.47
2019-06-17,,,,,,,,,,,,,,,,,,,,,,,,,1.86,2.09,1.61,,,15.35,115.9684,51.94
2019-06-18,,,,,,,,,,,,,,,,,,,,,,,,,1.86,2.06,1.64,,,15.15,115.8797,53.86
2019-06-19,,,,,,,,,,,,,,,,,,,,,,,,,1.74,2.03,1.67,,,14.33,115.7889,53.74
2019-06-20,,,,,,,,,,,,,,,,,,,,,,,,,1.72,2.01,1.74,,,14.75,114.8046,56.88
2019-06-21,,,,,,,,,,,,,,,,,,,,,,,,,1.77,2.07,1.73,,,15.4,114.8377,57.35
2019-06-24,,,,,,,,,,,,,,,,,,,,,,,,,1.72,2.02,1.71,,,15.26,114.6559,57.73
2019-06-25,,,,,,,,,,,,,,,,,,,,,,,,,1.71,2.0,1.67,,,16.28,114.6363,57.63
2019-06-26,,,,,,,,,,,,,,,,,,,,,,,,,1.77,2.05,1.7,,,16.21,114.5608,59.17
2019-06-27,,,,,,,,,,,,,,,,,,,,,,,,,1.74,2.01,1.68,,,15.82,114.665,59.18
2019-06-28,,,,,,,,,,,,,,,,,,,,,,,,,1.75,2.0,1.69,,,15.08,114.5821,58.2
2019-07-01,255.802,256.571,263.28,103.622,103.678,284.891,235.098,240.988,318.777,124.731,138.132,509091.0,518600.0,407200.0,14496.0,13989.9,1538.1,3036.2,9921.7,15581.4,6.8,3.7,150937.0,2.4,1.78,2.03,1.69,98.4,2.6,14.06,114.7239,58.91
2019-07-02,,,,,,,,,,,,,,,,,,,,,,,,,1.77,1.98,1.65,,,12.93,114.8258,56.0
2019-07-03,,,,,,,,,,,,,,,,,,,,,,,,,1.77,1.96,1.65,,,12.57,114.8135,57.06
2019-07-04,,,,,,,,,,,,,,,,,,,,,,,,,,,,,,,,
2019-07-05,,,,,,,,,,,,,,,,,,,,,,,,,1.87,2.04,1.69,,,13.28,115.1132,
2019-07-08,,,,,,,,,,,,,,,,,,,,,,,,,1.88,2.05,1.7,,,13.96,115.0254,57.35
2019-07-09,,,,,,,,,,,,,,,,,,,,,,,,,1.92,2.07,1.71,,,14.09,115.1017,57.57
2019-07-10,,,,,,,,,,,,,,,,,,,,,,,,,1.82,2.07,1.74,,,13.03,115.0879,60.28
2019-07-11,,,,,,,,,,,,,,,,,,,,,,,,,1.85,2.13,1.77,,,12.93,114.8361,59.93
2019-07-12,,,,,,,,,,,,,,,,,,,,,,,,,1.84,2.12,1.77,,,12.39,114.7685,59.99
2019-07-15,,,,,,,,,,,,,,,,,,,,,,,,,1.83,2.09,1.77,,,12.68,114.6819,59.3
2019-07-16,,,,,,,,,,,,,,,,,,,,,,,,,1.87,2.13,1.8,,,12.86,115.0111,57.44
2019-07-17,,,,,,,,,,,,,,,,,,,,,,,,,1.83,2.06,1.75,,,13.97,114.8819,56.5
2019-07-18,,,,,,,,,,,,,,,,,,,,,,,,,1.77,2.04,1.79,,,13.53,114.8744,55.08
2019-07-19,,,,,,,,,,,,,,,,,,,,,,,,,1.8,2.05,1.8,,,14.45,114.8695,55.42
2019-07-22,,,,,,,,,,,,,,,,,,,,,,,,,1.8,2.05,1.79,,,13.53,115.0018,55.87
2019-07-23,,,,,,,,,,,,,,,,,,,,,,,,,1.83,2.08,1.81,,,12.61,115.2995,56.58
2019-07-24,,,,,,,,,,,,,,,,,,,,,,,,,1.83,2.05,1.79,,,12.07,115.2436,55.9
2019-07-25,,,,,,,,,,,,,,,,,,,,,,,,,1.86,2.08,1.8,,,12.74,115.2982,55.88
2019-07-26,,,,,,,,,,,,,,,,,,,,,,,,,1.86,2.08,1.78,,,12.16,115.5449,56.04
2019-07-29,,,,,,,,,,,,,,,,,,,,,,,,,1.85,2.06,1.77,,,12.83,115.5885,56.85
2019-07-30,,,,,,,,,,,,,,,,,,,,,,,,,1.85,2.06,1.78,,,13.94,115.6211,58.04
2019-07-31,,,,,,,,,,,,,,,,,,,,,,,,,1.89,2.02,1.76,,,16.12,115.4946,58.53
2019-08-01,256.036,256.558,263.877,103.67,103.797,285.507,229.734,240.943,319.37,124.532,138.686,512561.0,531702.0,408296.0,14558.2,14043.6,1541.0,3040.4,9976.8,15664.3,6.9,3.6,151169.0,2.13,1.73,1.9,1.7,89.8,2.7,17.87,116.0499,53.64
2019-08-02,,,,,,,,,,,,,,,,,,,,,,,,,1.72,1.86,1.66,,,17.61,116.1864,55.67
2019-08-05,,,,,,,,,,,,,,,,,,,,,,,,,1.59,1.75,1.6,,,24.59,116.5851,54.63
2019-08-06,,,,,,,,,,,,,,,,,,,,,,,,,1.6,1.73,1.62,,,20.17,116.6904,53.6
2019-08-07,,,,,,,,,,,,,,,,,,,,,,,,,1.59,1.71,1.62,,,19.49,116.7987,51.14
2019-08-08,,,,,,,,,,,,,,,,,,,,,,,,,1.62,1.72,1.65,,,16.91,116.474,52.6
2019-08-09,,,,,,,,,,,,,,,,,,,,,,,,,1.63,1.74,1.66,,,17.97,116.4419,54.41
2019-08-12,,,,,,,,,,,,,,,,,,,,,,,,,1.58,1.65,1.61,,,21.09,116.7548,54.98
2019-08-13,,,,,,,,,,,,,,,,,,,,,,,,,1.66,1.68,1.63,,,17.52,116.7267,57.05
2019-08-14,,,,,,,,,,,,,,,,,,,,,,,,,1.58,1.59,1.57,,,22.1,117.0913,55.16
2019-08-15,,,,,,,,,,,,,,,,,,,,,,,,,1.48,1.52,1.54,,,21.18,117.2239,54.51
2019-08-16,,,,,,,,,,,,,,,,,,,,,,,,,1.48,1.55,1.54,,,18.47,117.0786,54.83
2019-08-19,,,,,,,,,,,,,,,,,,,,,,,,,1.53,1.6,1.56,,,16.88,117.3886,56.24
2019-08-20,,,,,,,,,,,,,,,,,,,,,,,,,1.5,1.55,1.53,,,17.5,117.3726,56.18
2019-08-21,,,,,,,,,,,,,,,,,,,,,,,,,1.56,1.59,1.54,,,15.8,117.1764,55.65
2019-08-22,,,,,,,,,,,,,,,,,,,,,,,,,1.61,1.62,1.55,,,16.68,117.3558,55.33
2019-08-23,,,,,,,,,,,,,,,,,,,,,,,,,1.51,1.52,1.54,,,19.87,117.3009,54.08
2019-08-26,,,,,,,,,,,,,,,,,,,,,,,,,1.54,1.54,1.54,,,19.32,117.6658,53.54
2019-08-27,,,,,,,,,,,,,,,,,,,,,,,,,1.53,1.49,1.55,,,20.31,117.75,54.99
2019-08-28,,,,,,,,,,,,,,,,,,,,,,,,,1.5,1.47,1.55,,,19.35,117.8767,55.76
2019-08-29,,,,,,,,,,,,,,,,,,,,,,,,,1.53,1.5,1.59,,,17.88,118.0625,56.67
2019-08-30,,,,,,,,,,,,,,,,,,,,,,,,,1.5,1.5,1.55,,,18.98,118.1575,55.07
2019-09-01,256.43,256.759,264.388,103.733,103.873,286.246,228.23,241.409,320.436,124.795,138.694,509282.0,483467.0,407535.0,14590.6,14066.2,1553.5,3019.3,10017.8,15697.5,7.0,3.5,151365.0,2.04,,,,93.2,2.8,,,
2019-09-02,,,,,,,,,,,,,,,,,,,,,,,,,,,,,,,,
2019-09-03,,,,,,,,,,,,,,,,,,,,,,,,,1.47,1.47,1.5,,,19.66,118.3113,53.91
2019-09-04,,,,,,,,,,,,,,,,,,,,,,,,,1.43,1.47,1.51,,,17.33,117.6729,56.22
2019-09-05,,,,,,,,,,,,,,,,,,,,,,,,,1.55,1.57,1.56,,,16.27,117.4776,56.33
2019-09-06,,,,,,,,,,,,,,,,,,,,,,,,,1.53,1.55,1.54,,,15.0,117.1292,56.45
2019-09-09,,,,,,,,,,,,,,,,,,,,,,,,,1.58,1.63,1.57,,,15.27,117.0601,57.88
2019-09-10,,,,,,,,,,,,,,,,,,,,,,,,,1.67,1.72,1.6,,,15.2,117.0887,57.37
2019-09-11,,,,,,,,,,,,,,,,,,,,,,,,,1.68,1.75,1.6,,,14.61,117.3125,55.66
2019-09-12,,,,,,,,,,,,,,,,,,,,,,,,,1.72,1.79,1.63,,,14.22,116.8375,55.13
2019-09-13,,,,,,,,,,,,,,,,,,,,,,,,,1.79,1.9,1.67,,,13.74,116.7677,54.76
2019-09-16,,,,,,,,,,,,,,,,,,,,,,,,,1.74,1.84,1.67,,,14.67,117.0251,63.1
2019-09-17,,,,,,,,,,,,,,,,,,,,,,,,,1.72,1.81,1.66,,,14.44,116.9826,59.26
2019-09-18,,,,,,,,,,,,,,,,,,,,,,,,,1.77,1.8,1.59,,,13.95,116.9766,58.19
2019-09-19,,,,,,,,,,,,,,,,,,,,,,,,,1.74,1.79,1.61,,,14.05,117.0861,58.19
2019-09-20,,,,,,,,,,,,,,,,,,,,,,,,,1.69,1.74,1.61,,,15.32,117.1819,57.92
2019-09-23,,,,,,,,,,,,,,,,,,,,,,,,,1.68,1.72,1.61,,,14.91,117.2986,58.69
2019-09-24,,,,,,,,,,,,,,,,,,,,,,,,,1.6,1.64,1.58,,,17.05,117.2227,57.22
2019-09-25,,,,,,,,,,,,,,,,,,,,,,,,,1.68,1.73,1.6,,,15.96,117.6527,56.38
2019-09-26,,,,,,,,,,,,,,,,,,,,,,,,,1.66,1.7,1.57,,,16.07,117.7267,56.24
2019-09-27,,,,,,,,,,,,,,,,,,,,,,,,,1.63,1.69,1.53,,,17.22,117.7218,55.95
2019-09-30,,,,,,,,,,,,,,,,,,,,,,,,,1.63,1.68,1.53,,,16.24,117.9461,54.09
2019-10-01,257.155,257.346,264.97,103.917,104.028,286.791,232.348,241.999,320.862,123.489,139.701,510648.0,512054.0,408777.0,14617.4,14067.2,1531.8,3034.0,10051.6,15718.1,7.1,3.6,151460.0,1.83,1.56,1.65,1.52,95.5,2.5,18.56,117.9595,53.6
2019-10-02,,,,,,,,,,,,,,,,,,,,,,,,,1.48,1.6,1.5,,,20.56,117.9671,52.67
2019-10-03,,,,,,,,,,,,,,,,,,,,,,,,,1.39,1.54,1.48,,,19.12,117.6608,52.41
2019-10-04,,,,,,,,,,,,,,,,,,,,,,,,,1.4,1.52,1.5,,,17.04,117.5288,52.84
2019-10-07,,,,,,,,,,,,,,,,,,,,,,,,,1.46,1.56,1.51,,,17.86,117.5533,52.76
2019-10-08,,,,,,,,,,,,,,,,,,,,,,,,,1.42,1.54,1.48,,,20.28,117.7407,52.64
2019-10-09,,,,,,,,,,,,,,,,,,,,,,,,,1.47,1.59,1.49,,,18.64,117.6835,52.63
2019-10-10,,,,,,,,,,,,,,,,,,,,,,,,,1.53,1.67,1.52,,,17.57,117.2801,53.57
2019-10-11,,,,,,,,,,,,,,,,,,,,,,,,,1.63,1.76,1.56,,,15.58,116.8239,54.76
2019-10-14,,,,,,,,,,,,,,,,,,,,,,,,,,,,,,14.57,,53.57
2019-10-15,,,,,,,,,,,,,,,,,,,,,,,,,1.61,1.77,1.56,,,13.54,116.8111,52.81
2019-10-16,,,,,,,,,,,,,,,,,,,,,,,,,1.58,1.75,1.57,,,13.68,116.6425,53.42
2019-10-17,,,,,,,,,,,,,,,,,,,,,,,,,1.6,1.76,1.59,,,13.79,116.2615,53.89
2019-10-18,,,,,,,,,,,,,,,,,,,,,,,,,1.58,1.76,1.6,,,14.25,116.1344,53.75
2019-10-21,,,,,,,,,,,,,,,,,,,,,,,,,1.62,1.8,1.61,,,14.0,116.0436,53.28
2019-10-22,,,,,,,,,,,,,,,,,,,,,,,,,1.6,1.78,1.61,,,14.46,115.9851,54.21
2019-10-23,,,,,,,,,,,,,,,,,,,,,,,,,1.58,1.77,1.61,,,14.01,116.0586,55.9
2019-10-24,,,,,,,,,,,,,,,,,,,,,,,,,1.58,1.77,1.62,,,13.71,116.1278,56.11
2019-10-25,,,,,,,,,,,,,,,,,,,,,,,,,1.63,1.8,1.65,,,12.65,116.0774,56.52
2019-10-28,,,,,,,,,,,,,,,,,,,,,,,,,1.64,1.85,1.64,,,13.11,116.0222,55.6
2019-10-29,,,,,,,,,,,,,,,,,,,,,,,,,1.64,1.84,1.61,,,13.2,115.9797,55.34
2019-10-30,,,,,,,,,,,,,,,,,,,,,,,,,1.61,1.78,1.57,,,12.33,116.1636,54.85
2019-10-31,,,,,,,,,,,,,,,,,,,,,,,,,1.52,1.69,1.54,,,13.22,115.9125,54.02
2019-11-01,257.879,257.208,265.548,104.024,104.092,287.255,236.924,242.726,321.611,123.55,139.579,514215.0,522133.0,409726.0,14711.0,14142.8,1557.4,3046.0,10107.6,15766.9,6.9,3.6,151667.0,1.55,1.56,1.73,1.59,96.8,2.5,12.3,115.7312,56.04
2019-11-04,,,,,,,,,,,,,,,,,,,,,,,,,1.6,1.79,1.64,,,12.83,115.8624,56.33
2019-11-05,,,,,,,,,,,,,,,,,,,,,,,,,1.63,1.86,1.68,,,13.1,116.1138,57.04
2019-11-06,,,,,,,,,,,,,,,,,,,,,,,,,1.61,1.81,1.66,,,12.62,116.1004,56.15
2019-11-07,,,,,,,,,,,,,,,,,,,,,,,,,1.68,1.92,1.69,,,12.73,116.1172,56.91
2019-11-08,,,,,,,,,,,,,,,,,,,,,,,,,1.68,1.94,1.71,,,12.07,116.3436,57.02
2019-11-11,,,,,,,,,,,,,,,,,,,,,,,,,,,,,,12.69,,
2019-11-12,,,,,,,,,,,,,,,,,,,,,,,,,1.66,1.92,1.7,,,12.68,116.5837,56.67
2019-11-13,,,,,,,,,,,,,,,,,,,,,,,,,1.63,1.88,1.66,,,13.0,116.8397,56.88
2019-11-14,,,,,,,,,,,,,,,,,,,,,,,,,1.58,1.82,1.62,,,13.05,116.8022,56.57
2019-11-15,,,,,,,,,,,,,,,,,,,,,,,,,1.61,1.84,1.63,,,12.05,116.4401,57.54
2019-11-18,,,,,,,,,,,,,,,,,,,,,,,,,1.6,1.81,1.63,,,12.46,116.3625,56.82
2019-11-19,,,,,,,,,,,,,,,,,,,,,,,,,1.6,1.79,1.63,,,12.86,116.5391,54.93
2019-11-20,,,,,,,,,,,,,,,,,,,,,,,,,1.56,1.73,1.6,,,12.78,116.828,56.71
2019-11-21,,,,,,,,,,,,,,,,,,,,,,,,,1.6,1.77,1.63,,,13.13,116.7435,58.36
2019-11-22,,,,,,,,,,,,,,,,,,,,,,,,,1.61,1.77,1.62,,,12.34,116.9137,57.68
2019-11-25,,,,,,,,,,,,,,,,,,,,,,,,,1.61,1.76,1.62,,,11.87,117.0098,57.79
2019-11-26,,,,,,,,,,,,,,,,,,,,,,,,,1.58,1.74,1.62,,,11.54,117.0513,58.25
2019-11-27,,,,,,,,,,,,,,,,,,,,,,,,,1.63,1.77,1.63,,,11.75,117.1273,58.12
2019-11-28,,,,,,,,,,,,,,,,,,,,,,,,,,,,,,,,
2019-11-29,,,,,,,,,,,,,,,,,,,,,,,,,1.61,1.78,1.61,,,12.62,117.1204,58.12
2019-12-01,258.63,256.974,266.02,104.307,104.322,288.078,244.197,242.887,322.247,122.859,140.088,515866.0,575813.0,413614.0,14774.8,14165.7,1560.4,3061.4,10153.0,15683.8,6.2,3.6,151794.0,1.55,,,,99.3,2.3,,,
2019-12-02,,,,,,,,,,,,,,,,,,,,,,,,,1.61,1.83,1.65,,,14.91,116.9647,55.97
2019-12-03,,,,,,,,,,,,,,,,,,,,,,,,,1.53,1.72,1.63,,,15.96,116.8898,56.15
2019-12-04,,,,,,,,,,,,,,,,,,,,,,,,,1.58,1.77,1.66,,,14.8,116.692,58.46
2019-12-05,,,,,,,,,,,,,,,,,,,,,,,,,1.58,1.8,1.67,,,14.52,116.3838,58.42
2019-12-06,,,,,,,,,,,,,,,,,,,,,,,,,1.61,1.84,1.69,,,13.62,116.5381,59.2
2019-12-09,,,,,,,,,,,,,,,,,,,,,,,,,1.63,1.83,1.69,,,15.86,116.3283,58.99
2019-12-10,,,,,,,,,,,,,,,,,,,,,,,,,1.65,1.85,1.71,,,15.68,116.2542,59.22
2019-12-11,,,,,,,,,,,,,,,,,,,,,,,,,1.61,1.79,1.69,,,14.99,116.1478,58.74
2019-12-12,,,,,,,,,,,,,,,,,,,,,,,,,1.66,1.9,1.72,,,13.94,115.8741,59.18
2019-12-13,,,,,,,,,,,,,,,,,,,,,,,,,1.61,1.82,1.7,,,12.63,115.6967,60.11
2019-12-16,,,,,,,,,,,,,,,,,,,,,,,,,1.65,1.89,1.73,,,12.14,115.555,60.21
2019-12-17,,,,,,,,,,,,,,,,,,,,,,,,,1.63,1.89,1.75,,,12.29,115.5553,60.88
2019-12-18,,,,,,,,,,,,,,,,,,,,,,,,,1.63,1.92,1.76,,,12.58,115.6618,60.93
2019-12-19,,,,,,,,,,,,,,,,,,,,,,,,,1.62,1.92,1.77,,,12.5,115.5988,61.3
2019-12-20,,,,,,,,,,,,,,,,,,,,,,,,,1.63,1.92,1.77,,,12.51,115.7598,60.43
2019-12-23,,,,,,,,,,,,,,,,,,,,,,,,,1.64,1.93,1.75,,,12.61,115.8059,60.51
2019-12-24,,,,,,,,,,,,,,,,,,,,,,,,,1.62,1.9,1.75,,,12.67,,61.17
2019-12-25,,,,,,,,,,,,,,,,,,,,,,,,,,,,,,,,
2019-12-26,,,,,,,,,,,,,,,,,,,,,,,,,1.64,1.9,1.74,,,12.65,115.634,61.72
2019-12-27,,,,,,,,,,,,,,,,,,,,,,,,,1.59,1.88,1.73,,,13.43,115.22,61.76
2019-12-30,,,,,,,,,,,,,,,,,,,,,,,,,1.58,1.9,1.75,,,14.82,114.9631,61.66
2019-12-31,,,,,,,,,,,,,,,,,,,,,,,,,1.58,1.92,1.77,,,13.78,114.669,61.14
2020-01-01,259.127,257.971,266.716,104.49,104.507,289.137,242.397,243.511,323.487,122.477,139.424,515119.0,472513.0,414267.0,14868.3,14230.7,1551.3,3059.1,10257.9,15842.8,6.8,3.6,152031.0,1.55,,,,99.8,2.5,,,
2020-01-02,,,,,,,,,,,,,,,,,,,,,,,,,1.58,1.88,1.8,,,12.47,114.9745,61.17
2020-01-03,,,,,,,,,,,,,,,,,,,,,,,,,1.53,1.8,1.77,,,14.02,114.9867,63.0
2020-01-06,,,,,,,,,,,,,,,,,,,,,,,,,1.54,1.81,1.75,,,13.85,114.9557,63.27
2020-01-07,,,,,,,,,,,,,,,,,,,,,,,,,1.54,1.83,1.74,,,13.79,115.1477,62.7
2020-01-08,,,,,,,,,,,,,,,,,,,,,,,,,1.58,1.87,1.75,,,13.45,115.1328,59.65
2020-01-09,,,,,,,,,,,,,,,,,,,,,,,,,1.58,1.85,1.74,,,12.54,115.2331,59.56
2020-01-10,,,,,,,,,,,,,,,,,,,,,,,,,1.56,1.83,1.76,,,12.56,115.0677,59.02
2020-01-13,,,,,,,,,,,,,,,,,,,,,,,,,1.58,1.85,1.77,,,12.32,115.0342,58.17
2020-01-14,,,,,,,,,,,,,,,,,,,,,,,,,1.58,1.82,1.77,,,12.39,115.0239,58.34
2020-01-15,,,,,,,,,,,,,,,,,,,,,,,,,1.56,1.79,1.75,,,12.42,114.9528,57.86
2020-01-16,,,,,,,,,,,,,,,,,,,,,,,,,1.58,1.81,1.74,,,12.32,115.0006,58.52
2020-01-17,,,,,,,,,,,,,,,,,,,,,,,,,1.58,1.84,1.75,,,12.1,115.0656,58.55
2020-01-20,,,,,,,,,,,,,,,,,,,,,,,,,,,,,,,,
2020-01-21,,,,,,,,,,,,,,,,,,,,,,,,,1.53,1.78,1.74,,,12.85,115.1876,58.25
2020-01-22,,,,,,,,,,,,,,,,,,,,,,,,,1.53,1.77,1.72,,,12.91,115.2273,56.76
2020-01-23,,,,,,,,,,,,,,,,,,,,,,,,,1.51,1.74,1.7,,,12.98,115.5545,55.51
2020-01-24,,,,,,,,,,,,,,,,,,,,,,,,,1.49,1.7,1.68,,,14.56,115.5556,54.09
2020-01-27,,,,,,,,,,,,,,,,,,,,,,,,,1.44,1.61,1.63,,,18.23,115.8004,53.09
2020-01-28,,,,,,,,,,,,,,,,,,,,,,,,,1.45,1.65,1.65,,,16.28,115.7239,53.33
2020-01-29,,,,,,,,,,,,,,,,,,,,,,,,,1.42,1.6,1.64,,,16.39,115.7003,53.29
2020-01-30,,,,,,,,,,,,,,,,,,,,,,,,,1.41,1.57,1.64,,,15.49,115.8077,52.19
2020-01-31,,,,,,,,,,,,,,,,,,,,,,,,,1.33,1.51,1.65,,,18.84,115.7345,51.58
2020-02-01,259.25,258.678,267.37,104.573,104.711,289.781,230.646,244.2,324.483,122.952,140.593,515330.0,470728.0,413878.0,14828.1,14181.4,1551.9,3054.1,10222.2,15900.3,7.5,3.5,152293.0,1.58,,,,101.0,2.4,,,
2020-02-03,,,,,,,,,,,,,,,,,,,,,,,,,1.36,1.54,1.63,,,17.97,116.1172,50.06
2020-02-04,,,,,,,,,,,,,,,,,,,,,,,,,1.41,1.61,1.64,,,16.05,115.9291,49.59
2020-02-05,,,,,,,,,,,,,,,,,,,,,,,,,1.44,1.66,1.66,,,15.15,116.009,50.87
2020-02-06,,,,,,,,,,,,,,,,,,,,,,,,,1.44,1.65,1.67,,,14.96,116.1518,50.94
2020-02-07,,,,,,,,,,,,,,,,,,,,,,,,,1.41,1.59,1.66,,,15.47,116.5086,50.34
2020-02-10,,,,,,,,,,,,,,,,,,,,,,,,,1.37,1.56,1.66,,,15.04,116.5711,49.59
2020-02-11,,,,,,,,,,,,,,,,,,,,,,,,,1.41,1.59,1.65,,,15.18,116.3585,50.0
2020-02-12,,,,,,,,,,,,,,,,,,,,,,,,,1.44,1.62,1.66,,,13.74,116.2794,51.13
2020-02-13,,,,,,,,,,,,,,,,,,,,,,,,,1.44,1.61,1.67,,,14.15,116.3999,51.41
2020-02-14,,,,,,,,,,,,,,,,,,,,,,,,,1.42,1.59,1.66,,,13.68,116.4223,52.03
2020-02-17,,,,,,,,,,,,,,,,,,,,,,,,,,,,,,,,
2020-02-18,,,,,,,,,,,,,,,,,,,,,,,,,1.41,1.55,1.65,,,14.83,116.6039,52.1
2020-02-19,,,,,,,,,,,,,,,,,,,,,,,,,1.42,1.56,1.65,,,14.38,116.7829,53.31
2020-02-20,,,,,,,,,,,,,,,,,,,,,,,,,1.39,1.52,1.63,,,15.56,117.2454,53.77
2020-02-21,,,,,,,,,,,,,,,,,,,,,,,,,1.34,1.46,1.61,,,17.08,117.0473,53.36
2020-02-24,,,,,,,,,,,,,,,,,,,,,,,,,1.26,1.38,1.59,,,25.03,117.4018,51.36
2020-02-25,,,,,,,,,,,,,,,,,,,,,,,,,1.2,1.33,1.53,,,27.85,117.2425,49.78
2020-02-26,,,,,,,,,,,,,,,,,,,,,,,,,1.16,1.33,1.54,,,27.56,117.405,48.67
2020-02-27,,,,,,,,,,,,,,,,,,,,,,,,,1.11,1.3,1.53,,,39.16,117.3678,47.17
2020-02-28,,,,,,,,,,,,,,,,,,,,,,,,,0.86,1.13,1.41,,,40.11,117.6568,44.83
2020-03-01,258.076,258.115,267.054,104.271,104.632,290.216,204.901,245.017,324.54,121.558,141.667,468324.0,468028.0,393751.0,13812.8,13249.1,1350.9,3128.7,9333.2,15702.3,12.4,4.4,150895.0,0.65,,,,89.1,2.2,,,
2020-03-02,,,,,,,,,,,,,,,,,,,,,,,,,0.84,1.1,1.41,,,33.42,116.8144,46.78
2020-03-03,,,,,,,,,,,,,,,,,,,,,,,,,0.71,1.02,1.45,,,36.82,116.4958,47.27
2020-03-04,,,,,,,,,,,,,,,,,,,,,,,,,0.67,1.02,1.46,,,31.99,116.7802,46.78
2020-03-05,,,,,,,,,,,,,,,,,,,,,,,,,0.59,0.92,1.4,,,39.62,116.7901,45.9
2020-03-06,,,,,,,,,,,,,,,,,,,,,,,,,0.49,0.74,1.31,,,41.94,116.7106,41.14
2020-03-09,,,,,,,,,,,,,,,,,,,,,,,,,0.38,0.54,0.99,,,54.46,117.1871,31.05
2020-03-10,,,,,,,,,,,,,,,,,,,,,,,,,0.5,0.76,1.0,,,47.3,117.9027,34.47
2020-03-11,,,,,,,,,,,,,,,,,,,,,,,,,0.5,0.82,0.96,,,53.9,118.2505,33.13
2020-03-12,,,,,,,,,,,,,,,,,,,,,,,,,0.5,0.88,0.92,,,75.47,120.4883,31.56
2020-03-13,,,,,,,,,,,,,,,,,,,,,,,,,0.49,0.94,0.9,,,57.83,120.4388,31.72
2020-03-16,,,,,,,,,,,,,,,,,,,,,,,,,0.36,0.73,0.73,,,82.69,120.9352,28.96
2020-03-17,,,,,,,,,,,,,,,,,,,,,,,,,0.47,1.02,0.63,,,75.91,122.4816,26.96
2020-03-18,,,,,,,,,,,,,,,,,,,,,,,,,0.54,1.18,0.63,,,76.45,124.1623,20.48
2020-03-19,,,,,,,,,,,,,,,,,,,,,,,,,0.44,1.12,0.5,,,72.0,125.0587,25.09
2020-03-20,,,,,,,,,,,,,,,,,,,,,,,,,0.37,0.92,0.75,,,66.04,124.9362,19.48
2020-03-23,,,,,,,,,,,,,,,,,,,,,,,,,0.28,0.76,0.8,,,61.59,126.1262,23.33
2020-03-24,,,,,,,,,,,,,,,,,,,,,,,,,0.38,0.84,0.97,,,61.67,125.5001,21.03
2020-03-25,,,,,,,,,,,,,,,,,,,,,,,,,0.34,0.88,1.07,,,63.95,124.7916,20.75
2020-03-26,,,,,,,,,,,,,,,,,,,,,,,,,0.3,0.83,1.07,,,61.0,122.4308,16.6
2020-03-27,,,,,,,,,,,,,,,,,,,,,,,,,0.25,0.72,0.94,,,65.54,122.4007,15.48
2020-03-30,,,,,,,,,,,,,,,,,,,,,,,,,0.23,0.7,0.95,,,57.08,123.2883,14.1
2020-03-31,,,,,,,,,,,,,,,,,,,,,,,,,0.23,0.7,0.87,,,53.54,122.5301,20.51
2020-04-01,256.032,256.389,265.746,103.838,104.293,290.639,164.836,251.063,324.391,117.065,138.89,401028.0,401556.0,336693.0,12249.2,11798.6,1186.0,2730.6,8332.6,18015.3,31.8,14.8,130426.0,0.05,0.23,0.62,0.91,71.8,2.1,57.06,123.7933,20.28
2020-04-02,,,,,,,,,,,,,,,,,,,,,,,,,0.23,0.63,1.03,,,50.91,123.5916,25.18
2020-04-03,,,,,,,,,,,,,,,,,,,,,,,,,0.23,0.62,1.08,,,46.8,124.4152,28.36
2020-04-06,,,,,,,,,,,,,,,,,,,,,,,,,0.27,0.67,1.14,,,45.24,124.16,26.21
2020-04-07,,,,,,,,,,,,,,,,,,,,,,,,,0.28,0.75,1.17,,,46.7,123.0956,23.54
2020-04-08,,,,,,,,,,,,,,,,,,,,,,,,,0.27,0.77,1.19,,,43.35,123.2216,24.97
2020-04-09,,,,,,,,,,,,,,,,,,,,,,,,,0.23,0.73,1.23,,,41.67,122.476,22.9
2020-04-10,,,,,,,,,,,,,,,,,,,,,,,,,,,,,,,122.1592,
2020-04-13,,,,,,,,,,,,,,,,,,,,,,,,,0.25,0.76,1.26,,,41.17,122.5203,22.36
2020-04-14,,,,,,,,,,,,,,,,,,,,,,,,,0.23,0.76,1.29,,,37.76,122.1121,20.15
2020-04-15,,,,,,,,,,,,,,,,,,,,,,,,,0.2,0.63,1.19,,,40.84,123.0752,19.96
2020-04-16,,,,,,,,,,,,,,,,,,,,,,,,,0.2,0.61,1.03,,,40.11,123.4615,19.82
2020-04-17,,,,,,,,,,,,,,,,,,,,,,,,,0.2,0.65,1.01,,,38.15,122.871,18.31
2020-04-20,,,,,,,,,,,,,,,,,,,,,,,,,0.2,0.63,0.94,,,43.83,123.1033,-36.98
2020-04-21,,,,,,,,,,,,,,,,,,,,,,,,,0.2,0.58,0.96,,,45.41,123.9116,8.91
2020-04-22,,,,,,,,,,,,,,,,,,,,,,,,,0.22,0.63,1.06,,,41.98,123.9256,13.64
2020-04-23,,,,,,,,,,,,,,,,,,,,,,,,,0.22,0.61,1.05,,,41.38,123.7542,15.06
2020-04-24,,,,,,,,,,,,,,,,,,,,,,,,,0.22,0.6,1.11,,,35.93,124.1615,15.99
2020-04-27,,,,,,,,,,,,,,,,,,,,,,,,,0.24,0.67,1.17,,,33.29,123.8843,12.17
2020-04-28,,,,,,,,,,,,,,,,,,,,,,,,,0.2,0.62,1.14,,,33.57,123.3693,12.4
2020-04-29,,,,,,,,,,,,,,,,,,,,,,,,,0.2,0.63,1.14,,,31.23,122.7782,15.04
2020-04-30,,,,,,,,,,,,,,,,,,,,,,,,,0.2,0.64,1.07,,,34.15,122.327,19.23
2020-05-01,255.802,256.394,265.412,103.942,104.402,291.709,160.261,253.23,324.973,114.244,137.922,478449.0,497250.0,381626.0,13281.5,12780.5,1541.4,2960.2,8779.9,17110.0,22.6,13.2,133040.0,0.05,0.2,0.64,1.06,72.3,3.2,37.19,123.1492,19.72
2020-05-04,,,,,,,,,,,,,,,,,,,,,,,,,0.19,0.64,1.07,,,35.97,123.2117,20.47
2020-05-05,,,,,,,,,,,,,,,,,,,,,,,,,0.19,0.66,1.1,,,33.61,122.803,24.56
2020-05-06,,,,,,,,,,,,,,,,,,,,,,,,,0.17,0.72,1.1,,,34.12,123.609,23.88
2020-05-07,,,,,,,,,,,,,,,,,,,,,,,,,0.13,0.63,1.08,,,31.44,123.1249,23.68
2020-05-08,,,,,,,,,,,,,,,,,,,,,,,,,0.16,0.69,1.12,,,27.98,122.5379,24.73
2020-05-11,,,,,,,,,,,,,,,,,,,,,,,,,0.17,0.73,1.13,,,27.57,123.2333,24.02
2020-05-12,,,,,,,,,,,,,,,,,,,,,,,,,0.17,0.69,1.09,,,33.04,123.0592,25.76
2020-05-13,,,,,,,,,,,,,,,,,,,,,,,,,0.16,0.64,1.07,,,35.28,123.5408,25.37
2020-05-14,,,,,,,,,,,,,,,,,,,,,,,,,0.16,0.63,1.06,,,32.61,123.6429,27.4
2020-05-15,,,,,,,,,,,,,,,,,,,,,,,,,0.16,0.64,1.09,,,31.89,123.5991,29.44
2020-05-18,,,,,,,,,,,,,,,,,,,,,,,,,0.18,0.73,1.17,,,29.3,122.7968,31.83
2020-05-19,,,,,,,,,,,,,,,,,,,,,,,,,0.17,0.7,1.15,,,30.53,122.5655,32.3
2020-05-20,,,,,,,,,,,,,,,,,,,,,,,,,0.16,0.68,1.16,,,27.99,122.1007,33.56
2020-05-21,,,,,,,,,,,,,,,,,,,,,,,,,0.17,0.68,1.14,,,29.53,122.0914,34.3
2020-05-22,,,,,,,,,,,,,,,,,,,,,,,,,0.17,0.66,1.12,,,28.16,122.3211,33.49
2020-05-25,,,,,,,,,,,,,,,,,,,,,,,,,,,,,,,,
2020-05-26,,,,,,,,,,,,,,,,,,,,,,,,,0.18,0.69,1.13,,,28.01,121.3864,34.7
2020-05-27,,,,,,,,,,,,,,,,,,,,,,,,,0.19,0.68,1.14,,,27.62,121.5677,32.8
2020-05-28,,,,,,,,,,,,,,,,,,,,,,,,,0.17,0.7,1.18,,,28.59,121.0138,33.67
2020-05-29,,,,,,,,,,,,,,,,,,,,,,,,,0.16,0.65,1.15,,,27.51,120.9458,35.57
2020-06-01,257.042,257.797,265.849,104.27,104.565,293.219,178.169,254.674,325.425,115.665,134.156,518038.0,523789.0,412904.0,14049.2,13476.8,1674.1,3105.7,9269.4,17050.2,18.3,11.0,137671.0,0.08,0.14,0.66,1.18,78.1,3.0,28.23,120.2686,35.49
2020-06-02,,,,,,,,,,,,,,,,,,,,,,,,,0.17,0.68,1.18,,,26.84,119.6854,36.88
2020-06-03,,,,,,,,,,,,,,,,,,,,,,,,,0.19,0.77,1.21,,,25.66,119.2556,37.33
2020-06-04,,,,,,,,,,,,,,,,,,,,,,,,,0.19,0.82,1.22,,,25.81,119.3014,37.42
2020-06-05,,,,,,,,,,,,,,,,,,,,,,,,,0.22,0.91,1.27,,,24.52,118.8138,39.49
2020-06-08,,,,,,,,,,,,,,,,,,,,,,,,,0.22,0.88,1.28,,,25.81,118.6621,38.17
2020-06-09,,,,,,,,,,,,,,,,,,,,,,,,,0.2,0.84,1.26,,,27.57,118.5893,38.98
2020-06-10,,,,,,,,,,,,,,,,,,,,,,,,,0.17,0.75,1.27,,,27.57,118.5231,39.54
2020-06-11,,,,,,,,,,,,,,,,,,,,,,,,,0.19,0.66,1.21,,,40.79,119.2347,36.43
2020-06-12,,,,,,,,,,,,,,,,,,,,,,,,,0.19,0.71,1.21,,,36.09,119.6645,36.24
2020-06-15,,,,,,,,,,,,,,,,,,,,,,,,,0.19,0.71,1.23,,,34.4,119.9539,37.07
2020-06-16,,,,,,,,,,,,,,,,,,,,,,,,,0.21,0.75,1.27,,,33.67,119.567,38.26
2020-06-17,,,,,,,,,,,,,,,,,,,,,,,,,0.19,0.74,1.26,,,33.47,119.9105,37.91
2020-06-18,,,,,,,,,,,,,,,,,,,,,,,,,0.19,0.71,1.28,,,32.94,120.2173,38.79
2020-06-19,,,,,,,,,,,,,,,,,,,,,,,,,0.19,0.7,1.3,,,35.12,120.2186,39.72
2020-06-22,,,,,,,,,,,,,,,,,,,,,,,,,0.19,0.71,1.34,,,31.77,119.7532,40.6
2020-06-23,,,,,,,,,,,,,,,,,,,,,,,,,0.18,0.72,1.38,,,31.37,119.3285,40.4
2020-06-24,,,,,,,,,,,,,,,,,,,,,,,,,0.19,0.69,1.33,,,33.84,119.9744,37.91
2020-06-25,,,,,,,,,,,,,,,,,,,,,,,,,0.17,0.68,1.33,,,32.22,120.2997,38.66
2020-06-26,,,,,,,,,,,,,,,,,,,,,,,,,0.17,0.64,1.32,,,34.73,120.533,38.53
2020-06-29,,,,,,,,,,,,,,,,,,,,,,,,,0.16,0.64,1.34,,,31.78,120.6658,39.67
2020-06-30,,,,,,,,,,,,,,,,,,,,,,,,,0.16,0.66,1.34,,,30.43,120.4649,39.27
2020-07-01,258.352,259.101,267.389,104.578,104.937,294.599,185.072,252.003,326.249,116.576,136.77,526304.0,539300.0,421417.0,14307.2,13683.5,1737.0,3144.2,9426.1,17202.9,17.9,10.2,139255.0,0.09,0.17,0.69,1.37,72.5,3.0,28.62,120.0808,39.88
2020-07-02,,,,,,,,,,,,,,,,,,,,,,,,,0.16,0.68,1.41,,,27.68,119.8555,40.57
2020-07-03,,,,,,,,,,,,,,,,,,,,,,,,,,,,,,,,
2020-07-06,,,,,,,,,,,,,,,,,,,,,,,,,0.16,0.69,1.45,,,27.94,119.2852,40.51
2020-07-07,,,,,,,,,,,,,,,,,,,,,,,,,0.16,0.65,1.43,,,29.43,119.5717,40.59
2020-07-08,,,,,,,,,,,,,,,,,,,,,,,,,0.16,0.67,1.42,,,28.08,119.5525,40.91
2020-07-09,,,,,,,,,,,,,,,,,,,,,,,,,0.16,0.62,1.39,,,29.26,119.5129,39.64
2020-07-10,,,,,,,,,,,,,,,,,,,,,,,,,0.16,0.65,1.41,,,27.29,119.3509,40.56
2020-07-13,,,,,,,,,,,,,,,,,,,,,,,,,0.16,0.64,1.42,,,32.19,119.1891,40.06
2020-07-14,,,,,,,,,,,,,,,,,,,,,,,,,0.14,0.63,1.41,,,29.52,119.3901,40.3
2020-07-15,,,,,,,,,,,,,,,,,,,,,,,,,0.16,0.64,1.41,,,27.76,119.0331,41.2
2020-07-16,,,,,,,,,,,,,,,,,,,,,,,,,0.16,0.62,1.41,,,28.0,118.9275,40.74
2020-07-17,,,,,,,,,,,,,,,,,,,,,,,,,0.14,0.64,1.46,,,25.68,119.124,40.55
2020-07-20,,,,,,,,,,,,,,,,,,,,,,,,,0.16,0.62,1.46,,,24.46,119.0483,40.83
2020-07-21,,,,,,,,,,,,,,,,,,,,,,,,,0.14,0.61,1.48,,,24.84,118.4042,41.76
2020-07-22,,,,,,,,,,,,,,,,,,,,,,,,,0.14,0.6,1.48,,,24.32,118.1337,41.88
2020-07-23,,,,,,,,,,,,,,,,,,,,,,,,,0.16,0.59,1.49,,,26.08,118.0613,40.99
2020-07-24,,,,,,,,,,,,,,,,,,,,,,,,,0.14,0.59,1.51,,,25.84,118.1329,41.23
2020-07-27,,,,,,,,,,,,,,,,,,,,,,,,,0.15,0.62,1.52,,,24.74,117.3869,41.46
2020-07-28,,,,,,,,,,,,,,,,,,,,,,,,,0.14,0.59,1.51,,,25.44,117.3189,40.89
2020-07-29,,,,,,,,,,,,,,,,,,,,,,,,,0.12,0.58,1.53,,,24.1,117.2126,41.13
2020-07-30,,,,,,,,,,,,,,,,,,,,,,,,,0.11,0.55,1.52,,,24.76,117.4008,39.85
2020-07-31,,,,,,,,,,,,,,,,,,,,,,,,,0.11,0.55,1.55,,,24.46,117.2082,40.1
2020-08-01,259.316,259.918,268.422,104.87,105.243,295.437,188.325,252.148,326.782,116.907,144.102,530735.0,536156.0,425171.0,14462.2,13793.0,1760.4,3135.1,9566.7,16542.0,13.9,8.4,140821.0,0.1,,,,74.1,3.1,,,
2020-08-03,,,,,,,,,,,,,,,,,,,,,,,,,0.11,0.56,1.58,,,24.28,117.8074,40.83
2020-08-04,,,,,,,,,,,,,,,,,,,,,,,,,0.11,0.52,1.57,,,23.76,117.7833,41.67
2020-08-05,,,,,,,,,,,,,,,,,,,,,,,,,0.11,0.55,1.61,,,22.99,116.8736,42.25
2020-08-06,,,,,,,,,,,,,,,,,,,,,,,,,0.11,0.55,1.63,,,22.65,117.0422,41.93
2020-08-07,,,,,,,,,,,,,,,,,,,,,,,,,0.13,0.57,1.61,,,22.21,117.6239,41.16
2020-08-10,,,,,,,,,,,,,,,,,,,,,,,,,0.14,0.59,1.61,,,22.13,117.5821,41.94
2020-08-11,,,,,,,,,,,,,,,,,,,,,,,,,0.16,0.64,1.63,,,24.03,117.3781,41.53
2020-08-12,,,,,,,,,,,,,,,,,,,,,,,,,0.16,0.69,1.67,,,22.28,117.2559,42.6
2020-08-13,,,,,,,,,,,,,,,,,,,,,,,,,0.16,0.71,1.67,,,22.13,117.1193,42.26
2020-08-14,,,,,,,,,,,,,,,,,,,,,,,,,0.14,0.71,1.65,,,22.05,116.9395,42.05
2020-08-17,,,,,,,,,,,,,,,,,,,,,,,,,0.14,0.69,1.66,,,21.35,116.749,42.89
2020-08-18,,,,,,,,,,,,,,,,,,,,,,,,,0.14,0.67,1.68,,,21.51,116.5593,42.89
2020-08-19,,,,,,,,,,,,,,,,,,,,,,,,,0.14,0.68,1.67,,,22.54,116.567,42.91
2020-08-20,,,,,,,,,,,,,,,,,,,,,,,,,0.13,0.65,1.62,,,22.72,116.8126,42.62
2020-08-21,,,,,,,,,,,,,,,,,,,,,,,,,0.16,0.64,1.64,,,22.54,117.0572,42.32
2020-08-24,,,,,,,,,,,,,,,,,,,,,,,,,0.14,0.65,1.67,,,22.37,116.912,42.44
2020-08-25,,,,,,,,,,,,,,,,,,,,,,,,,0.15,0.69,1.7,,,22.03,116.8206,43.17
2020-08-26,,,,,,,,,,,,,,,,,,,,,,,,,0.16,0.69,1.72,,,23.27,116.6243,43.21
2020-08-27,,,,,,,,,,,,,,,,,,,,,,,,,0.16,0.74,1.73,,,24.47,116.649,42.88
2020-08-28,,,,,,,,,,,,,,,,,,,,,,,,,0.14,0.74,1.77,,,22.96,115.9374,42.96
2020-08-31,,,,,,,,,,,,,,,,,,,,,,,,,0.14,0.72,1.8,,,26.41,115.7586,42.61
2020-09-01,259.997,260.28,268.933,105.057,105.41,297.08,193.069,251.166,327.043,117.157,152.968,541302.0,521651.0,431983.0,14668.1,13964.6,1765.8,3191.8,9710.5,16633.7,13.3,7.8,141770.0,0.09,0.13,0.68,1.76,80.4,2.6,26.12,115.5687,42.76
2020-09-02,,,,,,,,,,,,,,,,,,,,,,,,,0.14,0.66,1.73,,,26.57,116.0304,42.76
2020-09-03,,,,,,,,,,,,,,,,,,,,,,,,,0.13,0.63,1.65,,,33.6,116.0685,41.39
2020-09-04,,,,,,,,,,,,,,,,,,,,,,,,,0.14,0.72,1.7,,,30.75,116.0347,39.69
2020-09-07,,,,,,,,,,,,,,,,,,,,,,,,,,,,,,,,
2020-09-08,,,,,,,,,,,,,,,,,,,,,,,,,0.14,0.69,1.68,,,31.46,116.4618,36.87
2020-09-09,,,,,,,,,,,,,,,,,,,,,,,,,0.14,0.71,1.71,,,28.81,116.1291,38.05
2020-09-10,,,,,,,,,,,,,,,,,,,,,,,,,0.14,0.68,1.69,,,29.71,115.8806,37.25
2020-09-11,,,,,,,,,,,,,,,,,,,,,,,,,0.13,0.67,1.65,,,26.87,116.0866,37.33
2020-09-14,,,,,,,,,,,,,,,,,,,,,,,,,0.14,0.68,1.65,,,25.85,115.6428,37.23
2020-09-15,,,,,,,,,,,,,,,,,,,,,,,,,0.14,0.68,1.67,,,25.59,115.5908,38.29
2020-09-16,,,,,,,,,,,,,,,,,,,,,,,,,0.14,0.69,1.68,,,26.04,115.3537,40.17
2020-09-17,,,,,,,,,,,,,,,,,,,,,,,,,0.13,0.69,1.66,,,26.46,115.4392,40.99
2020-09-18,,,,,,,,,,,,,,,,,,,,,,,,,0.14,0.7,1.67,,,25.83,115.2395,41.09
2020-09-21,,,,,,,,,,,,,,,,,,,,,,,,,0.14,0.68,1.62,,,27.78,116.378,39.26
2020-09-22,,,,,,,,,,,,,,,,,,,,,,,,,0.13,0.68,1.62,,,26.86,116.5438,39.55
2020-09-23,,,,,,,,,,,,,,,,,,,,,,,,,0.14,0.68,1.6,,,28.58,117.2526,39.92
2020-09-24,,,,,,,,,,,,,,,,,,,,,,,,,0.14,0.67,1.58,,,28.51,117.5473,40.11
2020-09-25,,,,,,,,,,,,,,,,,,,,,,,,,0.12,0.66,1.58,,,26.38,117.8679,40.06
2020-09-28,,,,,,,,,,,,,,,,,,,,,,,,,0.14,0.67,1.61,,,26.19,117.6178,40.47
2020-09-29,,,,,,,,,,,,,,,,,,,,,,,,,0.11,0.66,1.64,,,26.27,117.526,39.03
2020-09-30,,,,,,,,,,,,,,,,,,,,,,,,,0.13,0.69,1.63,,,26.37,116.946,40.05
2020-10-01,260.319,260.388,269.306,105.151,105.507,297.893,191.525,251.641,327.421,117.158,155.964,539114.0,543242.0,430433.0,14725.8,14007.1,1773.4,3170.1,9782.3,16573.6,12.8,6.9,142460.0,0.09,0.14,0.68,1.63,81.8,2.6,26.7,116.7227,38.51
2020-10-02,,,,,,,,,,,,,,,,,,,,,,,,,0.13,0.7,1.64,,,27.63,116.7321,36.9
2020-10-05,,,,,,,,,,,,,,,,,,,,,,,,,0.14,0.78,1.68,,,27.96,116.1767,39.12
2020-10-06,,,,,,,,,,,,,,,,,,,,,,,,,0.14,0.76,1.66,,,29.48,116.2681,40.52
2020-10-07,,,,,,,,,,,,,,,,,,,,,,,,,0.16,0.81,1.71,,,28.06,116.3447,39.82
2020-10-08,,,,,,,,,,,,,,,,,,,,,,,,,0.13,0.78,1.72,,,26.36,116.1657,41.04
2020-10-09,,,,,,,,,,,,,,,,,,,,,,,,,0.16,0.79,1.73,,,25.0,115.2757,40.44
2020-10-12,,,,,,,,,,,,,,,,,,,,,,,,,,,,,,25.07,,39.22
2020-10-13,,,,,,,,,,,,,,,,,,,,,,,,,0.16,0.74,1.7,,,26.07,115.9107,40.03
2020-10-14,,,,,,,,,,,,,,,,,,,,,,,,,0.14,0.73,1.69,,,26.4,115.6872,40.86
2020-10-15,,,,,,,,,,,,,,,,,,,,,,,,,0.14,0.74,1.69,,,26.97,116.0964,40.84
2020-10-16,,,,,,,,,,,,,,,,,,,,,,,,,0.14,0.76,1.71,,,27.41,115.7679,40.7
2020-10-19,,,,,,,,,,,,,,,,,,,,,,,,,0.16,0.78,1.71,,,29.18,115.4031,40.69
2020-10-20,,,,,,,,,,,,,,,,,,,,,,,,,0.14,0.81,1.72,,,29.35,115.2485,41.37
2020-10-21,,,,,,,,,,,,,,,,,,,,,,,,,0.14,0.83,1.74,,,28.65,114.9108,39.88
2020-10-22,,,,,,,,,,,,,,,,,,,,,,,,,0.16,0.87,1.76,,,28.11,115.1158,40.46
2020-10-23,,,,,,,,,,,,,,,,,,,,,,,,,0.18,0.85,1.75,,,27.55,115.0126,39.73
2020-10-26,,,,,,,,,,,,,,,,,,,,,,,,,0.16,0.81,1.72,,,32.46,115.2797,38.39
2020-10-27,,,,,,,,,,,,,,,,,,,,,,,,,0.16,0.79,1.71,,,33.35,115.0131,39.34
2020-10-28,,,,,,,,,,,,,,,,,,,,,,,,,0.16,0.79,1.7,,,40.28,115.8023,37.27
2020-10-29,,,,,,,,,,,,,,,,,,,,,,,,,0.16,0.85,1.71,,,37.59,116.3069,35.94
2020-10-30,,,,,,,,,,,,,,,,,,,,,,,,,0.14,0.88,1.7,,,38.02,116.1354,35.64
2020-11-01,260.911,260.229,269.981,105.258,105.605,298.253,191.823,251.365,327.801,117.411,154.817,533941.0,533901.0,426447.0,14701.6,13970.3,1764.6,3163.4,9773.7,16381.8,12.0,6.7,142733.0,0.09,,,,76.9,2.8,,,
2020-11-02,,,,,,,,,,,,,,,,,,,,,,,,,0.16,0.87,1.71,,,37.13,116.2361,36.6
2020-11-03,,,,,,,,,,,,,,,,,,,,,,,,,0.17,0.9,1.72,,,35.55,115.4802,37.44
2020-11-04,,,,,,,,,,,,,,,,,,,,,,,,,0.14,0.78,1.64,,,29.57,115.1677,38.97
2020-11-05,,,,,,,,,,,,,,,,,,,,,,,,,0.14,0.79,1.66,,,27.58,114.4556,38.56
2020-11-06,,,,,,,,,,,,,,,,,,,,,,,,,0.16,0.83,1.65,,,24.86,113.9919,36.97
2020-11-09,,,,,,,,,,,,,,,,,,,,,,,,,0.17,0.96,1.73,,,25.75,114.0895,40.05
2020-11-10,,,,,,,,,,,,,,,,,,,,,,,,,0.19,0.98,1.76,,,24.8,114.0757,41.18
2020-11-11,,,,,,,,,,,,,,,,,,,,,,,,,,,,,,23.45,,41.23
2020-11-12,,,,,,,,,,,,,,,,,,,,,,,,,0.17,0.88,1.71,,,25.35,114.2843,40.9
2020-11-13,,,,,,,,,,,,,,,,,,,,,,,,,0.17,0.89,1.72,,,23.1,114.2397,39.93
2020-11-16,,,,,,,,,,,,,,,,,,,,,,,,,0.19,0.91,1.72,,,22.45,113.8312,41.14
2020-11-17,,,,,,,,,,,,,,,,,,,,,,,,,0.18,0.87,1.7,,,22.71,113.682,41.24
2020-11-18,,,,,,,,,,,,,,,,,,,,,,,,,0.16,0.88,1.7,,,23.84,113.46,41.64
2020-11-19,,,,,,,,,,,,,,,,,,,,,,,,,0.18,0.86,1.7,,,23.11,113.694,41.57
2020-11-20,,,,,,,,,,,,,,,,,,,,,,,,,0.16,0.83,1.69,,,23.7,113.489,41.99
2020-11-23,,,,,,,,,,,,,,,,,,,,,,,,,0.16,0.86,1.71,,,22.66,113.7548,42.91
2020-11-24,,,,,,,,,,,,,,,,,,,,,,,,,0.16,0.88,1.74,,,21.64,113.4316,44.71
2020-11-25,,,,,,,,,,,,,,,,,,,,,,,,,0.17,0.88,1.75,,,21.25,113.1823,45.58
2020-11-26,,,,,,,,,,,,,,,,,,,,,,,,,,,,,,,,
2020-11-27,,,,,,,,,,,,,,,,,,,,,,,,,0.16,0.84,1.75,,,20.84,,
2020-11-30,,,,,,,,,,,,,,,,,,,,,,,,,0.16,0.84,1.77,,,20.57,113.2256,45.2
2020-12-01,262.045,260.474,270.341,105.699,105.896,299.369,208.753,252.536,328.217,117.967,154.216,538548.0,599648.0,429003.0,14822.0,14026.7,1803.7,3200.2,9818.2,16397.7,11.8,6.7,142548.0,0.09,0.17,0.92,1.81,80.7,2.5,20.77,112.8063,44.54
2020-12-02,,,,,,,,,,,,,,,,,,,,,,,,,0.16,0.95,1.85,,,21.17,112.6115,45.23
2020-12-03,,,,,,,,,,,,,,,,,,,,,,,,,0.16,0.92,1.86,,,21.28,112.0236,45.65
2020-12-04,,,,,,,,,,,,,,,,,,,,,,,,,0.16,0.97,1.89,,,20.79,111.7778,46.23
2020-12-07,,,,,,,,,,,,,,,,,,,,,,,,,0.14,0.94,1.88,,,21.3,111.8385,45.72
2020-12-08,,,,,,,,,,,,,,,,,,,,,,,,,0.14,0.92,1.89,,,20.68,111.8639,45.64
2020-12-09,,,,,,,,,,,,,,,,,,,,,,,,,0.16,0.95,1.91,,,22.27,112.0305,45.48
2020-12-10,,,,,,,,,,,,,,,,,,,,,,,,,0.14,0.92,1.88,,,22.52,111.9788,46.76
2020-12-11,,,,,,,,,,,,,,,,,,,,,,,,,0.11,0.9,1.87,,,23.31,112.1417,46.59
2020-12-14,,,,,,,,,,,,,,,,,,,,,,,,,0.13,0.9,1.88,,,24.72,112.1708,47.02
2020-12-15,,,,,,,,,,,,,,,,,,,,,,,,,0.11,0.92,1.91,,,22.89,111.8601,47.58
2020-12-16,,,,,,,,,,,,,,,,,,,,,,,,,0.13,0.92,1.92,,,22.5,111.7157,47.86
2020-12-17,,,,,,,,,,,,,,,,,,,,,,,,,0.13,0.94,1.94,,,21.93,111.2226,48.34
2020-12-18,,,,,,,,,,,,,,,,,,,,,,,,,0.13,0.95,1.95,,,21.57,111.6071,49.04
2020-12-21,,,,,,,,,,,,,,,,,,,,,,,,,0.13,0.95,1.95,,,25.16,111.9415,47.79
2020-12-22,,,,,,,,,,,,,,,,,,,,,,,,,0.13,0.93,1.94,,,24.23,112.1947,47.02
2020-12-23,,,,,,,,,,,,,,,,,,,,,,,,,0.13,0.96,1.97,,,23.31,111.9807,47.94
2020-12-24,,,,,,,,,,,,,,,,,,,,,,,,,0.13,0.94,1.97,,,21.53,,48.18
2020-12-25,,,,,,,,,,,,,,,,,,,,,,,,,,,,,,,,
2020-12-28,,,,,,,,,,,,,,,,,,,,,,,,,0.13,0.94,1.97,,,21.7,111.9752,47.5
2020-12-29,,,,,,,,,,,,,,,,,,,,,,,,,0.12,0.94,1.96,,,23.08,111.5172,47.85
2020-12-30,,,,,,,,,,,,,,,,,,,,,,,,,0.12,0.93,1.96,,,22.77,111.3084,48.24
2020-12-31,,,,,,,,,,,,,,,,,,,,,,,,,0.13,0.93,1.99,,,22.75,111.3169,48.35
2021-01-01,262.687,261.582,270.387,106.147,106.281,300.382,223.567,252.541,328.535,119.065,153.361,559230.0,507633.0,446473.0,15073.0,14204.7,1863.2,3284.1,9925.7,18194.0,19.5,6.4,142863.0,0.09,,,,79.0,3.0,,,
2021-01-04,,,,,,,,,,,,,,,,,,,,,,,,,0.11,0.93,2.01,,,26.97,111.2075,47.47
2021-01-05,,,,,,,,,,,,,,,,,,,,,,,,,0.13,0.96,2.03,,,25.34,110.9574,49.78
2021-01-06,,,,,,,,,,,,,,,,,,,,,,,,,0.14,1.04,2.06,,,25.07,110.8502,50.45
2021-01-07,,,,,,,,,,,,,,,,,,,,,,,,,0.14,1.08,2.09,,,22.37,111.3042,50.63
2021-01-08,,,,,,,,,,,,,,,,,,,,,,,,,0.14,1.13,2.06,,,21.56,111.2847,52.14
2021-01-11,,,,,,,,,,,,,,,,,,,,,,,,,0.14,1.15,2.06,,,24.08,111.8257,52.15
2021-01-12,,,,,,,,,,,,,,,,,,,,,,,,,0.14,1.15,2.08,,,23.33,111.5501,53.08
2021-01-13,,,,,,,,,,,,,,,,,,,,,,,,,0.14,1.1,2.06,,,22.21,111.3622,52.81
2021-01-14,,,,,,,,,,,,,,,,,,,,,,,,,0.16,1.15,2.09,,,23.25,111.1567,53.47
2021-01-15,,,,,,,,,,,,,,,,,,,,,,,,,0.13,1.11,2.1,,,24.34,111.5106,52.25
2021-01-18,,,,,,,,,,,,,,,,,,,,,,,,,,,,,,,,
2021-01-19,,,,,,,,,,,,,,,,,,,,,,,,,0.14,1.1,2.1,,,23.24,111.4527,52.87
2021-01-20,,,,,,,,,,,,,,,,,,,,,,,,,0.13,1.1,2.12,,,21.58,,53.16
2021-01-21,,,,,,,,,,,,,,,,,,,,,,,,,0.13,1.12,2.1,,,21.32,111.1973,53.0
2021-01-22,,,,,,,,,,,,,,,,,,,,,,,,,0.13,1.1,2.09,,,21.91,111.5516,52.28
2021-01-25,,,,,,,,,,,,,,,,,,,,,,,,,0.13,1.05,2.08,,,23.19,111.8676,52.78
2021-01-26,,,,,,,,,,,,,,,,,,,,,,,,,0.11,1.05,2.08,,,23.02,111.6572,52.61
2021-01-27,,,,,,,,,,,,,,,,,,,,,,,,,0.12,1.04,2.08,,,37.21,112.0782,52.81
2021-01-28,,,,,,,,,,,,,,,,,,,,,,,,,0.12,1.07,2.13,,,30.21,112.0059,52.26
2021-01-29,,,,,,,,,,,,,,,,,,,,,,,,,0.11,1.11,2.13,,,33.09,111.9511,52.16
2021-02-01,263.579,263.014,270.793,106.5,106.501,300.54,234.713,252.822,329.124,118.14,153.647,544891.0,480977.0,436001.0,14983.5,14074.1,1804.0,3235.4,9944.1,16697.3,13.0,6.2,143380.0,0.08,0.11,1.09,2.11,76.8,3.3,30.24,112.4189,53.55
2021-02-02,,,,,,,,,,,,,,,,,,,,,,,,,0.11,1.12,2.15,,,25.56,112.2862,54.77
2021-02-03,,,,,,,,,,,,,,,,,,,,,,,,,0.11,1.15,2.19,,,22.91,112.2567,55.67
2021-02-04,,,,,,,,,,,,,,,,,,,,,,,,,0.11,1.15,2.17,,,21.77,112.7469,56.19
2021-02-05,,,,,,,,,,,,,,,,,,,,,,,,,0.09,1.19,2.21,,,20.87,112.2379,56.8
2021-02-08,,,,,,,,,,,,,,,,,,,,,,,,,0.11,1.19,2.22,,,21.24,112.0428,57.95
2021-02-09,,,,,,,,,,,,,,,,,,,,,,,,,0.11,1.18,2.22,,,21.63,111.7675,58.34
2021-02-10,,,,,,,,,,,,,,,,,,,,,,,,,0.11,1.15,2.21,,,21.99,111.5834,58.69
2021-02-11,,,,,,,,,,,,,,,,,,,,,,,,,0.11,1.16,2.2,,,21.25,111.5272,58.22
2021-02-12,,,,,,,,,,,,,,,,,,,,,,,,,0.11,1.2,2.21,,,19.97,111.4889,59.5
2021-02-15,,,,,,,,,,,,,,,,,,,,,,,,,,,,,,,,
2021-02-16,,,,,,,,,,,,,,,,,,,,,,,,,0.13,1.3,2.24,,,21.46,111.7879,60.07
2021-02-17,,,,,,,,,,,,,,,,,,,,,,,,,0.11,1.29,2.21,,,21.5,112.0204,61.09
2021-02-18,,,,,,,,,,,,,,,,,,,,,,,,,0.11,1.29,2.16,,,22.49,112.1603,60.4
2021-02-19,,,,,,,,,,,,,,,,,,,,,,,,,0.11,1.34,2.14,,,22.05,111.7058,59.12
2021-02-22,,,,,,,,,,,,,,,,,,,,,,,,,0.11,1.37,2.16,,,23.45,111.918,61.67
2021-02-23,,,,,,,,,,,,,,,,,,,,,,,,,0.11,1.37,2.16,,,23.11,111.8981,61.66
2021-02-24,,,,,,,,,,,,,,,,,,,,,,,,,0.12,1.38,2.17,,,21.34,111.7212,63.21
2021-02-25,,,,,,,,,,,,,,,,,,,,,,,,,0.17,1.54,2.14,,,28.89,111.9253,63.43
2021-02-26,,,,,,,,,,,,,,,,,,,,,,,,,0.14,1.44,2.15,,,27.95,112.8306,61.55
2021-03-01,264.961,264.877,271.459,107.054,106.933,300.897,254.403,252.933,329.947,118.484,154.93,603581.0,616389.0,475805.0,15709.7,14680.0,2066.4,3450.2,10193.1,20520.0,26.2,6.1,144232.0,0.07,0.13,1.45,2.16,84.9,3.1,23.35,112.5263,60.54
2021-03-02,,,,,,,,,,,,,,,,,,,,,,,,,0.13,1.42,2.2,,,24.1,112.5342,59.7
2021-03-03,,,,,,,,,,,,,,,,,,,,,,,,,0.14,1.47,2.21,,,26.67,112.7617,61.33
2021-03-04,,,,,,,,,,,,,,,,,,,,,,,,,0.14,1.54,2.2,,,28.57,112.7037,63.81
2021-03-05,,,,,,,,,,,,,,,,,,,,,,,,,0.14,1.56,2.22,,,24.66,113.7487,66.08
2021-03-08,,,,,,,,,,,,,,,,,,,,,,,,,0.17,1.59,2.21,,,25.47,114.2678,65.03
2021-03-09,,,,,,,,,,,,,,,,,,,,,,,,,0.17,1.55,2.21,,,24.03,113.928,64.02
2021-03-10,,,,,,,,,,,,,,,,,,,,,,,,,0.16,1.53,2.26,,,22.56,113.5881,64.45
2021-03-11,,,,,,,,,,,,,,,,,,,,,,,,,0.14,1.54,2.28,,,21.91,112.9214,66.02
2021-03-12,,,,,,,,,,,,,,,,,,,,,,,,,0.14,1.64,2.26,,,20.69,113.0269,65.59
2021-03-15,,,,,,,,,,,,,,,,,,,,,,,,,0.14,1.62,2.27,,,20.03,113.1928,65.36
2021-03-16,,,,,,,,,,,,,,,,,,,,,,,,,0.15,1.62,2.3,,,19.79,112.9839,64.82
2021-03-17,,,,,,,,,,,,,,,,,,,,,,,,,0.13,1.63,2.3,,,19.23,113.1589,64.55
2021-03-18,,,,,,,,,,,,,,,,,,,,,,,,,0.16,1.71,2.27,,,21.58,112.7744,59.95
2021-03-19,,,,,,,,,,,,,,,,,,,,,,,,,0.16,1.74,2.31,,,20.95,112.9756,61.43
2021-03-22,,,,,,,,,,,,,,,,,,,,,,,,,0.15,1.69,2.33,,,18.88,113.0023,61.48
2021-03-23,,,,,,,,,,,,,,,,,,,,,,,,,0.15,1.63,2.29,,,20.3,113.2916,57.75
2021-03-24,,,,,,,,,,,,,,,,,,,,,,,,,0.14,1.62,2.31,,,21.2,113.6565,61.12
2021-03-25,,,,,,,,,,,,,,,,,,,,,,,,,0.14,1.63,2.32,,,19.81,114.0016,58.47
2021-03-26,,,,,,,,,,,,,,,,,,,,,,,,,0.14,1.67,2.34,,,18.86,113.7406,60.93
2021-03-29,,,,,,,,,,,,,,,,,,,,,,,,,0.14,1.73,2.36,,,20.74,113.9314,61.49
2021-03-30,,,,,,,,,,,,,,,,,,,,,,,,,0.16,1.73,2.35,,,19.61,114.203,60.55
2021-03-31,,,,,,,,,,,,,,,,,,,,,,,,,0.16,1.74,2.37,,,19.4,113.8234,59.19
2021-04-01,266.614,267.054,273.66,107.618,107.558,301.819,246.052,254.125,331.208,119.692,168.006,608961.0,612051.0,477995.0,15917.5,14796.0,2107.7,3463.0,10346.9,17420.7,12.4,6.1,144587.0,0.07,0.17,1.69,2.35,88.3,3.4,17.33,113.7389,61.41
2021-04-02,,,,,,,,,,,,,,,,,,,,,,,,,0.19,1.72,2.36,,,,113.7315,
2021-04-05,,,,,,,,,,,,,,,,,,,,,,,,,0.17,1.73,2.35,,,17.91,113.394,58.73
2021-04-06,,,,,,,,,,,,,,,,,,,,,,,,,0.16,1.67,2.32,,,18.12,113.1464,59.34
2021-04-07,,,,,,,,,,,,,,,,,,,,,,,,,0.16,1.68,2.34,,,17.16,113.2436,59.77
2021-04-08,,,,,,,,,,,,,,,,,,,,,,,,,0.14,1.64,2.33,,,16.95,113.0917,59.61
2021-04-09,,,,,,,,,,,,,,,,,,,,,,,,,0.16,1.67,2.31,,,16.69,113.2028,59.29
2021-04-12,,,,,,,,,,,,,,,,,,,,,,,,,0.18,1.69,2.33,,,16.91,113.1815,59.7
2021-04-13,,,,,,,,,,,,,,,,,,,,,,,,,0.16,1.64,2.33,,,16.65,113.0391,60.2
2021-04-14,,,,,,,,,,,,,,,,,,,,,,,,,0.16,1.64,2.33,,,16.99,112.7849,63.15
2021-04-15,,,,,,,,,,,,,,,,,,,,,,,,,0.16,1.56,2.33,,,16.57,112.6181,63.42
2021-04-16,,,,,,,,,,,,,,,,,,,,,,,,,0.16,1.59,2.36,,,16.25,112.4814,63.16
2021-04-19,,,,,,,,,,,,,,,,,,,,,,,,,0.16,1.61,2.34,,,17.29,112.1835,63.33
2021-04-20,,,,,,,,,,,,,,,,,,,,,,,,,0.15,1.58,2.32,,,18.68,112.2354,62.61
2021-04-21,,,,,,,,,,,,,,,,,,,,,,,,,0.15,1.57,2.33,,,17.5,112.1771,61.34
2021-04-22,,,,,,,,,,,,,,,,,,,,,,,,,0.16,1.57,2.33,,,18.71,112.2297,61.45
2021-04-23,,,,,,,,,,,,,,,,,,,,,,,,,0.16,1.58,2.34,,,17.33,112.0889,62.18
2021-04-26,,,,,,,,,,,,,,,,,,,,,,,,,0.18,1.58,2.36,,,17.64,111.8109,62.02
2021-04-27,,,,,,,,,,,,,,,,,,,,,,,,,0.17,1.63,2.39,,,17.56,111.9097,63.03
2021-04-28,,,,,,,,,,,,,,,,,,,,,,,,,0.17,1.63,2.41,,,17.28,111.7909,63.81
2021-04-29,,,,,,,,,,,,,,,,,,,,,,,,,0.16,1.65,2.42,,,17.61,111.7464,65.0
2021-04-30,,,,,,,,,,,,,,,,,,,,,,,,,0.16,1.65,2.41,,,18.61,112.0839,63.5
2021-05-01,268.383,269.195,275.465,108.175,108.099,303.481,249.382,255.043,332.111,120.794,178.929,605282.0,628079.0,477118.0,15973.5,14771.4,2034.1,3466.0,10473.4,16922.4,10.0,5.8,145065.0,0.06,,,,82.9,4.6,,,
2021-05-03,,,,,,,,,,,,,,,,,,,,,,,,,0.16,1.63,2.42,,,18.31,112.005,64.46
2021-05-04,,,,,,,,,,,,,,,,,,,,,,,,,0.16,1.61,2.42,,,19.48,112.2896,65.72
2021-05-05,,,,,,,,,,,,,,,,,,,,,,,,,0.16,1.59,2.47,,,19.15,112.1514,65.63
2021-05-06,,,,,,,,,,,,,,,,,,,,,,,,,0.16,1.58,2.45,,,18.39,111.8401,64.73
2021-05-07,,,,,,,,,,,,,,,,,,,,,,,,,0.14,1.6,2.49,,,16.69,111.0249,64.96
2021-05-10,,,,,,,,,,,,,,,,,,,,,,,,,0.16,1.63,2.54,,,19.66,110.7905,64.92
2021-05-11,,,,,,,,,,,,,,,,,,,,,,,,,0.16,1.64,2.53,,,21.84,110.8921,65.31
2021-05-12,,,,,,,,,,,,,,,,,,,,,,,,,0.16,1.69,2.54,,,27.59,111.5636,65.96
2021-05-13,,,,,,,,,,,,,,,,,,,,,,,,,0.16,1.66,2.51,,,23.13,111.5955,63.82
2021-05-14,,,,,,,,,,,,,,,,,,,,,,,,,0.16,1.63,2.51,,,18.81,111.1353,65.32
2021-05-17,,,,,,,,,,,,,,,,,,,,,,,,,0.16,1.64,2.54,,,19.72,111.079,66.24
2021-05-18,,,,,,,,,,,,,,,,,,,,,,,,,0.16,1.64,2.52,,,21.34,110.8317,65.49
2021-05-19,,,,,,,,,,,,,,,,,,,,,,,,,0.16,1.68,2.48,,,22.18,110.8807,63.28
2021-05-20,,,,,,,,,,,,,,,,,,,,,,,,,0.15,1.63,2.41,,,20.67,110.8605,61.95
2021-05-21,,,,,,,,,,,,,,,,,,,,,,,,,0.17,1.63,2.43,,,20.15,111.0576,63.61
2021-05-24,,,,,,,,,,,,,,,,,,,,,,,,,0.15,1.61,2.44,,,18.4,110.9118,66.13
2021-05-25,,,,,,,,,,,,,,,,,,,,,,,,,0.15,1.56,2.42,,,18.84,110.842,66.27
2021-05-26,,,,,,,,,,,,,,,,,,,,,,,,,0.14,1.58,2.4,,,17.36,110.8677,66.41
2021-05-27,,,,,,,,,,,,,,,,,,,,,,,,,0.14,1.61,2.42,,,16.74,110.8688,66.87
2021-05-28,,,,,,,,,,,,,,,,,,,,,,,,,0.14,1.58,2.42,,,16.76,110.7576,66.31
2021-05-31,,,,,,,,,,,,,,,,,,,,,,,,,,,,,,,,
2021-06-01,270.654,271.696,277.651,108.76,108.603,305.634,256.305,257.058,333.835,121.339,194.846,611950.0,620424.0,486882.0,16191.7,14892.6,2018.7,3543.9,10629.1,16838.1,8.8,5.9,145820.0,0.08,0.16,1.62,2.46,85.5,4.2,17.9,110.5046,67.8
2021-06-02,,,,,,,,,,,,,,,,,,,,,,,,,0.13,1.59,2.44,,,17.48,110.5799,68.79
2021-06-03,,,,,,,,,,,,,,,,,,,,,,,,,0.16,1.63,2.42,,,18.04,111.1782,68.81
2021-06-04,,,,,,,,,,,,,,,,,,,,,,,,,0.14,1.56,2.4,,,16.42,110.7521,69.57
2021-06-07,,,,,,,,,,,,,,,,,,,,,,,,,0.16,1.57,2.39,,,16.42,110.5155,69.21
2021-06-08,,,,,,,,,,,,,,,,,,,,,,,,,0.14,1.53,2.36,,,17.07,110.649,70.11
2021-06-09,,,,,,,,,,,,,,,,,,,,,,,,,0.16,1.5,2.32,,,17.89,110.5707,69.9
2021-06-10,,,,,,,,,,,,,,,,,,,,,,,,,0.14,1.45,2.35,,,16.1,110.5456,70.34
2021-06-11,,,,,,,,,,,,,,,,,,,,,,,,,0.16,1.47,2.32,,,15.65,111.0933,71.0
2021-06-14,,,,,,,,,,,,,,,,,,,,,,,,,0.16,1.51,2.36,,,16.39,110.9659,70.94
2021-06-15,,,,,,,,,,,,,,,,,,,,,,,,,0.16,1.51,2.38,,,17.02,111.3507,72.06
2021-06-16,,,,,,,,,,,,,,,,,,,,,,,,,0.21,1.57,2.32,,,18.15,111.1165,72.03
2021-06-17,,,,,,,,,,,,,,,,,,,,,,,,,0.23,1.52,2.27,,,17.75,112.5772,71.06
2021-06-18,,,,,,,,,,,,,,,,,,,,,,,,,0.26,1.45,2.24,,,20.7,113.0408,71.64
2021-06-21,,,,,,,,,,,,,,,,,,,,,,,,,0.27,1.5,2.25,,,17.89,112.8391,73.64
2021-06-22,,,,,,,,,,,,,,,,,,,,,,,,,0.25,1.48,2.31,,,16.66,112.9174,73.15
2021-06-23,,,,,,,,,,,,,,,,,,,,,,,,,0.26,1.5,2.34,,,16.32,112.3819,73.11
2021-06-24,,,,,,,,,,,,,,,,,,,,,,,,,0.26,1.49,2.3,,,15.97,112.326,73.31
2021-06-25,,,,,,,,,,,,,,,,,,,,,,,,,0.28,1.54,2.34,,,15.62,111.9655,74.21
2021-06-28,,,,,,,,,,,,,,,,,,,,,,,,,0.25,1.49,2.33,,,15.76,112.0248,72.98
2021-06-29,,,,,,,,,,,,,,,,,,,,,,,,,0.27,1.49,2.32,,,16.02,112.2613,73.14
2021-06-30,,,,,,,,,,,,,,,,,,,,,,,,,0.25,1.45,2.32,,,15.83,112.5533,73.52
2021-07-01,271.903,273.003,278.648,109.256,109.058,308.023,260.515,258.491,335.446,121.319,193.734,601817.0,618951.0,481516.0,16239.7,14869.0,1958.7,3502.6,10778.5,16949.3,9.5,5.4,146762.0,0.1,0.25,1.48,2.35,81.2,4.7,15.48,112.74,75.33
2021-07-02,,,,,,,,,,,,,,,,,,,,,,,,,0.24,1.44,2.33,,,15.07,112.5425,75.37
2021-07-05,,,,,,,,,,,,,,,,,,,,,,,,,,,,,,,,
2021-07-06,,,,,,,,,,,,,,,,,,,,,,,,,0.22,1.37,2.31,,,16.44,112.9516,73.62
2021-07-07,,,,,,,,,,,,,,,,,,,,,,,,,0.22,1.33,2.28,,,16.2,113.1048,72.22
2021-07-08,,,,,,,,,,,,,,,,,,,,,,,,,0.19,1.3,2.22,,,19.0,113.0776,72.98
2021-07-09,,,,,,,,,,,,,,,,,,,,,,,,,0.23,1.37,2.28,,,16.18,112.8375,74.56
2021-07-12,,,,,,,,,,,,,,,,,,,,,,,,,0.23,1.38,2.33,,,16.17,112.7611,74.21
2021-07-13,,,,,,,,,,,,,,,,,,,,,,,,,0.26,1.42,2.36,,,17.12,113.0063,75.24
2021-07-14,,,,,,,,,,,,,,,,,,,,,,,,,0.23,1.37,2.34,,,16.33,112.8801,73.06
2021-07-15,,,,,,,,,,,,,,,,,,,,,,,,,0.23,1.31,2.32,,,17.01,113.0041,71.67
2021-07-16,,,,,,,,,,,,,,,,,,,,,,,,,0.25,1.31,2.33,,,18.45,113.0428,71.76
2021-07-19,,,,,,,,,,,,,,,,,,,,,,,,,0.21,1.19,2.24,,,22.5,113.5472,66.45
2021-07-20,,,,,,,,,,,,,,,,,,,,,,,,,0.2,1.23,2.26,,,19.73,113.7502,67.32
2021-07-21,,,,,,,,,,,,,,,,,,,,,,,,,0.22,1.3,2.28,,,17.91,113.3926,70.26
2021-07-22,,,,,,,,,,,,,,,,,,,,,,,,,0.2,1.27,2.28,,,17.69,113.4695,72.15
2021-07-23,,,,,,,,,,,,,,,,,,,,,,,,,0.22,1.3,2.35,,,17.2,113.4398,72.24
2021-07-26,,,,,,,,,,,,,,,,,,,,,,,,,0.22,1.29,2.4,,,17.58,113.2238,72.15
2021-07-27,,,,,,,,,,,,,,,,,,,,,,,,,0.2,1.25,2.38,,,19.36,113.2227,71.68
2021-07-28,,,,,,,,,,,,,,,,,,,,,,,,,0.2,1.26,2.41,,,18.31,113.1807,72.37
2021-07-29,,,,,,,,,,,,,,,,,,,,,,,,,0.2,1.28,2.43,,,17.7,112.4834,73.62
2021-07-30,,,,,,,,,,,,,,,,,,,,,,,,,0.19,1.24,2.4,,,18.24,112.6714,73.93
2021-08-01,272.676,273.567,278.997,109.674,109.409,309.336,266.871,259.613,336.022,121.505,190.066,605533.0,614172.0,488486.0,16412.9,14970.2,1968.0,3561.4,10883.4,16917.1,8.7,5.1,147314.0,0.09,,,,70.3,4.6,,,
2021-08-02,,,,,,,,,,,,,,,,,,,,,,,,,0.17,1.2,2.37,,,19.46,112.6691,71.31
2021-08-03,,,,,,,,,,,,,,,,,,,,,,,,,0.17,1.19,2.38,,,18.04,112.8228,70.64
2021-08-04,,,,,,,,,,,,,,,,,,,,,,,,,0.17,1.19,2.35,,,17.97,112.8953,68.19
2021-08-05,,,,,,,,,,,,,,,,,,,,,,,,,0.21,1.23,2.33,,,17.28,112.7674,69.1
2021-08-06,,,,,,,,,,,,,,,,,,,,,,,,,0.21,1.31,2.37,,,16.15,113.3088,68.26
2021-08-09,,,,,,,,,,,,,,,,,,,,,,,,,0.23,1.33,2.37,,,16.72,113.4521,66.56
2021-08-10,,,,,,,,,,,,,,,,,,,,,,,,,0.24,1.36,2.4,,,16.79,113.4973,68.33
2021-08-11,,,,,,,,,,,,,,,,,,,,,,,,,0.23,1.35,2.42,,,16.06,113.282,69.3
2021-08-12,,,,,,,,,,,,,,,,,,,,,,,,,0.23,1.36,2.41,,,15.59,113.2691,69.12
2021-08-13,,,,,,,,,,,,,,,,,,,,,,,,,0.23,1.29,2.37,,,15.45,113.0615,68.36
2021-08-16,,,,,,,,,,,,,,,,,,,,,,,,,0.21,1.26,2.36,,,16.12,113.1698,67.44
2021-08-17,,,,,,,,,,,,,,,,,,,,,,,,,0.23,1.26,2.33,,,17.91,113.6174,66.5
2021-08-18,,,,,,,,,,,,,,,,,,,,,,,,,0.23,1.27,2.32,,,21.57,113.6959,65.36
2021-08-19,,,,,,,,,,,,,,,,,,,,,,,,,0.22,1.24,2.28,,,21.67,114.1106,63.69
2021-08-20,,,,,,,,,,,,,,,,,,,,,,,,,0.23,1.26,2.27,,,18.56,114.5009,62.25
2021-08-23,,,,,,,,,,,,,,,,,,,,,,,,,0.23,1.25,2.27,,,17.15,113.9418,65.65
2021-08-24,,,,,,,,,,,,,,,,,,,,,,,,,0.24,1.29,2.3,,,17.22,113.6795,67.5
2021-08-25,,,,,,,,,,,,,,,,,,,,,,,,,0.23,1.35,2.35,,,16.79,113.6322,68.54
2021-08-26,,,,,,,,,,,,,,,,,,,,,,,,,0.25,1.34,2.33,,,18.84,113.7883,67.42
2021-08-27,,,,,,,,,,,,,,,,,,,,,,,,,0.22,1.31,2.39,,,16.39,113.3404,68.84
2021-08-30,,,,,,,,,,,,,,,,,,,,,,,,,0.2,1.29,2.37,,,16.19,113.246,69.28
2021-08-31,,,,,,,,,,,,,,,,,,,,,,,,,0.2,1.3,2.33,,,16.48,113.1076,68.43
2021-09-01,273.91,274.31,279.698,110.034,109.641,310.996,273.26,262.459,337.357,121.051,190.308,609671.0,589735.0,491553.0,16489.6,14990.6,1962.9,3581.0,10945.7,16728.5,7.6,4.7,147771.0,0.08,0.2,1.31,2.34,72.8,4.6,16.11,112.8732,68.63
2021-09-02,,,,,,,,,,,,,,,,,,,,,,,,,0.2,1.29,2.32,,,16.41,112.7863,70.07
2021-09-03,,,,,,,,,,,,,,,,,,,,,,,,,0.21,1.33,2.34,,,16.41,112.5476,69.34
2021-09-06,,,,,,,,,,,,,,,,,,,,,,,,,,,,,,,,
2021-09-07,,,,,,,,,,,,,,,,,,,,,,,,,0.22,1.38,2.36,,,18.14,112.9795,68.49
2021-09-08,,,,,,,,,,,,,,,,,,,,,,,,,0.22,1.35,2.38,,,17.96,113.2319,69.36
2021-09-09,,,,,,,,,,,,,,,,,,,,,,,,,0.23,1.3,2.38,,,18.8,113.043,68.26
2021-09-10,,,,,,,,,,,,,,,,,,,,,,,,,0.23,1.35,2.4,,,20.95,112.9425,69.82
2021-09-13,,,,,,,,,,,,,,,,,,,,,,,,,0.21,1.33,2.37,,,19.37,113.0341,70.54
2021-09-14,,,,,,,,,,,,,,,,,,,,,,,,,0.21,1.28,2.33,,,19.46,113.0061,70.53
2021-09-15,,,,,,,,,,,,,,,,,,,,,,,,,0.21,1.31,2.35,,,18.18,112.9773,72.59
2021-09-16,,,,,,,,,,,,,,,,,,,,,,,,,0.23,1.34,2.35,,,18.69,113.3036,72.69
2021-09-17,,,,,,,,,,,,,,,,,,,,,,,,,0.23,1.37,2.33,,,20.81,113.5989,72.09
2021-09-20,,,,,,,,,,,,,,,,,,,,,,,,,0.23,1.31,2.29,,,25.71,113.9422,70.41
2021-09-21,,,,,,,,,,,,,,,,,,,,,,,,,0.22,1.33,2.29,,,24.36,113.8179,70.51
2021-09-22,,,,,,,,,,,,,,,,,,,,,,,,,0.25,1.32,2.28,,,20.87,113.6223,72.37
2021-09-23,,,,,,,,,,,,,,,,,,,,,,,,,0.27,1.41,2.31,,,18.63,113.513,73.43
2021-09-24,,,,,,,,,,,,,,,,,,,,,,,,,0.29,1.47,2.34,,,17.75,113.7597,74.18
2021-09-27,,,,,,,,,,,,,,,,,,,,,,,,,0.31,1.48,2.35,,,18.76,113.7432,75.54
2021-09-28,,,,,,,,,,,,,,,,,,,,,,,,,0.31,1.54,2.38,,,23.25,114.2469,75.44
2021-09-29,,,,,,,,,,,,,,,,,,,,,,,,,0.3,1.55,2.37,,,22.56,114.7092,75.06
2021-09-30,,,,,,,,,,,,,,,,,,,,,,,,,0.28,1.52,2.37,,,23.14,114.6403,75.22
2021-10-01,276.55,276.589,281.668,110.762,110.188,313.592,286.527,265.084,338.948,122.57,197.214,618573.0,616909.0,498558.0,16704.2,15085.5,2036.7,3635.7,11031.9,16733.5,7.0,4.5,148572.0,0.08,0.27,1.48,2.38,71.7,4.8,21.15,114.3798,76.01
2021-10-04,,,,,,,,,,,,,,,,,,,,,,,,,0.27,1.49,2.38,,,22.96,114.2739,77.68
2021-10-05,,,,,,,,,,,,,,,,,,,,,,,,,0.28,1.54,2.45,,,21.3,114.3654,79.17
2021-10-06,,,,,,,,,,,,,,,,,,,,,,,,,0.3,1.53,2.43,,,21.0,114.7185,77.66
2021-10-07,,,,,,,,,,,,,,,,,,,,,,,,,0.32,1.58,2.46,,,19.54,114.5044,78.46
2021-10-08,,,,,,,,,,,,,,,,,,,,,,,,,0.32,1.61,2.5,,,18.77,114.5986,79.55
2021-10-11,,,,,,,,,,,,,,,,,,,,,,,,,,,,,,20.0,,80.64
2021-10-12,,,,,,,,,,,,,,,,,,,,,,,,,0.35,1.59,2.49,,,19.85,114.7542,80.75
2021-10-13,,,,,,,,,,,,,,,,,,,,,,,,,0.37,1.56,2.52,,,18.64,114.4705,80.67
2021-10-14,,,,,,,,,,,,,,,,,,,,,,,,,0.36,1.52,2.52,,,16.86,114.2053,81.43
2021-10-15,,,,,,,,,,,,,,,,,,,,,,,,,0.41,1.59,2.56,,,16.3,114.0905,82.39
2021-10-18,,,,,,,,,,,,,,,,,,,,,,,,,0.44,1.59,2.54,,,16.31,113.9899,82.62
2021-10-19,,,,,,,,,,,,,,,,,,,,,,,,,0.41,1.65,2.54,,,15.7,113.647,83.19
2021-10-20,,,,,,,,,,,,,,,,,,,,,,,,,0.4,1.65,2.57,,,15.49,113.5083,84.4
2021-10-21,,,,,,,,,,,,,,,,,,,,,,,,,0.45,1.68,2.64,,,15.01,113.6188,82.64
2021-10-22,,,,,,,,,,,,,,,,,,,,,,,,,0.48,1.66,2.64,,,15.43,113.67,84.53
2021-10-25,,,,,,,,,,,,,,,,,,,,,,,,,0.47,1.64,2.66,,,15.24,113.605,84.64
2021-10-26,,,,,,,,,,,,,,,,,,,,,,,,,0.47,1.63,2.69,,,15.98,113.674,85.64
2021-10-27,,,,,,,,,,,,,,,,,,,,,,,,,0.5,1.54,2.65,,,16.98,113.6218,82.66
2021-10-28,,,,,,,,,,,,,,,,,,,,,,,,,0.5,1.57,2.57,,,16.53,113.4389,82.78
2021-10-29,,,,,,,,,,,,,,,,,,,,,,,,,0.48,1.55,2.51,,,16.26,114.1349,83.5
2021-11-01,278.919,277.948,283.406,111.5,110.77,315.481,305.127,267.473,340.544,123.61,203.485,624874.0,632541.0,502877.0,16849.8,15115.9,2049.0,3684.7,11116.2,16686.4,6.6,4.1,149230.0,0.08,0.5,1.58,2.5,67.4,4.9,16.41,114.2067,84.08
2021-11-02,,,,,,,,,,,,,,,,,,,,,,,,,0.46,1.56,2.51,,,16.03,114.2847,83.91
2021-11-03,,,,,,,,,,,,,,,,,,,,,,,,,0.47,1.6,2.53,,,15.1,114.3593,80.82
2021-11-04,,,,,,,,,,,,,,,,,,,,,,,,,0.41,1.53,2.56,,,15.44,114.3558,78.88
2021-11-05,,,,,,,,,,,,,,,,,,,,,,,,,0.39,1.45,2.54,,,16.48,114.0732,81.25
2021-11-08,,,,,,,,,,,,,,,,,,,,,,,,,0.45,1.51,2.62,,,17.22,113.8256,81.96
2021-11-09,,,,,,,,,,,,,,,,,,,,,,,,,0.41,1.46,2.63,,,17.78,113.762,84.12
2021-11-10,,,,,,,,,,,,,,,,,,,,,,,,,0.51,1.56,2.7,,,18.73,114.1484,81.23
2021-11-11,,,,,,,,,,,,,,,,,,,,,,,,,,,,,,17.66,,81.47
2021-11-12,,,,,,,,,,,,,,,,,,,,,,,,,0.53,1.58,2.73,,,16.29,114.5144,80.87
2021-11-15,,,,,,,,,,,,,,,,,,,,,,,,,0.53,1.63,2.76,,,16.49,114.5876,80.85
2021-11-16,,,,,,,,,,,,,,,,,,,,,,,,,0.54,1.63,2.73,,,16.37,115.136,80.76
2021-11-17,,,,,,,,,,,,,,,,,,,,,,,,,0.52,1.6,2.7,,,17.11,115.0263,78.32
2021-11-18,,,,,,,,,,,,,,,,,,,,,,,,,0.52,1.59,2.73,,,17.59,115.0678,78.92
2021-11-19,,,,,,,,,,,,,,,,,,,,,,,,,0.52,1.54,2.65,,,17.91,115.2187,76.11
2021-11-22,,,,,,,,,,,,,,,,,,,,,,,,,0.63,1.63,2.61,,,19.17,115.6481,76.74
2021-11-23,,,,,,,,,,,,,,,,,,,,,,,,,0.6,1.67,2.62,,,19.38,116.0118,78.32
2021-11-24,,,,,,,,,,,,,,,,,,,,,,,,,0.64,1.64,2.61,,,18.58,116.2711,78.32
2021-11-25,,,,,,,,,,,,,,,,,,,,,,,,,,,,,,,,
2021-11-26,,,,,,,,,,,,,,,,,,,,,,,,,0.5,1.48,2.55,,,28.62,116.5103,
2021-11-29,,,,,,,,,,,,,,,,,,,,,,,,,0.51,1.52,2.54,,,22.96,116.581,69.88
2021-11-30,,,,,,,,,,,,,,,,,,,,,,,,,0.52,1.43,2.5,,,27.19,116.2071,66.14
2021-12-01,280.845,278.802,285.18,112.191,111.418,317.372,313.591,268.985,341.931,124.753,211.728,619938.0,687531.0,501176.0,16891.0,15059.2,2033.1,3683.1,11174.8,16610.8,6.6,3.9,149816.0,0.08,0.56,1.43,2.44,70.6,4.8,31.12,115.889,65.44
2021-12-02,,,,,,,,,,,,,,,,,,,,,,,,,0.63,1.44,2.47,,,27.95,116.018,66.6
2021-12-03,,,,,,,,,,,,,,,,,,,,,,,,,0.6,1.35,2.43,,,30.67,116.2377,66.39
2021-12-06,,,,,,,,,,,,,,,,,,,,,,,,,0.65,1.43,2.44,,,27.18,116.1538,69.62
2021-12-07,,,,,,,,,,,,,,,,,,,,,,,,,0.7,1.48,2.47,,,21.89,115.8555,71.94
2021-12-08,,,,,,,,,,,,,,,,,,,,,,,,,0.68,1.52,2.52,,,19.9,115.4418,72.43
2021-12-09,,,,,,,,,,,,,,,,,,,,,,,,,0.7,1.49,2.47,,,21.58,115.7784,70.87
2021-12-10,,,,,,,,,,,,,,,,,,,,,,,,,0.67,1.48,2.44,,,18.69,115.5732,71.71
2021-12-13,,,,,,,,,,,,,,,,,,,,,,,,,0.66,1.42,2.4,,,20.31,115.842,71.19
2021-12-14,,,,,,,,,,,,,,,,,,,,,,,,,0.67,1.44,2.37,,,21.89,116.2397,70.57
2021-12-15,,,,,,,,,,,,,,,,,,,,,,,,,0.69,1.47,2.39,,,19.29,116.4219,70.89
2021-12-16,,,,,,,,,,,,,,,,,,,,,,,,,0.64,1.44,2.42,,,20.57,115.7146,72.34
2021-12-17,,,,,,,,,,,,,,,,,,,,,,,,,0.66,1.41,2.38,,,21.57,115.791,70.93
2021-12-20,,,,,,,,,,,,,,,,,,,,,,,,,0.65,1.43,2.39,,,22.87,116.0092,68.69
2021-12-21,,,,,,,,,,,,,,,,,,,,,,,,,0.7,1.48,2.44,,,21.01,116.1089,71.1
2021-12-22,,,,,,,,,,,,,,,,,,,,,,,,,0.68,1.46,2.47,,,18.63,115.7485,72.82
2021-12-23,,,,,,,,,,,,,,,,,,,,,,,,,0.71,1.5,2.47,,,17.96,115.5337,73.89
2021-12-24,,,,,,,,,,,,,,,,,,,,,,,,,,,,,,,,
2021-12-27,,,,,,,,,,,,,,,,,,,,,,,,,0.76,1.48,2.5,,,17.68,115.4684,75.49
2021-12-28,,,,,,,,,,,,,,,,,,,,,,,,,0.74,1.49,2.5,,,17.54,115.4192,76.01
2021-12-29,,,,,,,,,,,,,,,,,,,,,,,,,0.75,1.55,2.53,,,16.95,115.3678,76.58
2021-12-30,,,,,,,,,,,,,,,,,,,,,,,,,0.73,1.52,2.58,,,17.33,115.283,76.83
2021-12-31,,,,,,,,,,,,,,,,,,,,,,,,,0.73,1.52,2.56,,,17.22,,75.33
2022-01-01,282.543,281.148,286.757,112.805,111.976,319.471,312.894,271.176,342.858,125.476,215.494,631509.0,571405.0,504428.0,16993.8,15067.8,2099.8,3702.5,11191.5,16206.1,4.2,4.0,150006.0,0.08,,,,67.2,4.9,,,
2022-01-03,,,,,,,,,,,,,,,,,,,,,,,,,0.78,1.63,2.6,,,16.6,115.4101,75.99
2022-01-04,,,,,,,,,,,,,,,,,,,,,,,,,0.77,1.66,2.57,,,16.91,115.3103,77.0
2022-01-05,,,,,,,,,,,,,,,,,,,,,,,,,0.83,1.71,2.53,,,19.73,115.137,77.83
2022-01-06,,,,,,,,,,,,,,,,,,,,,,,,,0.88,1.73,2.46,,,19.61,115.4046,79.47
2022-01-07,,,,,,,,,,,,,,,,,,,,,,,,,0.87,1.76,2.48,,,18.76,115.0451,79.0
2022-01-10,,,,,,,,,,,,,,,,,,,,,,,,,0.92,1.78,2.48,,,19.4,115.2216,78.11
2022-01-11,,,,,,,,,,,,,,,,,,,,,,,,,0.9,1.75,2.54,,,18.41,114.8332,81.17
2022-01-12,,,,,,,,,,,,,,,,,,,,,,,,,0.92,1.74,2.48,,,17.62,114.355,82.51
2022-01-13,,,,,,,,,,,,,,,,,,,,,,,,,0.91,1.7,2.43,,,20.31,114.177,81.97
2022-01-14,,,,,,,,,,,,,,,,,,,,,,,,,0.99,1.78,2.44,,,19.19,114.3825,83.82
2022-01-17,,,,,,,,,,,,,,,,,,,,,,,,,,,,,,,,
2022-01-18,,,,,,,,,,,,,,,,,,,,,,,,,1.06,1.87,2.46,,,22.79,114.7373,85.42
2022-01-19,,,,,,,,,,,,,,,,,,,,,,,,,1.04,1.83,2.4,,,23.85,114.6109,86.84
2022-01-20,,,,,,,,,,,,,,,,,,,,,,,,,1.08,1.83,2.33,,,25.59,114.4642,86.29
2022-01-21,,,,,,,,,,,,,,,,,,,,,,,,,1.01,1.75,2.34,,,28.85,114.6125,85.16
2022-01-24,,,,,,,,,,,,,,,,,,,,,,,,,0.99,1.75,2.38,,,29.9,115.2034,84.48
2022-01-25,,,,,,,,,,,,,,,,,,,,,,,,,1.02,1.78,2.41,,,31.16,115.1654,86.61
2022-01-26,,,,,,,,,,,,,,,,,,,,,,,,,1.13,1.85,2.38,,,31.96,115.0922,88.33
2022-01-27,,,,,,,,,,,,,,,,,,,,,,,,,1.18,1.81,2.4,,,30.49,115.978,87.61
2022-01-28,,,,,,,,,,,,,,,,,,,,,,,,,1.15,1.78,2.44,,,27.66,116.0393,87.67
2022-01-31,,,,,,,,,,,,,,,,,,,,,,,,,1.18,1.79,2.44,,,24.83,115.566,89.16
2022-02-01,284.5,283.716,288.273,113.471,112.468,320.88,323.33,274.728,344.705,125.997,216.876,638101.0,564376.0,510871.0,17106.0,15077.9,2066.9,3740.0,11299.1,16207.6,4.1,3.9,150825.0,0.08,1.18,1.81,2.43,62.8,4.9,21.96,115.3685,88.22
2022-02-02,,,,,,,,,,,,,,,,,,,,,,,,,1.16,1.78,2.41,,,22.09,115.1538,88.16
2022-02-03,,,,,,,,,,,,,,,,,,,,,,,,,1.19,1.82,2.38,,,24.35,114.9065,90.17
2022-02-04,,,,,,,,,,,,,,,,,,,,,,,,,1.31,1.93,2.41,,,23.22,115.1362,92.27
2022-02-07,,,,,,,,,,,,,,,,,,,,,,,,,1.3,1.92,2.4,,,22.86,115.0098,91.25
2022-02-08,,,,,,,,,,,,,,,,,,,,,,,,,1.35,1.96,2.42,,,21.44,115.0892,89.32
2022-02-09,,,,,,,,,,,,,,,,,,,,,,,,,1.36,1.94,2.42,,,19.96,114.8232,89.57
2022-02-10,,,,,,,,,,,,,,,,,,,,,,,,,1.61,2.03,2.45,,,23.91,114.5527,89.83
2022-02-11,,,,,,,,,,,,,,,,,,,,,,,,,1.5,1.92,2.43,,,27.36,114.8413,93.1
2022-02-14,,,,,,,,,,,,,,,,,,,,,,,,,1.58,1.98,2.48,,,28.33,115.1946,95.52
2022-02-15,,,,,,,,,,,,,,,,,,,,,,,,,1.58,2.05,2.48,,,25.7,114.93,92.07
2022-02-16,,,,,,,,,,,,,,,,,,,,,,,,,1.52,2.03,2.46,,,24.29,114.6886,93.83
2022-02-17,,,,,,,,,,,,,,,,,,,,,,,,,1.49,1.97,2.43,,,28.11,114.6755,91.78
2022-02-18,,,,,,,,,,,,,,,,,,,,,,,,,1.47,1.92,2.41,,,27.75,114.7982,91.26
2022-02-21,,,,,,,,,,,,,,,,,,,,,,,,,,,,,,,,
2022-02-22,,,,,,,,,,,,,,,,,,,,,,,,,1.56,1.94,2.45,,,28.81,114.7002,92.11
2022-02-23,,,,,,,,,,,,,,,,,,,,,,,,,1.58,1.99,2.53,,,31.02,114.6668,92.14
2022-02-24,,,,,,,,,,,,,,,,,,,,,,,,,1.54,1.96,2.55,,,30.32,115.9419,92.77
2022-02-25,,,,,,,,,,,,,,,,,,,,,,,,,1.55,1.97,2.54,,,27.59,115.2577,91.68
2022-02-28,,,,,,,,,,,,,,,,,,,,,,,,,1.44,1.83,2.62,,,30.15,115.2224,96.13
2022-03-01,287.674,287.504,289.056,114.469,112.914,321.689,375.953,278.333,346.396,126.443,209.646,651027.0,663886.0,525362.0,17347.2,15156.8,2084.5,3836.3,11426.5,16127.2,3.2,3.7,151315.0,0.2,1.31,1.72,2.62,59.4,5.4,33.32,115.7962,103.66
2022-03-02,,,,,,,,,,,,,,,,,,,,,,,,,1.5,1.86,2.71,,,30.74,115.7623,110.74
2022-03-03,,,,,,,,,,,,,,,,,,,,,,,,,1.53,1.86,2.69,,,30.48,115.9495,107.69
2022-03-04,,,,,,,,,,,,,,,,,,,,,,,,,1.5,1.74,2.67,,,31.98,116.6503,115.77
2022-03-07,,,,,,,,,,,,,,,,,,,,,,,,,1.55,1.78,2.77,,,36.45,117.3278,119.26
2022-03-08,,,,,,,,,,,,,,,,,,,,,,,,,1.63,1.86,2.9,,,35.13,117.6176,123.64
2022-03-09,,,,,,,,,,,,,,,,,,,,,,,,,1.68,1.94,2.84,,,32.45,116.5961,108.81
2022-03-10,,,,,,,,,,,,,,,,,,,,,,,,,1.72,1.98,2.86,,,30.23,116.7401,105.93
2022-03-11,,,,,,,,,,,,,,,,,,,,,,,,,1.75,2.0,2.94,,,30.75,117.0192,109.31
2022-03-14,,,,,,,,,,,,,,,,,,,,,,,,,1.87,2.14,2.93,,,31.77,117.1506,103.22
2022-03-15,,,,,,,,,,,,,,,,,,,,,,,,,1.85,2.15,2.84,,,29.83,117.246,96.42
2022-03-16,,,,,,,,,,,,,,,,,,,,,,,,,1.95,2.19,2.8,,,26.67,116.8073,94.85
2022-03-17,,,,,,,,,,,,,,,,,,,,,,,,,1.94,2.2,2.91,,,25.67,116.0467,102.97
2022-03-18,,,,,,,,,,,,,,,,,,,,,,,,,1.97,2.14,2.86,,,23.87,116.1378,104.69
2022-03-21,,,,,,,,,,,,,,,,,,,,,,,,,2.14,2.32,2.9,,,23.53,115.9398,112.14
2022-03-22,,,,,,,,,,,,,,,,,,,,,,,,,2.18,2.38,2.91,,,22.94,116.0824,111.03
2022-03-23,,,,,,,,,,,,,,,,,,,,,,,,,2.13,2.32,2.94,,,23.57,116.005,114.89
2022-03-24,,,,,,,,,,,,,,,,,,,,,,,,,2.13,2.34,2.92,,,21.67,115.9599,114.2
2022-03-25,,,,,,,,,,,,,,,,,,,,,,,,,2.3,2.48,2.95,,,20.81,115.7921,116.2
2022-03-28,,,,,,,,,,,,,,,,,,,,,,,,,2.35,2.46,2.95,,,19.63,116.1911,107.55
2022-03-29,,,,,,,,,,,,,,,,,,,,,,,,,2.35,2.41,2.86,,,18.9,115.5679,104.25
2022-03-30,,,,,,,,,,,,,,,,,,,,,,,,,2.31,2.35,2.86,,,19.33,115.0818,107.81
2022-03-31,,,,,,,,,,,,,,,,,,,,,,,,,2.28,2.32,2.84,,,20.56,115.2218,100.53
2022-04-01,288.561,289.109,290.514,114.812,113.307,323.559,352.96,281.593,348.23,126.098,206.194,660194.0,663353.0,532203.0,17490.0,15235.4,2118.0,3834.8,11537.2,16125.5,2.6,3.7,151623.0,0.33,2.44,2.39,2.8,65.2,5.4,19.63,115.4814,99.32
2022-04-04,,,,,,,,,,,,,,,,,,,,,,,,,2.43,2.42,2.8,,,18.57,115.4112,103.29
2022-04-05,,,,,,,,,,,,,,,,,,,,,,,,,2.51,2.54,2.84,,,21.03,115.73,101.98
2022-04-06,,,,,,,,,,,,,,,,,,,,,,,,,2.5,2.61,2.83,,,22.1,115.9995,96.39
2022-04-07,,,,,,,,,,,,,,,,,,,,,,,,,2.47,2.66,2.82,,,21.55,116.3512,96.05
2022-04-08,,,,,,,,,,,,,,,,,,,,,,,,,2.53,2.72,2.87,,,21.16,116.4176,98.35
2022-04-11,,,,,,,,,,,,,,,,,,,,,,,,,2.5,2.79,2.91,,,24.37,116.5401,94.22
2022-04-12,,,,,,,,,,,,,,,,,,,,,,,,,2.39,2.72,2.86,,,24.26,116.3866,100.52
2022-04-13,,,,,,,,,,,,,,,,,,,,,,,,,2.37,2.7,2.8,,,21.82,116.2796,104.26
2022-04-14,,,,,,,,,,,,,,,,,,,,,,,,,2.47,2.83,2.89,,,22.7,116.7558,106.84
2022-04-15,,,,,,,,,,,,,,,,,,,,,,,,,,,,,,,116.7017,
2022-04-18,,,,,,,,,,,,,,,,,,,,,,,,,2.46,2.85,2.92,,,22.17,116.8441,108.24
2022-04-19,,,,,,,,,,,,,,,,,,,,,,,,,2.61,2.93,2.93,,,21.37,117.1324,102.54
2022-04-20,,,,,,,,,,,,,,,,,,,,,,,,,2.6,2.85,2.92,,,20.32,116.7306,102.56
2022-04-21,,,,,,,,,,,,,,,,,,,,,,,,,2.68,2.9,3.02,,,22.68,117.1432,103.89
2022-04-22,,,,,,,,,,,,,,,,,,,,,,,,,2.72,2.9,2.98,,,28.21,118.0186,102.86
2022-04-25,,,,,,,,,,,,,,,,,,,,,,,,,2.63,2.81,2.91,,,27.02,118.6271,99.6
2022-04-26,,,,,,,,,,,,,,,,,,,,,,,,,2.54,2.77,2.85,,,33.52,118.9624,102.62
2022-04-27,,,,,,,,,,,,,,,,,,,,,,,,,2.58,2.82,2.88,,,31.6,119.4708,101.96
2022-04-28,,,,,,,,,,,,,,,,,,,,,,,,,2.63,2.85,2.97,,,29.99,120.0675,105.47
2022-04-29,,,,,,,,,,,,,,,,,,,,,,,,,2.7,2.89,2.88,,,33.4,119.4933,104.59
2022-05-01,291.298,292.296,292.063,115.525,113.703,325.952,371.34,285.522,350.204,126.693,207.673,659847.0,685755.0,536643.0,17574.5,15214.1,2062.6,3892.8,11619.1,16103.0,2.6,3.6,151924.0,0.77,,,,58.4,5.3,,,
2022-05-02,,,,,,,,,,,,,,,,,,,,,,,,,2.73,2.99,2.81,,,32.34,119.8825,105.18
2022-05-03,,,,,,,,,,,,,,,,,,,,,,,,,2.78,2.97,2.83,,,29.25,119.7043,102.53
2022-05-04,,,,,,,,,,,,,,,,,,,,,,,,,2.66,2.93,2.86,,,25.42,119.5592,107.84
2022-05-05,,,,,,,,,,,,,,,,,,,,,,,,,2.71,3.05,2.87,,,31.2,120.0068,108.17
2022-05-06,,,,,,,,,,,,,,,,,,,,,,,,,2.72,3.12,2.86,,,30.19,119.8577,109.72
2022-05-09,,,,,,,,,,,,,,,,,,,,,,,,,2.61,3.05,2.75,,,34.75,120.4972,103.08
2022-05-10,,,,,,,,,,,,,,,,,,,,,,,,,2.62,2.99,2.65,,,32.99,120.7742,99.74
2022-05-11,,,,,,,,,,,,,,,,,,,,,,,,,2.66,2.91,2.7,,,32.56,120.3925,105.5
2022-05-12,,,,,,,,,,,,,,,,,,,,,,,,,2.56,2.84,2.59,,,31.77,121.2796,106.15
2022-05-13,,,,,,,,,,,,,,,,,,,,,,,,,2.61,2.93,2.69,,,28.87,120.8442,110.52
2022-05-16,,,,,,,,,,,,,,,,,,,,,,,,,2.58,2.88,2.68,,,27.47,120.6881,114.07
2022-05-17,,,,,,,,,,,,,,,,,,,,,,,,,2.71,2.98,2.71,,,26.1,119.8871,112.31
2022-05-18,,,,,,,,,,,,,,,,,,,,,,,,,2.68,2.89,2.72,,,30.96,120.0274,109.67
2022-05-19,,,,,,,,,,,,,,,,,,,,,,,,,2.63,2.84,2.59,,,29.35,119.4278,112.21
2022-05-20,,,,,,,,,,,,,,,,,,,,,,,,,2.6,2.78,2.55,,,29.43,119.3677,112.63
2022-05-23,,,,,,,,,,,,,,,,,,,,,,,,,2.65,2.86,2.6,,,28.48,118.7169,110.32
2022-05-24,,,,,,,,,,,,,,,,,,,,,,,,,2.5,2.76,2.55,,,29.45,118.6245,112.55
2022-05-25,,,,,,,,,,,,,,,,,,,,,,,,,2.48,2.75,2.56,,,28.37,118.9598,112.88
2022-05-26,,,,,,,,,,,,,,,,,,,,,,,,,2.46,2.75,2.62,,,27.5,118.7687,116.19
2022-05-27,,,,,,,,,,,,,,,,,,,,,,,,,2.47,2.74,2.63,,,25.72,118.2834,114.96
2022-05-30,,,,,,,,,,,,,,,,,,,,,,,,,,,,,,26.54,,
2022-05-31,,,,,,,,,,,,,,,,,,,,,,,,,2.53,2.85,2.64,,,26.19,118.0704,114.38
2022-06-01,294.957,296.311,294.05,116.638,114.376,329.033,409.671,288.568,352.616,127.432,208.687,666113.0,676507.0,541528.0,17755.2,15223.6,2068.5,3965.6,11721.1,16062.9,2.2,3.6,152358.0,1.21,2.66,2.94,2.65,50.0,5.3,25.69,118.6954,115.26
2022-06-02,,,,,,,,,,,,,,,,,,,,,,,,,2.65,2.92,2.66,,,24.72,118.0658,116.88
2022-06-03,,,,,,,,,,,,,,,,,,,,,,,,,2.66,2.96,2.74,,,24.79,118.2153,118.97
2022-06-06,,,,,,,,,,,,,,,,,,,,,,,,,2.73,3.04,2.76,,,25.07,118.3081,118.41
2022-06-07,,,,,,,,,,,,,,,,,,,,,,,,,2.75,2.98,2.73,,,24.02,118.4414,119.55
2022-06-08,,,,,,,,,,,,,,,,,,,,,,,,,2.78,3.03,2.75,,,23.96,118.3951,121.94
2022-06-09,,,,,,,,,,,,,,,,,,,,,,,,,2.83,3.04,2.75,,,26.09,118.9226,121.52
2022-06-10,,,,,,,,,,,,,,,,,,,,,,,,,3.06,3.15,2.76,,,27.75,119.9981,120.73
2022-06-13,,,,,,,,,,,,,,,,,,,,,,,,,3.4,3.43,2.74,,,34.02,121.1523,120.92
2022-06-14,,,,,,,,,,,,,,,,,,,,,,,,,3.45,3.49,2.6,,,32.69,121.6669,118.92
2022-06-15,,,,,,,,,,,,,,,,,,,,,,,,,3.2,3.33,2.7,,,29.62,121.6403,115.32
2022-06-16,,,,,,,,,,,,,,,,,,,,,,,,,3.14,3.28,2.62,,,32.95,120.6714,117.56
2022-06-17,,,,,,,,,,,,,,,,,,,,,,,,,3.17,3.25,2.58,,,31.13,121.2369,109.56
2022-06-20,,,,,,,,,,,,,,,,,,,,,,,,,,,,,,31.03,,
2022-06-21,,,,,,,,,,,,,,,,,,,,,,,,,3.21,3.31,2.61,,,30.19,120.6427,110.49
2022-06-22,,,,,,,,,,,,,,,,,,,,,,,,,3.06,3.16,2.54,,,28.95,120.5197,106.22
2022-06-23,,,,,,,,,,,,,,,,,,,,,,,,,3.01,3.09,2.5,,,29.05,120.7622,105.75
2022-06-24,,,,,,,,,,,,,,,,,,,,,,,,,3.04,3.13,2.56,,,27.23,120.4853,109.07
2022-06-27,,,,,,,,,,,,,,,,,,,,,,,,,3.08,3.2,2.55,,,26.95,120.1736,111.44
2022-06-28,,,,,,,,,,,,,,,,,,,,,,,,,3.1,3.2,2.48,,,28.36,120.62,113.66
2022-06-29,,,,,,,,,,,,,,,,,,,,,,,,,3.06,3.1,2.36,,,28.16,120.9616,111.65
2022-06-30,,,,,,,,,,,,,,,,,,,,,,,,,2.92,2.98,2.33,,,28.71,120.9652,107.76
2022-07-01,294.913,296.276,295.088,116.631,114.628,331.342,375.422,292.455,354.68,127.394,206.552,659550.0,668681.0,537880.0,17770.1,15237.1,2072.3,3893.3,11804.4,16270.4,3.3,3.5,153072.0,1.68,2.84,2.88,2.34,51.5,5.2,26.7,121.5058,110.3
2022-07-04,,,,,,,,,,,,,,,,,,,,,,,,,,,,,,27.53,,
2022-07-05,,,,,,,,,,,,,,,,,,,,,,,,,2.82,2.82,2.3,,,27.54,122.6203,101.55
2022-07-06,,,,,,,,,,,,,,,,,,,,,,,,,2.97,2.93,2.29,,,26.73,123.0073,100.31
2022-07-07,,,,,,,,,,,,,,,,,,,,,,,,,3.03,3.01,2.33,,,26.08,122.7257,104.62
2022-07-08,,,,,,,,,,,,,,,,,,,,,,,,,3.12,3.09,2.37,,,24.64,122.4662,106.78
2022-07-11,,,,,,,,,,,,,,,,,,,,,,,,,3.07,2.99,2.32,,,26.17,123.2974,106.09
2022-07-12,,,,,,,,,,,,,,,,,,,,,,,,,3.03,2.96,2.32,,,27.29,123.4524,97.69
2022-07-13,,,,,,,,,,,,,,,,,,,,,,,,,3.13,2.91,2.31,,,26.82,123.2834,98.44
2022-07-14,,,,,,,,,,,,,,,,,,,,,,,,,3.15,2.96,2.34,,,26.4,124.0622,97.79
2022-07-15,,,,,,,,,,,,,,,,,,,,,,,,,3.13,2.93,2.36,,,24.23,123.4765,99.59
2022-07-18,,,,,,,,,,,,,,,,,,,,,,,,,3.15,2.96,2.37,,,25.3,122.7727,104.48
2022-07-19,,,,,,,,,,,,,,,,,,,,,,,,,3.23,3.01,2.39,,,24.5,122.4819,106.12
2022-07-20,,,,,,,,,,,,,,,,,,,,,,,,,3.25,3.04,2.38,,,23.88,122.5997,104.45
2022-07-21,,,,,,,,,,,,,,,,,,,,,,,,,3.1,2.91,2.33,,,23.11,122.9032,98.44
2022-07-22,,,,,,,,,,,,,,,,,,,,,,,,,2.98,2.77,2.34,,,23.03,122.451,97.71
2022-07-25,,,,,,,,,,,,,,,,,,,,,,,,,3.0,2.81,2.36,,,23.36,122.4594,99.83
2022-07-26,,,,,,,,,,,,,,,,,,,,,,,,,3.02,2.81,2.36,,,24.69,122.7581,97.74
2022-07-27,,,,,,,,,,,,,,,,,,,,,,,,,2.96,2.78,2.42,,,23.24,122.8169,100.03
2022-07-28,,,,,,,,,,,,,,,,,,,,,,,,,2.85,2.68,2.48,,,22.33,122.1161,99.11
2022-07-29,,,,,,,,,,,,,,,,,,,,,,,,,2.89,2.67,2.53,,,21.33,121.7678,101.31
2022-08-01,295.097,296.171,296.535,116.956,115.276,334.212,335.333,294.884,357.048,127.422,204.837,663566.0,681118.0,538373.0,17916.5,15319.8,2101.8,3884.8,11929.8,16367.3,3.2,3.6,153362.0,2.33,2.9,2.6,2.51,58.2,4.8,22.84,121.4109,96.59
2022-08-02,,,,,,,,,,,,,,,,,,,,,,,,,3.06,2.75,2.48,,,23.93,121.9486,97.14
2022-08-03,,,,,,,,,,,,,,,,,,,,,,,,,3.1,2.73,2.5,,,21.95,122.3888,93.25
2022-08-04,,,,,,,,,,,,,,,,,,,,,,,,,3.03,2.68,2.46,,,21.44,121.8333,91.29
2022-08-05,,,,,,,,,,,,,,,,,,,,,,,,,3.24,2.83,2.46,,,21.15,122.321,91.77
2022-08-08,,,,,,,,,,,,,,,,,,,,,,,,,3.21,2.77,2.48,,,21.29,121.8783,93.52
2022-08-09,,,,,,,,,,,,,,,,,,,,,,,,,3.28,2.8,2.47,,,21.77,121.8614,93.18
2022-08-10,,,,,,,,,,,,,,,,,,,,,,,,,3.23,2.78,2.43,,,19.74,120.7543,94.68
2022-08-11,,,,,,,,,,,,,,,,,,,,,,,,,3.23,2.87,2.47,,,20.2,120.7163,97.02
2022-08-12,,,,,,,,,,,,,,,,,,,,,,,,,3.25,2.84,2.47,,,19.53,121.018,94.86
2022-08-15,,,,,,,,,,,,,,,,,,,,,,,,,3.2,2.79,2.44,,,19.95,121.4315,92.24
2022-08-16,,,,,,,,,,,,,,,,,,,,,,,,,3.25,2.82,2.44,,,19.69,121.6807,89.23
2022-08-17,,,,,,,,,,,,,,,,,,,,,,,,,3.28,2.89,2.46,,,19.9,122.0711,90.85
2022-08-18,,,,,,,,,,,,,,,,,,,,,,,,,3.22,2.88,2.52,,,19.56,122.3627,93.2
2022-08-19,,,,,,,,,,,,,,,,,,,,,,,,,3.25,2.98,2.55,,,20.6,123.0501,93.55
2022-08-22,,,,,,,,,,,,,,,,,,,,,,,,,3.32,3.03,2.57,,,23.8,123.605,93.42
2022-08-23,,,,,,,,,,,,,,,,,,,,,,,,,3.29,3.05,2.58,,,24.11,123.0547,96.46
2022-08-24,,,,,,,,,,,,,,,,,,,,,,,,,3.36,3.11,2.62,,,22.82,123.109,95.52
2022-08-25,,,,,,,,,,,,,,,,,,,,,,,,,3.35,3.03,2.6,,,21.78,123.0586,93.33
2022-08-26,,,,,,,,,,,,,,,,,,,,,,,,,3.37,3.04,2.57,,,25.56,123.0656,93.63
2022-08-29,,,,,,,,,,,,,,,,,,,,,,,,,3.42,3.12,2.58,,,26.21,123.4686,97.4
2022-08-30,,,,,,,,,,,,,,,,,,,,,,,,,3.46,3.11,2.55,,,26.21,123.6848,92.08
2022-08-31,,,,,,,,,,,,,,,,,,,,,,,,,3.45,3.15,2.48,,,25.87,123.535,90.09
2022-09-01,296.349,296.808,298.226,117.371,115.788,337.369,322.853,296.403,359.601,127.588,203.94,661854.0,643800.0,537491.0,17992.8,15330.5,2092.0,3889.0,12011.9,16423.8,3.4,3.5,153582.0,2.56,3.51,3.26,2.45,58.6,4.7,25.56,124.4006,87.09
2022-09-02,,,,,,,,,,,,,,,,,,,,,,,,,3.4,3.2,2.47,,,25.47,123.7743,87.29
2022-09-05,,,,,,,,,,,,,,,,,,,,,,,,,,,,,,25.99,,
2022-09-06,,,,,,,,,,,,,,,,,,,,,,,,,3.5,3.33,2.48,,,26.91,124.767,87.35
2022-09-07,,,,,,,,,,,,,,,,,,,,,,,,,3.45,3.27,2.45,,,24.64,124.8408,82.5
2022-09-08,,,,,,,,,,,,,,,,,,,,,,,,,3.48,3.29,2.41,,,23.61,124.578,84.04
2022-09-09,,,,,,,,,,,,,,,,,,,,,,,,,3.56,3.33,2.42,,,22.79,123.7874,87.27
2022-09-12,,,,,,,,,,,,,,,,,,,,,,,,,3.58,3.37,2.42,,,23.87,123.3332,88.18
2022-09-13,,,,,,,,,,,,,,,,,,,,,,,,,3.75,3.42,2.44,,,27.27,124.4242,87.84
2022-09-14,,,,,,,,,,,,,,,,,,,,,,,,,3.78,3.41,2.46,,,26.16,124.4509,88.88
2022-09-15,,,,,,,,,,,,,,,,,,,,,,,,,3.87,3.45,2.43,,,26.27,124.8843,85.72
2022-09-16,,,,,,,,,,,,,,,,,,,,,,,,,3.85,3.45,2.38,,,26.3,124.8794,85.57
2022-09-19,,,,,,,,,,,,,,,,,,,,,,,,,3.95,3.49,2.34,,,25.76,125.0104,86.15
2022-09-20,,,,,,,,,,,,,,,,,,,,,,,,,3.96,3.57,2.4,,,27.16,125.1248,84.69
2022-09-21,,,,,,,,,,,,,,,,,,,,,,,,,4.02,3.51,2.38,,,27.99,125.7399,83.38
2022-09-22,,,,,,,,,,,,,,,,,,,,,,,,,4.11,3.7,2.41,,,27.35,126.1667,84.02
2022-09-23,,,,,,,,,,,,,,,,,,,,,,,,,4.2,3.69,2.37,,,29.92,127.2853,79.07
2022-09-26,,,,,,,,,,,,,,,,,,,,,,,,,4.27,3.88,2.32,,,32.26,128.4539,77.17
2022-09-27,,,,,,,,,,,,,,,,,,,,,,,,,4.3,3.97,2.33,,,32.6,128.4386,78.91
2022-09-28,,,,,,,,,,,,,,,,,,,,,,,,,4.07,3.72,2.33,,,30.18,128.0884,82.61
2022-09-29,,,,,,,,,,,,,,,,,,,,,,,,,4.16,3.76,2.19,,,31.84,127.5437,81.78
2022-09-30,,,,,,,,,,,,,,,,,,,,,,,,,4.22,3.83,2.15,,,31.62,127.5148,79.91
2022-10-01,298.007,298.012,299.399,117.919,116.204,340.532,337.263,297.966,362.353,127.777,201.171,668671.0,665357.0,541862.0,18109.6,15358.1,2108.2,3921.0,12080.4,16476.3,3.4,3.6,153939.0,3.08,,,,59.9,5.0,,,
2022-10-03,,,,,,,,,,,,,,,,,,,,,,,,,4.12,3.67,2.24,,,30.1,127.0813,84.05
2022-10-04,,,,,,,,,,,,,,,,,,,,,,,,,4.1,3.62,2.24,,,29.07,126.1819,86.87
2022-10-05,,,,,,,,,,,,,,,,,,,,,,,,,4.15,3.76,2.22,,,28.55,126.8616,88.22
2022-10-06,,,,,,,,,,,,,,,,,,,,,,,,,4.23,3.83,2.22,,,30.52,127.2493,88.9
2022-10-07,,,,,,,,,,,,,,,,,,,,,,,,,4.3,3.89,2.27,,,31.36,127.3111,93.07
2022-10-10,,,,,,,,,,,,,,,,,,,,,,,,,,,,,,32.45,,91.6
2022-10-11,,,,,,,,,,,,,,,,,,,,,,,,,4.3,3.93,2.31,,,33.63,127.6641,89.75
2022-10-12,,,,,,,,,,,,,,,,,,,,,,,,,4.28,3.91,2.29,,,33.57,128.1481,87.83
2022-10-13,,,,,,,,,,,,,,,,,,,,,,,,,4.47,3.97,2.34,,,31.94,127.7286,89.59
2022-10-14,,,,,,,,,,,,,,,,,,,,,,,,,4.48,4.0,2.41,,,32.02,128.3325,86.1
2022-10-17,,,,,,,,,,,,,,,,,,,,,,,,,4.45,4.02,2.45,,,31.37,127.6448,86.0
2022-10-18,,,,,,,,,,,,,,,,,,,,,,,,,4.43,4.01,2.41,,,30.5,127.9153,83.29
2022-10-19,,,,,,,,,,,,,,,,,,,,,,,,,4.55,4.14,2.42,,,30.76,128.3968,86.0
2022-10-20,,,,,,,,,,,,,,,,,,,,,,,,,4.62,4.24,2.51,,,29.98,128.0052,86.02
2022-10-21,,,,,,,,,,,,,,,,,,,,,,,,,4.49,4.21,2.52,,,29.69,127.6735,85.47
2022-10-24,,,,,,,,,,,,,,,,,,,,,,,,,4.5,4.25,2.59,,,29.85,128.0304,86.12
2022-10-25,,,,,,,,,,,,,,,,,,,,,,,,,4.42,4.1,2.51,,,28.46,127.3771,86.93
2022-10-26,,,,,,,,,,,,,,,,,,,,,,,,,4.39,4.04,2.44,,,27.28,126.4723,89.39
2022-10-27,,,,,,,,,,,,,,,,,,,,,,,,,4.3,3.96,2.45,,,27.39,126.7028,89.06
2022-10-28,,,,,,,,,,,,,,,,,,,,,,,,,4.41,4.02,2.51,,,25.75,127.2135,87.85
2022-10-31,,,,,,,,,,,,,,,,,,,,,,,,,4.51,4.1,2.52,,,25.88,127.6219,86.54
2022-11-01,298.786,297.711,300.325,118.224,116.539,342.266,336.273,299.449,364.695,128.338,196.659,659458.0,666992.0,536108.0,18108.0,15317.1,2036.4,3907.8,12163.8,16502.7,3.8,3.6,154242.0,3.78,4.54,4.07,2.51,56.7,5.0,25.81,127.3987,88.36
2022-11-02,,,,,,,,,,,,,,,,,,,,,,,,,4.61,4.1,2.53,,,25.86,127.3115,90.06
2022-11-03,,,,,,,,,,,,,,,,,,,,,,,,,4.71,4.14,2.4,,,25.3,128.1743,88.14
2022-11-04,,,,,,,,,,,,,,,,,,,,,,,,,4.66,4.17,2.48,,,24.55,127.1468,92.58
2022-11-07,,,,,,,,,,,,,,,,,,,,,,,,,4.72,4.22,2.53,,,24.35,126.3062,91.8
2022-11-08,,,,,,,,,,,,,,,,,,,,,,,,,4.67,4.14,2.5,,,25.54,125.633,88.8
2022-11-09,,,,,,,,,,,,,,,,,,,,,,,,,4.61,4.12,2.42,,,26.09,125.9861,85.79
2022-11-10,,,,,,,,,,,,,,,,,,,,,,,,,4.34,3.82,2.39,,,23.53,124.7044,86.52
2022-11-11,,,,,,,,,,,,,,,,,,,,,,,,,,,,,,22.52,,89.14
2022-11-14,,,,,,,,,,,,,,,,,,,,,,,,,4.4,3.88,2.37,,,23.73,123.4277,85.85
2022-11-15,,,,,,,,,,,,,,,,,,,,,,,,,4.37,3.8,2.35,,,24.54,123.039,86.87
2022-11-16,,,,,,,,,,,,,,,,,,,,,,,,,4.35,3.67,2.29,,,24.11,123.2817,85.62
2022-11-17,,,,,,,,,,,,,,,,,,,,,,,,,4.43,3.77,2.28,,,23.93,123.977,81.69
2022-11-18,,,,,,,,,,,,,,,,,,,,,,,,,4.51,3.82,2.25,,,23.12,123.8524,80.07
2022-11-21,,,,,,,,,,,,,,,,,,,,,,,,,4.48,3.83,2.31,,,22.36,124.7009,79.74
2022-11-22,,,,,,,,,,,,,,,,,,,,,,,,,4.47,3.76,2.32,,,21.29,124.2365,80.83
2022-11-23,,,,,,,,,,,,,,,,,,,,,,,,,4.46,3.71,2.32,,,20.35,123.7574,77.93
2022-11-24,,,,,,,,,,,,,,,,,,,,,,,,,,,,,,20.42,,
2022-11-25,,,,,,,,,,,,,,,,,,,,,,,,,4.42,3.68,2.32,,,20.5,123.3386,76.45
2022-11-28,,,,,,,,,,,,,,,,,,,,,,,,,4.46,3.69,2.26,,,22.21,123.6032,77.1
2022-11-29,,,,,,,,,,,,,,,,,,,,,,,,,4.48,3.75,2.25,,,21.89,123.6615,77.96
2022-11-30,,,,,,,,,,,,,,,,,,,,,,,,,4.38,3.68,2.34,,,20.58,123.5175,80.48
2022-12-01,298.832,296.797,301.394,118.384,116.952,343.559,309.091,300.576,367.466,128.475,193.008,651763.0,722313.0,532212.0,18116.5,15303.6,2024.1,3860.9,12231.5,16578.2,4.2,3.5,154342.0,4.1,4.25,3.53,2.36,59.8,4.3,19.84,122.0045,81.06
2022-12-02,,,,,,,,,,,,,,,,,,,,,,,,,4.28,3.51,2.43,,,19.06,122.0102,79.86
2022-12-05,,,,,,,,,,,,,,,,,,,,,,,,,4.41,3.6,2.39,,,20.75,122.6384,76.83
2022-12-06,,,,,,,,,,,,,,,,,,,,,,,,,4.34,3.51,2.31,,,22.17,123.0191,74.21
2022-12-07,,,,,,,,,,,,,,,,,,,,,,,,,4.26,3.42,2.26,,,22.68,122.7608,71.93
2022-12-08,,,,,,,,,,,,,,,,,,,,,,,,,4.31,3.48,2.28,,,22.29,122.4152,71.3
2022-12-09,,,,,,,,,,,,,,,,,,,,,,,,,4.33,3.57,2.26,,,22.83,122.4201,71.05
2022-12-12,,,,,,,,,,,,,,,,,,,,,,,,,4.39,3.61,2.28,,,25.0,122.7714,72.96
2022-12-13,,,,,,,,,,,,,,,,,,,,,,,,,4.22,3.51,2.24,,,22.55,121.8493,75.44
2022-12-14,,,,,,,,,,,,,,,,,,,,,,,,,4.23,3.49,2.19,,,21.14,121.8226,77.14
2022-12-15,,,,,,,,,,,,,,,,,,,,,,,,,4.23,3.44,2.16,,,22.83,122.5519,75.89
2022-12-16,,,,,,,,,,,,,,,,,,,,,,,,,4.17,3.48,2.13,,,22.62,122.6505,74.19
2022-12-19,,,,,,,,,,,,,,,,,,,,,,,,,4.25,3.57,2.15,,,22.42,122.5275,75.05
2022-12-20,,,,,,,,,,,,,,,,,,,,,,,,,4.25,3.69,2.24,,,21.48,122.1357,75.92
2022-12-21,,,,,,,,,,,,,,,,,,,,,,,,,4.21,3.68,2.27,,,20.07,122.2828,78.17
2022-12-22,,,,,,,,,,,,,,,,,,,,,,,,,4.24,3.67,2.19,,,21.97,122.2419,77.68
2022-12-23,,,,,,,,,,,,,,,,,,,,,,,,,4.31,3.75,2.2,,,20.87,121.9743,79.57
2022-12-26,,,,,,,,,,,,,,,,,,,,,,,,,,,,,,,,
2022-12-27,,,,,,,,,,,,,,,,,,,,,,,,,4.32,3.84,2.26,,,21.65,121.7539,79.45
2022-12-28,,,,,,,,,,,,,,,,,,,,,,,,,4.31,3.88,2.28,,,22.14,122.0075,78.89
2022-12-29,,,,,,,,,,,,,,,,,,,,,,,,,4.34,3.83,2.27,,,21.44,121.6577,78.43
2022-12-30,,,,,,,,,,,,,,,,,,,,,,,,,4.41,3.88,2.3,,,21.67,121.4256,80.16
2023-01-01,300.42,299.17,302.642,119.018,117.505,345.677,317.38,301.676,369.911,129.43,190.423,680253.0,616100.0,547880.0,18449.1,15501.5,2165.6,3928.7,12354.7,16906.9,4.9,3.5,154776.0,4.33,,,,64.9,3.9,,,
2023-01-02,,,,,,,,,,,,,,,,,,,,,,,,,,,,,,,,
2023-01-03,,,,,,,,,,,,,,,,,,,,,,,,,4.4,3.79,2.26,,,22.9,122.0905,76.87
2023-01-04,,,,,,,,,,,,,,,,,,,,,,,,,4.36,3.69,2.22,,,22.01,121.5008,72.82
2023-01-05,,,,,,,,,,,,,,,,,,,,,,,,,4.45,3.71,2.22,,,22.46,122.1017,73.61
2023-01-06,,,,,,,,,,,,,,,,,,,,,,,,,4.24,3.55,2.21,,,21.13,121.0852,73.77
2023-01-09,,,,,,,,,,,,,,,,,,,,,,,,,4.19,3.53,2.22,,,21.97,120.1508,74.69
2023-01-10,,,,,,,,,,,,,,,,,,,,,,,,,4.24,3.61,2.24,,,20.58,120.2483,75.11
2023-01-11,,,,,,,,,,,,,,,,,,,,,,,,,4.2,3.54,2.23,,,21.09,120.1614,77.46
2023-01-12,,,,,,,,,,,,,,,,,,,,,,,,,4.12,3.43,2.21,,,18.83,119.4218,78.32
2023-01-13,,,,,,,,,,,,,,,,,,,,,,,,,4.22,3.49,2.18,,,18.35,119.1673,79.9
2023-01-16,,,,,,,,,,,,,,,,,,,,,,,,,,,,,,19.49,,
2023-01-17,,,,,,,,,,,,,,,,,,,,,,,,,4.18,3.53,2.17,,,19.36,119.2121,80.25
2023-01-18,,,,,,,,,,,,,,,,,,,,,,,,,4.06,3.37,2.12,,,20.34,119.0755,79.53
2023-01-19,,,,,,,,,,,,,,,,,,,,,,,,,4.09,3.39,2.2,,,20.52,119.6107,80.31
2023-01-20,,,,,,,,,,,,,,,,,,,,,,,,,4.14,3.48,2.23,,,19.85,119.3486,81.27
2023-01-23,,,,,,,,,,,,,,,,,,,,,,,,,4.21,3.52,2.28,,,19.81,119.1434,81.62
2023-01-24,,,,,,,,,,,,,,,,,,,,,,,,,4.12,3.46,2.27,,,19.2,119.0958,79.86
2023-01-25,,,,,,,,,,,,,,,,,,,,,,,,,4.11,3.46,2.29,,,19.08,118.9686,79.78
2023-01-26,,,,,,,,,,,,,,,,,,,,,,,,,4.17,3.49,2.33,,,18.73,119.021,80.64
2023-01-27,,,,,,,,,,,,,,,,,,,,,,,,,4.19,3.52,2.33,,,18.51,118.9223,79.73
2023-01-30,,,,,,,,,,,,,,,,,,,,,,,,,4.25,3.55,2.29,,,19.94,118.8953,77.97
2023-01-31,,,,,,,,,,,,,,,,,,,,,,,,,4.21,3.52,2.24,,,19.4,118.9802,78.95
2023-02-01,301.45,300.84,304.123,119.369,117.929,347.869,316.327,302.444,372.636,130.239,187.711,672152.0,595432.0,543895.0,18491.6,15491.8,2138.5,3950.6,12402.5,16998.2,5.5,3.6,155066.0,4.57,4.09,3.39,2.25,66.9,4.2,17.87,118.6259,76.34
2023-02-02,,,,,,,,,,,,,,,,,,,,,,,,,4.09,3.4,2.22,,,18.73,118.3421,75.87
2023-02-03,,,,,,,,,,,,,,,,,,,,,,,,,4.3,3.53,2.22,,,18.33,119.5095,73.4
2023-02-06,,,,,,,,,,,,,,,,,,,,,,,,,4.44,3.63,2.25,,,19.43,120.541,74.11
2023-02-07,,,,,,,,,,,,,,,,,,,,,,,,,4.47,3.67,2.31,,,18.66,120.3475,77.17
2023-02-08,,,,,,,,,,,,,,,,,,,,,,,,,4.45,3.63,2.34,,,19.63,120.1436,78.47
2023-02-09,,,,,,,,,,,,,,,,,,,,,,,,,4.48,3.67,2.33,,,20.71,119.9781,78.04
2023-02-10,,,,,,,,,,,,,,,,,,,,,,,,,4.5,3.74,2.33,,,20.53,120.1419,79.74
2023-02-13,,,,,,,,,,,,,,,,,,,,,,,,,4.52,3.72,2.31,,,20.34,119.9828,80.14
2023-02-14,,,,,,,,,,,,,,,,,,,,,,,,,4.6,3.77,2.31,,,18.91,119.9229,79.08
2023-02-15,,,,,,,,,,,,,,,,,,,,,,,,,4.62,3.81,2.35,,,18.23,120.4557,78.57
2023-02-16,,,,,,,,,,,,,,,,,,,,,,,,,4.62,3.86,2.37,,,20.17,120.4651,78.45
2023-02-17,,,,,,,,,,,,,,,,,,,,,,,,,4.6,3.82,2.36,,,20.02,120.5526,76.31
2023-02-20,,,,,,,,,,,,,,,,,,,,,,,,,,,,,,21.23,,
2023-02-21,,,,,,,,,,,,,,,,,,,,,,,,,4.67,3.95,2.42,,,22.87,120.6256,76.28
2023-02-22,,,,,,,,,,,,,,,,,,,,,,,,,4.66,3.93,2.41,,,22.29,120.8389,73.95
2023-02-23,,,,,,,,,,,,,,,,,,,,,,,,,4.66,3.88,2.39,,,21.14,121.0896,75.26
2023-02-24,,,,,,,,,,,,,,,,,,,,,,,,,4.78,3.95,2.38,,,21.67,121.5681,76.19
2023-02-27,,,,,,,,,,,,,,,,,,,,,,,,,4.78,3.92,2.36,,,20.95,121.3941,75.57
2023-02-28,,,,,,,,,,,,,,,,,,,,,,,,,4.81,3.92,2.43,,,20.7,121.3341,76.88
2023-03-01,301.821,301.836,305.147,119.538,118.315,349.944,309.776,301.467,374.678,130.426,186.619,665071.0,679701.0,538675.0,18520.4,15494.0,2120.4,3901.3,12498.7,17098.8,6.0,3.5,155134.0,4.65,4.89,4.01,2.44,62.0,3.6,20.58,120.6347,77.57
2023-03-02,,,,,,,,,,,,,,,,,,,,,,,,,4.89,4.08,2.48,,,19.59,121.1302,78.05
2023-03-03,,,,,,,,,,,,,,,,,,,,,,,,,4.86,3.97,2.52,,,18.49,120.7742,79.62
2023-03-06,,,,,,,,,,,,,,,,,,,,,,,,,4.89,3.98,2.49,,,18.61,120.485,80.39
2023-03-07,,,,,,,,,,,,,,,,,,,,,,,,,5.0,3.97,2.38,,,19.59,121.4623,77.45
2023-03-08,,,,,,,,,,,,,,,,,,,,,,,,,5.05,3.98,2.32,,,19.11,121.4511,76.56
2023-03-09,,,,,,,,,,,,,,,,,,,,,,,,,4.9,3.93,2.3,,,22.61,121.4458,75.6
2023-03-10,,,,,,,,,,,,,,,,,,,,,,,,,4.6,3.7,2.26,,,24.8,121.2421,76.55
2023-03-13,,,,,,,,,,,,,,,,,,,,,,,,,4.03,3.55,2.24,,,26.52,120.8897,74.68
2023-03-14,,,,,,,,,,,,,,,,,,,,,,,,,4.2,3.64,2.31,,,23.73,121.0141,71.18
2023-03-15,,,,,,,,,,,,,,,,,,,,,,,,,3.93,3.51,2.29,,,26.14,122.1079,67.38
2023-03-16,,,,,,,,,,,,,,,,,,,,,,,,,4.14,3.56,2.22,,,22.99,121.7221,68.15
2023-03-17,,,,,,,,,,,,,,,,,,,,,,,,,3.81,3.39,2.1,,,25.51,121.5643,66.61
2023-03-20,,,,,,,,,,,,,,,,,,,,,,,,,3.92,3.47,2.14,,,24.15,121.0141,67.56
2023-03-21,,,,,,,,,,,,,,,,,,,,,,,,,4.17,3.59,2.23,,,21.38,120.8958,69.4
2023-03-22,,,,,,,,,,,,,,,,,,,,,,,,,3.96,3.48,2.28,,,22.26,120.6217,70.71
2023-03-23,,,,,,,,,,,,,,,,,,,,,,,,,3.76,3.38,2.19,,,22.61,119.7587,69.77
2023-03-24,,,,,,,,,,,,,,,,,,,,,,,,,3.76,3.38,2.22,,,21.74,120.4598,69.22
2023-03-27,,,,,,,,,,,,,,,,,,,,,,,,,3.94,3.53,2.24,,,20.6,120.2541,72.87
2023-03-28,,,,,,,,,,,,,,,,,,,,,,,,,4.02,3.55,2.31,,,19.97,119.7138,73.12
2023-03-29,,,,,,,,,,,,,,,,,,,,,,,,,4.08,3.57,2.33,,,19.12,119.7258,72.95
2023-03-30,,,,,,,,,,,,,,,,,,,,,,,,,4.1,3.55,2.34,,,19.02,119.4078,74.32
2023-03-31,,,,,,,,,,,,,,,,,,,,,,,,,4.06,3.48,2.32,,,18.7,119.3602,75.68
2023-04-01,302.845,303.363,306.534,119.951,118.734,351.237,309.412,301.811,376.404,130.573,192.647,670494.0,661990.0,542521.0,18641.8,15541.8,2146.6,3940.5,12554.7,17135.3,5.8,3.4,155375.0,4.83,,,,63.7,4.7,,,
2023-04-03,,,,,,,,,,,,,,,,,,,,,,,,,3.97,3.43,2.29,,,18.55,119.3204,80.4
2023-04-04,,,,,,,,,,,,,,,,,,,,,,,,,3.84,3.35,2.25,,,19.0,119.142,80.7
2023-04-05,,,,,,,,,,,,,,,,,,,,,,,,,3.79,3.3,2.23,,,19.08,119.2953,80.69
2023-04-06,,,,,,,,,,,,,,,,,,,,,,,,,3.82,3.3,2.24,,,18.4,119.3072,80.7
2023-04-07,,,,,,,,,,,,,,,,,,,,,,,,,3.97,3.39,2.25,,,,119.3547,
2023-04-10,,,,,,,,,,,,,,,,,,,,,,,,,4.0,3.41,2.27,,,18.97,119.7948,79.79
2023-04-11,,,,,,,,,,,,,,,,,,,,,,,,,4.03,3.43,2.29,,,19.1,119.5248,81.54
2023-04-12,,,,,,,,,,,,,,,,,,,,,,,,,3.95,3.41,2.27,,,19.09,119.003,83.26
2023-04-13,,,,,,,,,,,,,,,,,,,,,,,,,3.96,3.45,2.29,,,17.8,118.3915,82.16
2023-04-14,,,,,,,,,,,,,,,,,,,,,,,,,4.08,3.52,2.3,,,17.07,118.8567,82.58
2023-04-17,,,,,,,,,,,,,,,,,,,,,,,,,4.18,3.6,2.32,,,16.95,119.2787,80.93
2023-04-18,,,,,,,,,,,,,,,,,,,,,,,,,4.19,3.58,2.28,,,16.83,119.1049,80.85
2023-04-19,,,,,,,,,,,,,,,,,,,,,,,,,4.24,3.6,2.28,,,16.46,119.303,79.18
2023-04-20,,,,,,,,,,,,,,,,,,,,,,,,,4.14,3.54,2.26,,,17.17,119.1199,77.27
2023-04-21,,,,,,,,,,,,,,,,,,,,,,,,,4.17,3.57,2.28,,,16.77,119.3117,77.86
2023-04-24,,,,,,,,,,,,,,,,,,,,,,,,,4.12,3.52,2.28,,,16.89,119.2039,78.64
2023-04-25,,,,,,,,,,,,,,,,,,,,,,,,,3.86,3.4,2.25,,,18.76,119.613,77.05
2023-04-26,,,,,,,,,,,,,,,,,,,,,,,,,3.9,3.43,2.25,,,18.84,119.3228,74.33
2023-04-27,,,,,,,,,,,,,,,,,,,,,,,,,4.07,3.53,2.27,,,17.03,119.4298,74.77
2023-04-28,,,,,,,,,,,,,,,,,,,,,,,,,4.04,3.44,2.18,,,15.78,119.2248,76.78
2023-05-01,303.334,304.127,307.652,120.15,119.083,352.892,298.832,302.184,378.304,131.003,198.793,673902.0,708199.0,543792.0,18664.6,15535.2,2139.1,3925.4,12600.1,17196.7,6.1,3.6,155655.0,5.06,4.14,3.59,2.23,59.0,4.2,16.08,119.4435,75.65
2023-05-02,,,,,,,,,,,,,,,,,,,,,,,,,3.97,3.44,2.2,,,17.78,119.6105,71.71
2023-05-03,,,,,,,,,,,,,,,,,,,,,,,,,3.89,3.38,2.2,,,18.34,119.1233,68.62
2023-05-04,,,,,,,,,,,,,,,,,,,,,,,,,3.75,3.37,2.19,,,20.09,119.0465,68.52
2023-05-05,,,,,,,,,,,,,,,,,,,,,,,,,3.92,3.44,2.21,,,17.19,118.5548,71.32
2023-05-08,,,,,,,,,,,,,,,,,,,,,,,,,4.0,3.52,2.23,,,16.98,118.5759,73.13
2023-05-09,,,,,,,,,,,,,,,,,,,,,,,,,4.01,3.53,2.23,,,17.71,118.8239,73.68
2023-05-10,,,,,,,,,,,,,,,,,,,,,,,,,3.9,3.43,2.17,,,16.94,118.5864,72.53
2023-05-11,,,,,,,,,,,,,,,,,,,,,,,,,3.89,3.39,2.16,,,16.93,119.0303,70.81
2023-05-12,,,,,,,,,,,,,,,,,,,,,,,,,3.98,3.46,2.18,,,17.03,119.3671,70.02
2023-05-15,,,,,,,,,,,,,,,,,,,,,,,,,3.99,3.5,2.19,,,17.12,119.1608,71.07
2023-05-16,,,,,,,,,,,,,,,,,,,,,,,,,4.06,3.54,2.19,,,17.99,119.1743,70.85
2023-05-17,,,,,,,,,,,,,,,,,,,,,,,,,4.12,3.57,2.22,,,16.87,119.607,72.78
2023-05-18,,,,,,,,,,,,,,,,,,,,,,,,,4.24,3.65,2.23,,,16.05,120.0886,71.82
2023-05-19,,,,,,,,,,,,,,,,,,,,,,,,,4.28,3.7,2.24,,,16.81,119.7751,71.57
2023-05-22,,,,,,,,,,,,,,,,,,,,,,,,,4.29,3.72,2.24,,,17.21,120.0875,71.81
2023-05-23,,,,,,,,,,,,,,,,,,,,,,,,,4.26,3.7,2.26,,,18.53,120.3204,72.87
2023-05-24,,,,,,,,,,,,,,,,,,,,,,,,,4.31,3.73,2.25,,,20.03,120.4752,74.37
2023-05-25,,,,,,,,,,,,,,,,,,,,,,,,,4.5,3.83,2.25,,,19.14,120.8413,71.68
2023-05-26,,,,,,,,,,,,,,,,,,,,,,,,,4.54,3.8,2.23,,,17.95,120.6304,72.35
2023-05-29,,,,,,,,,,,,,,,,,,,,,,,,,,,,,,17.46,,
2023-05-30,,,,,,,,,,,,,,,,,,,,,,,,,4.46,3.69,2.22,,,17.46,120.5546,69.45
2023-05-31,,,,,,,,,,,,,,,,,,,,,,,,,4.4,3.64,2.18,,,17.94,120.9662,68.11
2023-06-01,304.014,305.109,308.322,120.469,119.39,354.245,301.426,302.057,380.155,131.118,197.601,677117.0,688753.0,544674.0,18773.0,15584.1,2136.7,3949.9,12686.3,17216.3,5.8,3.6,155880.0,5.08,4.33,3.61,2.16,64.2,3.3,15.65,120.0491,70.09
2023-06-02,,,,,,,,,,,,,,,,,,,,,,,,,4.5,3.69,2.18,,,14.6,120.0049,71.76
2023-06-05,,,,,,,,,,,,,,,,,,,,,,,,,4.46,3.69,2.19,,,14.73,120.0048,72.14
2023-06-06,,,,,,,,,,,,,,,,,,,,,,,,,4.51,3.7,2.2,,,13.96,119.9718,71.71
2023-06-07,,,,,,,,,,,,,,,,,,,,,,,,,4.56,3.79,2.21,,,13.94,119.859,72.52
2023-06-08,,,,,,,,,,,,,,,,,,,,,,,,,4.52,3.73,2.2,,,13.65,119.5712,71.28
2023-06-09,,,,,,,,,,,,,,,,,,,,,,,,,4.59,3.75,2.2,,,13.83,119.4322,70.16
2023-06-12,,,,,,,,,,,,,,,,,,,,,,,,,4.55,3.73,2.17,,,15.01,119.6376,67.08
2023-06-13,,,,,,,,,,,,,,,,,,,,,,,,,4.67,3.84,2.2,,,14.61,119.1899,69.39
2023-06-14,,,,,,,,,,,,,,,,,,,,,,,,,4.74,3.83,2.21,,,13.88,118.776,68.22
2023-06-15,,,,,,,,,,,,,,,,,,,,,,,,,4.62,3.72,2.21,,,14.5,118.5521,70.61
2023-06-16,,,,,,,,,,,,,,,,,,,,,,,,,4.7,3.77,2.22,,,13.54,118.4184,71.81
2023-06-19,,,,,,,,,,,,,,,,,,,,,,,,,,,,,,14.19,,
2023-06-20,,,,,,,,,,,,,,,,,,,,,,,,,4.68,3.74,2.22,,,13.88,118.938,70.94
2023-06-21,,,,,,,,,,,,,,,,,,,,,,,,,4.68,3.72,2.21,,,13.2,118.727,72.55
2023-06-22,,,,,,,,,,,,,,,,,,,,,,,,,4.77,3.8,2.24,,,12.91,118.7552,69.22
2023-06-23,,,,,,,,,,,,,,,,,,,,,,,,,4.71,3.74,2.21,,,13.44,119.152,68.91
2023-06-26,,,,,,,,,,,,,,,,,,,,,,,,,4.65,3.72,2.18,,,14.25,119.0761,69.09
2023-06-27,,,,,,,,,,,,,,,,,,,,,,,,,4.74,3.77,2.2,,,13.74,118.8949,67.68
2023-06-28,,,,,,,,,,,,,,,,,,,,,,,,,4.71,3.71,2.18,,,13.43,119.3382,69.54
2023-06-29,,,,,,,,,,,,,,,,,,,,,,,,,4.87,3.85,2.2,,,13.54,119.527,69.85
2023-06-30,,,,,,,,,,,,,,,,,,,,,,,,,4.87,3.81,2.22,,,13.59,119.3606,70.66
2023-07-01,304.609,305.691,308.96,120.607,119.556,354.862,300.625,302.984,381.895,131.352,194.701,678424.0,683349.0,547943.0,18884.2,15658.4,2151.1,3959.3,12773.7,17250.6,5.5,3.5,156043.0,5.12,,,,71.5,3.4,,,
2023-07-03,,,,,,,,,,,,,,,,,,,,,,,,,4.94,3.86,2.25,,,13.57,119.2119,69.71
2023-07-04,,,,,,,,,,,,,,,,,,,,,,,,,,,,,,13.7,,
2023-07-05,,,,,,,,,,,,,,,,,,,,,,,,,4.94,3.95,2.26,,,14.18,119.3483,71.78
2023-07-06,,,,,,,,,,,,,,,,,,,,,,,,,4.99,4.05,2.27,,,15.44,119.8193,71.76
2023-07-07,,,,,,,,,,,,,,,,,,,,,,,,,4.94,4.06,2.27,,,14.83,119.0761,73.91
2023-07-10,,,,,,,,,,,,,,,,,,,,,,,,,4.85,4.01,2.25,,,15.07,118.9548,73.05
2023-07-11,,,,,,,,,,,,,,,,,,,,,,,,,4.88,3.99,2.24,,,14.84,118.7344,74.87
2023-07-12,,,,,,,,,,,,,,,,,,,,,,,,,4.72,3.86,2.26,,,13.54,117.6385,75.77
2023-07-13,,,,,,,,,,,,,,,,,,,,,,,,,4.59,3.76,2.24,,,13.61,117.1831,76.86
2023-07-14,,,,,,,,,,,,,,,,,,,,,,,,,4.74,3.83,2.24,,,13.34,117.0463,75.44
2023-07-17,,,,,,,,,,,,,,,,,,,,,,,,,4.74,3.81,2.25,,,13.48,117.1267,74.17
2023-07-18,,,,,,,,,,,,,,,,,,,,,,,,,4.74,3.8,2.23,,,13.3,117.0264,75.76
2023-07-19,,,,,,,,,,,,,,,,,,,,,,,,,4.74,3.75,2.22,,,13.76,117.3462,75.4
2023-07-20,,,,,,,,,,,,,,,,,,,,,,,,,4.8,3.85,2.35,,,13.99,117.5947,75.65
2023-07-21,,,,,,,,,,,,,,,,,,,,,,,,,4.82,3.84,2.35,,,13.6,117.9418,77.06
2023-07-24,,,,,,,,,,,,,,,,,,,,,,,,,4.81,3.86,2.38,,,13.91,117.8124,78.81
2023-07-25,,,,,,,,,,,,,,,,,,,,,,,,,4.85,3.91,2.39,,,13.86,117.8565,79.76
2023-07-26,,,,,,,,,,,,,,,,,,,,,,,,,4.82,3.86,2.36,,,13.19,117.76,79.11
2023-07-27,,,,,,,,,,,,,,,,,,,,,,,,,4.91,4.01,2.37,,,14.41,117.8938,80.17
2023-07-28,,,,,,,,,,,,,,,,,,,,,,,,,4.87,3.96,2.38,,,13.33,117.788,80.55
2023-07-31,,,,,,,,,,,,,,,,,,,,,,,,,4.88,3.97,2.37,,,13.63,117.8241,81.8
2023-08-01,306.082,307.026,309.58,120.97,119.689,356.083,323.701,303.631,382.947,131.16,191.078,684755.0,705135.0,553381.0,18953.3,15668.6,2150.3,4009.0,12794.0,17275.3,5.6,3.7,156261.0,5.33,4.92,4.05,2.37,69.4,3.5,13.93,118.5738,81.37
2023-08-02,,,,,,,,,,,,,,,,,,,,,,,,,4.88,4.08,2.36,,,16.09,119.1268,79.5
2023-08-03,,,,,,,,,,,,,,,,,,,,,,,,,4.9,4.2,2.37,,,15.92,119.3963,81.56
2023-08-04,,,,,,,,,,,,,,,,,,,,,,,,,4.78,4.05,2.38,,,17.1,118.821,82.76
2023-08-07,,,,,,,,,,,,,,,,,,,,,,,,,4.76,4.09,2.41,,,15.77,119.0809,81.94
2023-08-08,,,,,,,,,,,,,,,,,,,,,,,,,4.74,4.02,2.36,,,15.99,119.6407,82.94
2023-08-09,,,,,,,,,,,,,,,,,,,,,,,,,4.79,4.0,2.34,,,15.96,119.476,84.35
2023-08-10,,,,,,,,,,,,,,,,,,,,,,,,,4.82,4.09,2.33,,,15.85,119.1581,82.81
2023-08-11,,,,,,,,,,,,,,,,,,,,,,,,,4.89,4.16,2.36,,,14.84,119.6268,83.17
2023-08-14,,,,,,,,,,,,,,,,,,,,,,,,,4.96,4.19,2.36,,,14.82,120.0725,82.5
2023-08-15,,,,,,,,,,,,,,,,,,,,,,,,,4.92,4.21,2.32,,,16.46,120.2127,81.06
2023-08-16,,,,,,,,,,,,,,,,,,,,,,,,,4.97,4.28,2.32,,,16.78,120.3551,79.4
2023-08-17,,,,,,,,,,,,,,,,,,,,,,,,,4.94,4.3,2.33,,,17.89,120.5242,80.43
2023-08-18,,,,,,,,,,,,,,,,,,,,,,,,,4.92,4.26,2.32,,,17.3,120.4321,81.25
2023-08-21,,,,,,,,,,,,,,,,,,,,,,,,,4.97,4.34,2.34,,,17.13,120.4627,80.71
2023-08-22,,,,,,,,,,,,,,,,,,,,,,,,,5.02,4.34,2.35,,,16.97,120.3554,80.25
2023-08-23,,,,,,,,,,,,,,,,,,,,,,,,,4.95,4.19,2.35,,,15.98,120.0307,78.91
2023-08-24,,,,,,,,,,,,,,,,,,,,,,,,,4.98,4.23,2.32,,,17.2,120.2354,79.52
2023-08-25,,,,,,,,,,,,,,,,,,,,,,,,,5.03,4.25,2.33,,,15.68,120.5137,80.47
2023-08-28,,,,,,,,,,,,,,,,,,,,,,,,,4.98,4.2,2.3,,,15.08,120.3155,80.65
2023-08-29,,,,,,,,,,,,,,,,,,,,,,,,,4.87,4.12,2.29,,,14.45,120.2669,81.14
2023-08-30,,,,,,,,,,,,,,,,,,,,,,,,,4.9,4.12,2.26,,,13.88,119.7937,81.64
2023-08-31,,,,,,,,,,,,,,,,,,,,,,,,,4.85,4.09,2.24,,,13.57,120.225,83.55
2023-09-01,307.276,307.789,310.539,121.419,120.058,357.488,332.732,303.449,385.285,130.338,187.65,689403.0,669120.0,556575.0,19048.1,15688.7,2145.7,4034.3,12868.1,17282.2,5.3,3.7,156417.0,5.33,4.87,4.18,2.26,67.8,3.2,13.09,120.759,85.52
2023-09-04,,,,,,,,,,,,,,,,,,,,,,,,,,,,,,13.82,,
2023-09-05,,,,,,,,,,,,,,,,,,,,,,,,,4.94,4.27,2.29,,,14.01,121.4345,86.74
2023-09-06,,,,,,,,,,,,,,,,,,,,,,,,,5.01,4.3,2.3,,,14.45,121.8671,87.55
2023-09-07,,,,,,,,,,,,,,,,,,,,,,,,,4.94,4.27,2.32,,,14.4,121.9528,86.87
2023-09-08,,,,,,,,,,,,,,,,,,,,,,,,,4.98,4.26,2.33,,,13.84,121.9475,87.51
2023-09-11,,,,,,,,,,,,,,,,,,,,,,,,,4.97,4.29,2.35,,,13.8,121.3386,87.3
2023-09-12,,,,,,,,,,,,,,,,,,,,,,,,,4.98,4.27,2.34,,,14.23,121.2913,88.87
2023-09-13,,,,,,,,,,,,,,,,,,,,,,,,,4.96,4.25,2.35,,,13.48,121.0549,88.59
2023-09-14,,,,,,,,,,,,,,,,,,,,,,,,,5.0,4.29,2.34,,,12.82,121.2395,90.13
2023-09-15,,,,,,,,,,,,,,,,,,,,,,,,,5.02,4.33,2.35,,,13.79,121.199,90.83
2023-09-18,,,,,,,,,,,,,,,,,,,,,,,,,5.05,4.32,2.36,,,14.0,121.1938,91.47
2023-09-19,,,,,,,,,,,,,,,,,,,,,,,,,5.08,4.37,2.37,,,14.11,121.1645,91.16
2023-09-20,,,,,,,,,,,,,,,,,,,,,,,,,5.12,4.35,2.35,,,15.14,120.9648,89.2
2023-09-21,,,,,,,,,,,,,,,,,,,,,,,,,5.12,4.49,2.38,,,17.54,121.5528,89.56
2023-09-22,,,,,,,,,,,,,,,,,,,,,,,,,5.1,4.44,2.37,,,17.2,121.5306,90.0
2023-09-25,,,,,,,,,,,,,,,,,,,,,,,,,5.09,4.55,2.37,,,16.9,122.1143,89.68
2023-09-26,,,,,,,,,,,,,,,,,,,,,,,,,5.04,4.56,2.33,,,18.94,122.4742,91.43
2023-09-27,,,,,,,,,,,,,,,,,,,,,,,,,5.1,4.61,2.34,,,18.22,122.9895,93.67
2023-09-28,,,,,,,,,,,,,,,,,,,,,,,,,5.04,4.59,2.39,,,17.34,122.5342,91.65
2023-09-29,,,,,,,,,,,,,,,,,,,,,,,,,5.03,4.59,2.35,,,17.52,122.3077,90.77
2023-10-01,307.696,307.671,311.457,121.484,120.241,358.824,320.296,304.366,386.771,131.274,186.879,686148.0,685078.0,555690.0,19109.4,15730.9,2134.1,4040.1,12935.2,17341.3,5.4,3.9,156576.0,5.33,,,,63.8,4.2,,,
2023-10-02,,,,,,,,,,,,,,,,,,,,,,,,,5.12,4.69,2.35,,,17.61,123.0545,88.81
2023-10-03,,,,,,,,,,,,,,,,,,,,,,,,,5.15,4.81,2.36,,,19.78,123.7848,89.26
2023-10-04,,,,,,,,,,,,,,,,,,,,,,,,,5.05,4.73,2.33,,,18.58,123.5946,84.32
2023-10-05,,,,,,,,,,,,,,,,,,,,,,,,,5.03,4.72,2.31,,,18.49,123.8993,82.3
2023-10-06,,,,,,,,,,,,,,,,,,,,,,,,,5.08,4.78,2.31,,,17.45,123.3563,82.83
2023-10-09,,,,,,,,,,,,,,,,,,,,,,,,,,,,,,17.7,,
2023-10-10,,,,,,,,,,,,,,,,,,,,,,,,,4.96,4.66,2.32,,,17.03,122.9282,85.89
2023-10-11,,,,,,,,,,,,,,,,,,,,,,,,,4.99,4.58,2.32,,,16.09,122.7697,83.7
2023-10-12,,,,,,,,,,,,,,,,,,,,,,,,,5.06,4.7,2.34,,,16.69,123.2101,82.87
2023-10-13,,,,,,,,,,,,,,,,,,,,,,,,,5.04,4.63,2.34,,,19.32,123.5954,87.67
2023-10-16,,,,,,,,,,,,,,,,,,,,,,,,,5.09,4.71,2.38,,,17.21,123.3185,86.65
2023-10-17,,,,,,,,,,,,,,,,,,,,,,,,,5.19,4.83,2.41,,,17.88,123.1202,86.66
2023-10-18,,,,,,,,,,,,,,,,,,,,,,,,,5.19,4.91,2.44,,,19.22,123.8148,88.35
2023-10-19,,,,,,,,,,,,,,,,,,,,,,,,,5.14,4.98,2.49,,,21.4,123.798,89.35
2023-10-20,,,,,,,,,,,,,,,,,,,,,,,,,5.07,4.93,2.47,,,21.71,123.612,89.12
2023-10-23,,,,,,,,,,,,,,,,,,,,,,,,,5.05,4.86,2.41,,,20.37,123.2846,85.49
2023-10-24,,,,,,,,,,,,,,,,,,,,,,,,,5.02,4.83,2.4,,,18.97,123.6416,84.58
2023-10-25,,,,,,,,,,,,,,,,,,,,,,,,,5.08,4.95,2.43,,,20.19,123.7871,86.07
2023-10-26,,,,,,,,,,,,,,,,,,,,,,,,,5.02,4.86,2.42,,,20.68,124.0064,83.8
2023-10-27,,,,,,,,,,,,,,,,,,,,,,,,,4.99,4.84,2.42,,,21.27,123.62,86.04
2023-10-30,,,,,,,,,,,,,,,,,,,,,,,,,5.03,4.88,2.44,,,19.75,123.4076,83.03
2023-10-31,,,,,,,,,,,,,,,,,,,,,,,,,5.07,4.88,2.42,,,18.14,123.8364,81.64
2023-11-01,308.148,307.051,312.392,121.493,120.374,360.383,306.714,304.332,388.525,130.099,189.444,685328.0,694957.0,555244.0,19178.9,15786.9,2125.0,4025.2,13028.8,17427.1,5.6,3.7,156703.0,5.33,4.95,4.77,2.41,61.3,4.5,16.87,123.7922,81.05
2023-11-02,,,,,,,,,,,,,,,,,,,,,,,,,4.98,4.67,2.4,,,15.66,122.8818,83.04
2023-11-03,,,,,,,,,,,,,,,,,,,,,,,,,4.83,4.57,2.39,,,14.91,121.7564,81.19
2023-11-06,,,,,,,,,,,,,,,,,,,,,,,,,4.93,4.67,2.42,,,14.89,121.6484,81.54
2023-11-07,,,,,,,,,,,,,,,,,,,,,,,,,4.91,4.58,2.39,,,14.81,122.0777,77.96
2023-11-08,,,,,,,,,,,,,,,,,,,,,,,,,4.93,4.49,2.34,,,14.45,122.0926,75.85
2023-11-09,,,,,,,,,,,,,,,,,,,,,,,,,5.03,4.62,2.33,,,15.29,122.1281,76.34
2023-11-10,,,,,,,,,,,,,,,,,,,,,,,,,5.04,4.61,2.32,,,14.17,,
2023-11-13,,,,,,,,,,,,,,,,,,,,,,,,,5.02,4.63,2.31,,,14.76,122.4264,78.86
2023-11-14,,,,,,,,,,,,,,,,,,,,,,,,,4.8,4.44,2.28,,,14.16,121.35,78.9
2023-11-15,,,,,,,,,,,,,,,,,,,,,,,,,4.9,4.53,2.31,,,14.18,121.0749,77.15
2023-11-16,,,,,,,,,,,,,,,,,,,,,,,,,4.83,4.45,2.27,,,14.32,121.1754,73.5
2023-11-17,,,,,,,,,,,,,,,,,,,,,,,,,4.88,4.44,2.28,,,13.8,120.8477,76.47
2023-11-20,,,,,,,,,,,,,,,,,,,,,,,,,4.89,4.42,2.3,,,13.41,120.2533,78.1
2023-11-21,,,,,,,,,,,,,,,,,,,,,,,,,4.86,4.41,2.25,,,13.35,120.2241,78.35
2023-11-22,,,,,,,,,,,,,,,,,,,,,,,,,4.89,4.42,2.26,,,12.85,120.6802,76.8
2023-11-23,,,,,,,,,,,,,,,,,,,,,,,,,,,,,,12.8,,
2023-11-24,,,,,,,,,,,,,,,,,,,,,,,,,4.92,4.47,2.26,,,12.46,120.2105,74.83
2023-11-27,,,,,,,,,,,,,,,,,,,,,,,,,4.84,4.39,2.21,,,12.69,120.173,74.46
2023-11-28,,,,,,,,,,,,,,,,,,,,,,,,,4.73,4.34,2.22,,,12.69,119.5904,76.09
2023-11-29,,,,,,,,,,,,,,,,,,,,,,,,,4.64,4.27,2.21,,,12.98,119.8159,77.56
2023-11-30,,,,,,,,,,,,,,,,,,,,,,,,,4.73,4.37,2.23,,,12.92,120.2434,75.66
2023-12-01,308.741,306.746,313.195,121.66,120.592,361.564,303.319,304.505,390.139,129.942,190.57,686277.0,751657.0,556052.0,19283.5,15851.3,2139.4,4031.2,13113.0,17481.7,5.6,3.8,156857.0,5.33,4.56,4.22,2.22,69.7,3.1,12.63,119.9424,73.7
2023-12-04,,,,,,,,,,,,,,,,,,,,,,,,,4.64,4.28,2.21,,,13.08,120.4727,72.73
2023-12-05,,,,,,,,,,,,,,,,,,,,,,,,,4.57,4.18,2.17,,,12.85,120.7913,71.95
2023-12-06,,,,,,,,,,,,,,,,,,,,,,,,,4.6,4.12,2.14,,,12.97,120.5334,68.98
2023-12-07,,,,,,,,,,,,,,,,,,,,,,,,,4.58,4.14,2.17,,,13.06,120.6013,69.0
2023-12-08,,,,,,,,,,,,,,,,,,,,,,,,,4.71,4.23,2.21,,,12.35,120.7607,70.87
2023-12-11,,,,,,,,,,,,,,,,,,,,,,,,,4.71,4.23,2.19,,,12.63,120.9279,70.95
2023-12-12,,,,,,,,,,,,,,,,,,,,,,,,,4.73,4.2,2.16,,,12.07,120.6817,68.27
2023-12-13,,,,,,,,,,,,,,,,,,,,,,,,,4.46,4.04,2.16,,,12.19,121.1571,69.09
2023-12-14,,,,,,,,,,,,,,,,,,,,,,,,,4.37,3.92,2.22,,,12.48,119.5683,71.21
2023-12-15,,,,,,,,,,,,,,,,,,,,,,,,,4.44,3.91,2.22,,,12.28,119.7382,71.05
2023-12-18,,,,,,,,,,,,,,,,,,,,,,,,,4.43,3.95,2.21,,,12.56,119.9102,72.16
2023-12-19,,,,,,,,,,,,,,,,,,,,,,,,,4.41,3.93,2.19,,,12.53,119.4632,73.23
2023-12-20,,,,,,,,,,,,,,,,,,,,,,,,,4.34,3.86,2.19,,,13.67,119.5435,73.87
2023-12-21,,,,,,,,,,,,,,,,,,,,,,,,,4.33,3.89,2.19,,,13.65,119.3168,73.59
2023-12-22,,,,,,,,,,,,,,,,,,,,,,,,,4.31,3.9,2.19,,,13.03,119.0625,73.29
2023-12-25,,,,,,,,,,,,,,,,,,,,,,,,,,,,,,,,
2023-12-26,,,,,,,,,,,,,,,,,,,,,,,,,4.26,3.89,2.18,,,12.99,118.8875,75.84
2023-12-27,,,,,,,,,,,,,,,,,,,,,,,,,4.2,3.79,2.15,,,12.43,118.4729,74.31
2023-12-28,,,,,,,,,,,,,,,,,,,,,,,,,4.26,3.84,2.16,,,12.47,118.4104,72.02
2023-12-29,,,,,,,,,,,,,,,,,,,,,,,,,4.23,3.88,2.16,,,12.45,118.4208,71.89
2024-01-01,309.698,308.417,314.319,122.23,121.217,363.249,297.154,305.187,392.322,129.685,183.189,680456.0,622927.0,551100.0,19303.3,15793.7,2106.0,3989.1,13208.2,17575.4,6.4,3.7,157032.0,5.33,,,,79.0,2.9,,,
2024-01-02,,,,,,,,,,,,,,,,,,,,,,,,,4.33,3.95,2.21,,,13.2,119.2686,70.62
2024-01-03,,,,,,,,,,,,,,,,,,,,,,,,,4.33,3.91,2.2,,,14.04,119.6958,72.97
2024-01-04,,,,,,,,,,,,,,,,,,,,,,,,,4.38,3.99,2.22,,,14.13,119.6208,72.38
2024-01-05,,,,,,,,,,,,,,,,,,,,,,,,,4.4,4.05,2.22,,,13.35,119.388,74.0
2024-01-08,,,,,,,,,,,,,,,,,,,,,,,,,4.36,4.01,2.22,,,13.08,119.2506,71.06
2024-01-09,,,,,,,,,,,,,,,,,,,,,,,,,4.36,4.02,2.22,,,12.76,119.6666,72.43
2024-01-10,,,,,,,,,,,,,,,,,,,,,,,,,4.37,4.04,2.22,,,12.69,119.7614,71.57
2024-01-11,,,,,,,,,,,,,,,,,,,,,,,,,4.26,3.98,2.22,,,12.44,119.8916,72.15
2024-01-12,,,,,,,,,,,,,,,,,,,,,,,,,4.14,3.96,2.27,,,12.7,119.534,72.94
2024-01-15,,,,,,,,,,,,,,,,,,,,,,,,,,,,,,13.25,,
2024-01-16,,,,,,,,,,,,,,,,,,,,,,,,,4.22,4.07,2.3,,,13.84,120.5759,72.63
2024-01-17,,,,,,,,,,,,,,,,,,,,,,,,,4.34,4.1,2.3,,,14.79,121.0402,72.79
2024-01-18,,,,,,,,,,,,,,,,,,,,,,,,,4.34,4.14,2.34,,,14.13,120.8895,74.32
2024-01-19,,,,,,,,,,,,,,,,,,,,,,,,,4.39,4.15,2.34,,,13.3,120.6442,73.69
2024-01-22,,,,,,,,,,,,,,,,,,,,,,,,,4.37,4.11,2.31,,,13.19,120.6178,75.26
2024-01-23,,,,,,,,,,,,,,,,,,,,,,,,,4.31,4.14,2.29,,,12.55,121.1001,74.72
2024-01-24,,,,,,,,,,,,,,,,,,,,,,,,,4.34,4.18,2.3,,,13.14,120.4916,75.48
2024-01-25,,,,,,,,,,,,,,,,,,,,,,,,,4.28,4.14,2.29,,,13.45,120.8311,77.91
2024-01-26,,,,,,,,,,,,,,,,,,,,,,,,,4.34,4.15,2.3,,,13.26,120.6173,78.45
2024-01-29,,,,,,,,,,,,,,,,,,,,,,,,,4.29,4.08,2.3,,,13.6,120.8538,77.25
2024-01-30,,,,,,,,,,,,,,,,,,,,,,,,,4.36,4.06,2.26,,,13.31,120.6025,78.3
2024-01-31,,,,,,,,,,,,,,,,,,,,,,,,,4.27,3.99,2.26,,,14.35,120.4331,76.28
2024-02-01,310.967,310.326,315.564,122.598,121.537,363.596,303.183,305.432,394.078,130.309,185.254,685280.0,631639.0,553809.0,19446.5,15863.1,2130.9,3997.9,13317.6,17596.2,6.1,3.9,157238.0,5.33,4.2,3.87,2.19,76.9,3.0,13.88,120.3335,74.36
2024-02-02,,,,,,,,,,,,,,,,,,,,,,,,,4.36,4.03,2.21,,,13.85,120.902,72.72
2024-02-05,,,,,,,,,,,,,,,,,,,,,,,,,4.46,4.17,2.27,,,13.67,121.349,73.21
2024-02-06,,,,,,,,,,,,,,,,,,,,,,,,,4.39,4.09,2.24,,,13.06,120.9588,73.83
2024-02-07,,,,,,,,,,,,,,,,,,,,,,,,,4.41,4.09,2.23,,,12.83,120.9049,74.26
2024-02-08,,,,,,,,,,,,,,,,,,,,,,,,,4.46,4.15,2.24,,,12.79,121.0798,76.67
2024-02-09,,,,,,,,,,,,,,,,,,,,,,,,,4.48,4.17,2.25,,,12.93,121.039,77.26
2024-02-12,,,,,,,,,,,,,,,,,,,,,,,,,4.46,4.17,2.24,,,13.93,120.9378,77.34
2024-02-13,,,,,,,,,,,,,,,,,,,,,,,,,4.64,4.31,2.29,,,15.85,121.5202,78.28
2024-02-14,,,,,,,,,,,,,,,,,,,,,,,,,4.56,4.27,2.3,,,14.38,121.4002,77.09
2024-02-15,,,,,,,,,,,,,,,,,,,,,,,,,4.56,4.24,2.3,,,14.01,121.2121,78.47
2024-02-16,,,,,,,,,,,,,,,,,,,,,,,,,4.64,4.3,2.33,,,14.24,121.1505,79.65
2024-02-19,,,,,,,,,,,,,,,,,,,,,,,,,,,,,,14.71,,
2024-02-20,,,,,,,,,,,,,,,,,,,,,,,,,4.59,4.27,2.32,,,15.42,121.0199,78.72
2024-02-21,,,,,,,,,,,,,,,,,,,,,,,,,4.64,4.32,2.34,,,15.34,121.0379,78.89
2024-02-22,,,,,,,,,,,,,,,,,,,,,,,,,4.69,4.33,2.31,,,14.54,121.102,79.64
2024-02-23,,,,,,,,,,,,,,,,,,,,,,,,,4.67,4.26,2.3,,,13.75,121.0369,77.6
2024-02-26,,,,,,,,,,,,,,,,,,,,,,,,,4.69,4.28,2.31,,,13.74,121.0592,78.53
2024-02-27,,,,,,,,,,,,,,,,,,,,,,,,,4.7,4.31,2.32,,,13.43,120.9647,79.8
2024-02-28,,,,,,,,,,,,,,,,,,,,,,,,,4.64,4.27,2.33,,,13.84,121.128,79.44
2024-02-29,,,,,,,,,,,,,,,,,,,,,,,,,4.64,4.25,2.33,,,13.4,121.1824,79.22
2024-03-01,312.345,312.332,316.792,123.038,122.009,364.546,313.054,305.01,395.827,130.956,184.6,687641.0,693859.0,557426.0,19581.8,15916.3,2142.1,4043.0,13396.7,17617.0,5.9,3.9,157466.0,5.33,4.54,4.19,2.32,79.4,2.9,13.11,121.0111,80.9
2024-03-04,,,,,,,,,,,,,,,,,,,,,,,,,4.61,4.22,2.34,,,13.49,120.872,79.67
2024-03-05,,,,,,,,,,,,,,,,,,,,,,,,,4.54,4.13,2.32,,,14.46,120.8846,79.11
2024-03-06,,,,,,,,,,,,,,,,,,,,,,,,,4.55,4.11,2.3,,,14.5,120.4649,80.08
2024-03-07,,,,,,,,,,,,,,,,,,,,,,,,,4.5,4.09,2.28,,,14.44,120.1909,79.81
2024-03-08,,,,,,,,,,,,,,,,,,,,,,,,,4.48,4.09,2.28,,,14.74,119.975,78.96
2024-03-11,,,,,,,,,,,,,,,,,,,,,,,,,4.51,4.1,2.27,,,15.22,120.0394,78.87
2024-03-12,,,,,,,,,,,,,,,,,,,,,,,,,4.58,4.16,2.3,,,13.84,120.1668,78.51
2024-03-13,,,,,,,,,,,,,,,,,,,,,,,,,4.61,4.19,2.3,,,13.75,119.9642,80.67
2024-03-14,,,,,,,,,,,,,,,,,,,,,,,,,4.68,4.29,2.3,,,14.4,120.241,82.16
2024-03-15,,,,,,,,,,,,,,,,,,,,,,,,,4.72,4.31,2.32,,,14.41,120.4003,81.94
2024-03-18,,,,,,,,,,,,,,,,,,,,,,,,,4.73,4.34,2.31,,,14.33,120.5752,83.68
2024-03-19,,,,,,,,,,,,,,,,,,,,,,,,,4.68,4.3,2.3,,,13.82,120.9332,84.39
2024-03-20,,,,,,,,,,,,,,,,,,,,,,,,,4.59,4.27,2.31,,,13.04,120.9289,82.79
2024-03-21,,,,,,,,,,,,,,,,,,,,,,,,,4.62,4.27,2.34,,,12.92,120.8086,81.99
2024-03-22,,,,,,,,,,,,,,,,,,,,,,,,,4.59,4.22,2.35,,,13.06,121.1842,81.1
2024-03-25,,,,,,,,,,,,,,,,,,,,,,,,,4.54,4.25,2.33,,,13.19,121.0295,82.41
2024-03-26,,,,,,,,,,,,,,,,,,,,,,,,,4.56,4.24,2.32,,,13.24,121.0742,82.41
2024-03-27,,,,,,,,,,,,,,,,,,,,,,,,,4.54,4.2,2.32,,,12.78,121.0089,82.15
2024-03-28,,,,,,,,,,,,,,,,,,,,,,,,,4.59,4.2,2.32,,,13.01,121.0635,83.96
2024-03-29,,,,,,,,,,,,,,,,,,,,,,,,,,,,,,,121.0191,
2024-04-01,313.023,313.548,317.649,123.341,122.304,365.813,312.728,305.354,397.196,132.237,181.983,687602.0,686711.0,558388.0,19665.7,15945.2,2140.6,4059.5,13465.6,17638.6,5.8,3.9,157530.0,5.33,4.72,4.33,2.35,77.2,3.2,13.65,121.5151,84.54
2024-04-02,,,,,,,,,,,,,,,,,,,,,,,,,4.7,4.36,2.36,,,14.61,121.3035,85.95
2024-04-03,,,,,,,,,,,,,,,,,,,,,,,,,4.68,4.36,2.36,,,14.33,121.0198,86.22
2024-04-04,,,,,,,,,,,,,,,,,,,,,,,,,4.65,4.31,2.34,,,16.35,120.7613,87.37
2024-04-05,,,,,,,,,,,,,,,,,,,,,,,,,4.73,4.39,2.37,,,16.03,120.9646,87.69
2024-04-08,,,,,,,,,,,,,,,,,,,,,,,,,4.78,4.42,2.38,,,15.19,120.7359,87.24
2024-04-09,,,,,,,,,,,,,,,,,,,,,,,,,4.74,4.36,2.36,,,14.98,120.7048,86.04
2024-04-10,,,,,,,,,,,,,,,,,,,,,,,,,4.97,4.55,2.4,,,15.8,121.5727,86.98
2024-04-11,,,,,,,,,,,,,,,,,,,,,,,,,4.93,4.56,2.4,,,14.91,121.6081,85.79
2024-04-12,,,,,,,,,,,,,,,,,,,,,,,,,4.88,4.5,2.39,,,17.31,122.2885,86.46
2024-04-15,,,,,,,,,,,,,,,,,,,,,,,,,4.93,4.63,2.43,,,19.23,122.425,86.21
2024-04-16,,,,,,,,,,,,,,,,,,,,,,,,,4.97,4.67,2.43,,,18.4,123.1234,86.15
2024-04-17,,,,,,,,,,,,,,,,,,,,,,,,,4.93,4.59,2.39,,,18.21,123.0207,83.58
2024-04-18,,,,,,,,,,,,,,,,,,,,,,,,,4.98,4.64,2.4,,,18.0,123.0017,83.5
2024-04-19,,,,,,,,,,,,,,,,,,,,,,,,,4.97,4.62,2.41,,,18.71,123.1075,83.79
2024-04-22,,,,,,,,,,,,,,,,,,,,,,,,,4.97,4.62,2.41,,,16.94,123.0609,83.82
2024-04-23,,,,,,,,,,,,,,,,,,,,,,,,,4.86,4.61,2.41,,,15.69,122.7227,84.17
2024-04-24,,,,,,,,,,,,,,,,,,,,,,,,,4.89,4.65,2.41,,,15.97,122.89,84.09
2024-04-25,,,,,,,,,,,,,,,,,,,,,,,,,4.96,4.7,2.42,,,15.37,122.8384,84.92
2024-04-26,,,,,,,,,,,,,,,,,,,,,,,,,4.96,4.67,2.43,,,15.03,122.9471,85.38
2024-04-29,,,,,,,,,,,,,,,,,,,,,,,,,4.97,4.63,2.41,,,14.67,122.5449,84.26
2024-04-30,,,,,,,,,,,,,,,,,,,,,,,,,5.04,4.69,2.41,,,15.65,122.9853,83.49
2024-05-01,313.175,314.069,318.095,123.348,122.383,367.099,305.909,305.414,398.689,132.027,180.577,692774.0,730332.0,560134.0,19758.0,16019.2,2158.8,4077.5,13521.7,17713.3,5.8,3.9,157608.0,5.33,4.96,4.63,2.38,69.1,3.3,15.39,123.0168,80.7
2024-05-02,,,,,,,,,,,,,,,,,,,,,,,,,4.87,4.58,2.37,,,14.68,122.4384,80.59
2024-05-03,,,,,,,,,,,,,,,,,,,,,,,,,4.81,4.5,2.35,,,13.49,122.1375,79.65
2024-05-06,,,,,,,,,,,,,,,,,,,,,,,,,4.82,4.49,2.35,,,13.49,121.8913,80.1
2024-05-07,,,,,,,,,,,,,,,,,,,,,,,,,4.82,4.47,2.32,,,13.23,122.093,79.97
2024-05-08,,,,,,,,,,,,,,,,,,,,,,,,,4.84,4.48,2.31,,,13.0,122.1926,80.57
2024-05-09,,,,,,,,,,,,,,,,,,,,,,,,,4.8,4.45,2.32,,,12.69,122.1634,80.86
2024-05-10,,,,,,,,,,,,,,,,,,,,,,,,,4.87,4.5,2.34,,,12.55,122.014,79.81
2024-05-13,,,,,,,,,,,,,,,,,,,,,,,,,4.85,4.48,2.33,,,13.6,122.0261,80.71
2024-05-14,,,,,,,,,,,,,,,,,,,,,,,,,4.81,4.45,2.33,,,13.42,121.9256,79.62
2024-05-15,,,,,,,,,,,,,,,,,,,,,,,,,4.73,4.36,2.31,,,12.45,121.3543,80.23
2024-05-16,,,,,,,,,,,,,,,,,,,,,,,,,4.78,4.38,2.31,,,12.42,121.2236,80.85
2024-05-17,,,,,,,,,,,,,,,,,,,,,,,,,4.83,4.42,2.32,,,11.99,121.2354,81.66
2024-05-20,,,,,,,,,,,,,,,,,,,,,,,,,4.82,4.44,2.33,,,12.15,121.2289,81.39
2024-05-21,,,,,,,,,,,,,,,,,,,,,,,,,4.82,4.41,2.32,,,11.86,121.3793,80.66
2024-05-22,,,,,,,,,,,,,,,,,,,,,,,,,4.86,4.43,2.33,,,12.29,121.5462,79.15
2024-05-23,,,,,,,,,,,,,,,,,,,,,,,,,4.91,4.47,2.3,,,12.77,121.7477,77.47
2024-05-24,,,,,,,,,,,,,,,,,,,,,,,,,4.93,4.46,2.32,,,11.93,121.6172,78.48
2024-05-27,,,,,,,,,,,,,,,,,,,,,,,,,,,,,,12.36,,
2024-05-28,,,,,,,,,,,,,,,,,,,,,,,,,4.94,4.54,2.34,,,12.92,121.43,80.9
2024-05-29,,,,,,,,,,,,,,,,,,,,,,,,,4.96,4.61,2.36,,,14.28,122.1641,80.24
2024-05-30,,,,,,,,,,,,,,,,,,,,,,,,,4.92,4.55,2.36,,,14.47,121.9601,78.96
2024-05-31,,,,,,,,,,,,,,,,,,,,,,,,,4.89,4.51,2.35,,,12.92,122.098,77.97
2024-06-01,313.044,314.175,318.39,123.539,122.677,368.616,294.143,305.582,399.699,131.956,177.965,692449.0,688151.0,563966.0,19844.5,16064.4,2156.2,4080.5,13607.9,17751.1,5.7,4.1,157695.0,5.33,,,,68.2,3.0,,,
2024-06-03,,,,,,,,,,,,,,,,,,,,,,,,,4.82,4.41,2.33,,,13.11,122.3509,75.26
2024-06-04,,,,,,,,,,,,,,,,,,,,,,,,,4.77,4.33,2.31,,,13.16,122.7256,74.27
2024-06-05,,,,,,,,,,,,,,,,,,,,,,,,,4.72,4.29,2.3,,,12.63,122.5339,75.08
2024-06-06,,,,,,,,,,,,,,,,,,,,,,,,,4.72,4.28,2.28,,,12.58,122.3713,76.52
2024-06-07,,,,,,,,,,,,,,,,,,,,,,,,,4.87,4.43,2.3,,,12.22,123.549,76.53
2024-06-10,,,,,,,,,,,,,,,,,,,,,,,,,4.87,4.47,2.31,,,12.74,123.9125,78.75
2024-06-11,,,,,,,,,,,,,,,,,,,,,,,,,4.81,4.39,2.27,,,12.85,124.0349,78.88
2024-06-12,,,,,,,,,,,,,,,,,,,,,,,,,4.75,4.31,2.22,,,12.04,123.8295,79.56
2024-06-13,,,,,,,,,,,,,,,,,,,,,,,,,4.68,4.24,2.21,,,11.94,124.0235,79.61
2024-06-14,,,,,,,,,,,,,,,,,,,,,,,,,4.67,4.2,2.17,,,12.66,124.1694,79.41
2024-06-17,,,,,,,,,,,,,,,,,,,,,,,,,4.75,4.28,2.22,,,12.75,124.239,81.33
2024-06-18,,,,,,,,,,,,,,,,,,,,,,,,,4.69,4.22,2.21,,,12.3,123.9776,82.67
2024-06-19,,,,,,,,,,,,,,,,,,,,,,,,,,,,,,12.48,,
2024-06-20,,,,,,,,,,,,,,,,,,,,,,,,,4.7,4.25,2.25,,,13.28,124.192,83.34
2024-06-21,,,,,,,,,,,,,,,,,,,,,,,,,4.7,4.25,2.23,,,13.2,124.1086,81.71
2024-06-24,,,,,,,,,,,,,,,,,,,,,,,,,4.71,4.25,2.22,,,13.33,123.7125,82.63
2024-06-25,,,,,,,,,,,,,,,,,,,,,,,,,4.65,4.23,2.22,,,12.84,123.9417,81.97
2024-06-26,,,,,,,,,,,,,,,,,,,,,,,,,4.71,4.32,2.26,,,12.55,124.26,82.19
2024-06-27,,,,,,,,,,,,,,,,,,,,,,,,,4.7,4.29,2.26,,,12.24,124.3379,83.04
2024-06-28,,,,,,,,,,,,,,,,,,,,,,,,,4.71,4.36,2.28,,,12.44,124.2103,82.83
2024-07-01,313.569,314.54,318.94,123.736,122.911,369.383,294.025,306.285,401.139,131.569,175.308,698835.0,713406.0,566007.0,19949.5,16123.8,2181.2,4103.8,13664.6,17743.2,5.3,4.2,157748.0,5.33,4.77,4.48,2.32,66.4,2.9,12.22,124.4667,84.7
2024-07-02,,,,,,,,,,,,,,,,,,,,,,,,,4.74,4.43,2.3,,,12.03,124.2917,84.09
2024-07-03,,,,,,,,,,,,,,,,,,,,,,,,,4.71,4.36,2.27,,,12.09,123.7768,85.19
2024-07-04,,,,,,,,,,,,,,,,,,,,,,,,,,,,,,12.26,,
2024-07-05,,,,,,,,,,,,,,,,,,,,,,,,,4.6,4.28,2.28,,,12.48,123.4762,84.44
2024-07-08,,,,,,,,,,,,,,,,,,,,,,,,,4.62,4.28,2.27,,,12.37,123.3576,83.63
2024-07-09,,,,,,,,,,,,,,,,,,,,,,,,,4.62,4.3,2.26,,,12.51,123.4071,82.78
2024-07-10,,,,,,,,,,,,,,,,,,,,,,,,,4.62,4.28,2.27,,,12.85,123.1895,83.39
2024-07-11,,,,,,,,,,,,,,,,,,,,,,,,,4.5,4.2,2.25,,,12.92,122.769,83.92
2024-07-12,,,,,,,,,,,,,,,,,,,,,,,,,4.45,4.18,2.24,,,12.46,122.4404,83.49
2024-07-15,,,,,,,,,,,,,,,,,,,,,,,,,4.44,4.23,2.27,,,13.12,122.6347,83.22
2024-07-16,,,,,,,,,,,,,,,,,,,,,,,,,4.43,4.17,2.26,,,13.19,122.7264,81.92
2024-07-17,,,,,,,,,,,,,,,,,,,,,,,,,4.42,4.16,2.26,,,14.48,122.518,84.16
2024-07-18,,,,,,,,,,,,,,,,,,,,,,,,,4.46,4.2,2.31,,,15.93,122.7909,84.17
2024-07-19,,,,,,,,,,,,,,,,,,,,,,,,,4.49,4.25,2.32,,,16.52,123.147,81.43
2024-07-22,,,,,,,,,,,,,,,,,,,,,,,,,4.5,4.26,2.3,,,14.91,123.2172,81.25
2024-07-23,,,,,,,,,,,,,,,,,,,,,,,,,4.4,4.25,2.29,,,14.72,123.3843,78.24
2024-07-24,,,,,,,,,,,,,,,,,,,,,,,,,4.37,4.28,2.28,,,18.04,123.5575,78.78
2024-07-25,,,,,,,,,,,,,,,,,,,,,,,,,4.41,4.27,2.28,,,18.46,123.5286,79.43
2024-07-26,,,,,,,,,,,,,,,,,,,,,,,,,4.36,4.2,2.27,,,16.39,123.672,78.58
2024-07-29,,,,,,,,,,,,,,,,,,,,,,,,,4.36,4.17,2.25,,,16.6,124.1392,77.27
2024-07-30,,,,,,,,,,,,,,,,,,,,,,,,,4.35,4.15,2.25,,,17.69,124.2855,76.17
2024-07-31,,,,,,,,,,,,,,,,,,,,,,,,,4.29,4.09,2.24,,,16.36,123.6373,79.36
2024-08-01,314.062,314.796,319.75,123.889,123.128,370.348,290.263,306.399,402.895,131.415,174.703,697039.0,720251.0,564844.0,20001.3,16145.7,2170.9,4088.6,13741.8,17752.9,5.2,4.2,157757.0,5.33,4.16,3.99,2.2,67.9,2.8,18.59,123.8693,77.74
2024-08-02,,,,,,,,,,,,,,,,,,,,,,,,,3.88,3.8,2.04,,,23.39,123.4681,74.99
2024-08-05,,,,,,,,,,,,,,,,,,,,,,,,,3.89,3.78,2.07,,,38.57,123.5787,74.46
2024-08-06,,,,,,,,,,,,,,,,,,,,,,,,,3.99,3.9,2.12,,,27.71,123.6532,74.6
2024-08-07,,,,,,,,,,,,,,,,,,,,,,,,,4.0,3.96,2.11,,,27.85,123.5698,76.68
2024-08-08,,,,,,,,,,,,,,,,,,,,,,,,,4.04,3.99,2.12,,,23.79,123.4466,77.64
2024-08-09,,,,,,,,,,,,,,,,,,,,,,,,,4.05,3.94,2.1,,,20.37,122.9276,78.28
2024-08-12,,,,,,,,,,,,,,,,,,,,,,,,,4.01,3.9,2.11,,,20.71,123.2204,81.45
2024-08-13,,,,,,,,,,,,,,,,,,,,,,,,,3.93,3.85,2.09,,,18.12,123.0146,79.81
2024-08-14,,,,,,,,,,,,,,,,,,,,,,,,,3.94,3.83,2.06,,,16.19,122.4297,78.47
2024-08-15,,,,,,,,,,,,,,,,,,,,,,,,,4.08,3.92,2.12,,,15.23,122.5844,79.66
2024-08-16,,,,,,,,,,,,,,,,,,,,,,,,,4.06,3.89,2.08,,,14.8,122.3972,78.05
2024-08-19,,,,,,,,,,,,,,,,,,,,,,,,,4.06,3.86,2.07,,,14.65,121.8788,75.82
2024-08-20,,,,,,,,,,,,,,,,,,,,,,,,,3.99,3.82,2.07,,,15.88,121.7728,75.27
2024-08-21,,,,,,,,,,,,,,,,,,,,,,,,,3.92,3.79,2.07,,,16.27,121.8535,72.76
2024-08-22,,,,,,,,,,,,,,,,,,,,,,,,,3.99,3.86,2.1,,,17.55,122.3626,73.72
2024-08-23,,,,,,,,,,,,,,,,,,,,,,,,,3.9,3.81,2.13,,,15.86,121.4597,75.82
2024-08-26,,,,,,,,,,,,,,,,,,,,,,,,,3.91,3.82,2.15,,,16.15,121.6943,78.4
2024-08-27,,,,,,,,,,,,,,,,,,,,,,,,,3.83,3.83,2.15,,,15.43,121.8672,76.5
2024-08-28,,,,,,,,,,,,,,,,,,,,,,,,,3.83,3.84,2.15,,,17.11,121.8943,75.49
2024-08-29,,,,,,,,,,,,,,,,,,,,,,,,,3.87,3.87,2.16,,,15.65,122.2333,76.9
2024-08-30,,,,,,,,,,,,,,,,,,,,,,,,,3.91,3.91,2.15,,,15.0,122.3262,74.52
2024-09-01,314.732,315.301,320.732,124.164,123.466,371.604,282.057,307.258,403.956,132.539,175.834,703055.0,670818.0,570796.0,20147.6,16227.8,2199.7,4130.5,13817.4,17769.9,4.8,4.1,157912.0,5.13,,,,70.1,2.7,,,
2024-09-02,,,,,,,,,,,,,,,,,,,,,,,,,,,,,,15.55,,
2024-09-03,,,,,,,,,,,,,,,,,,,,,,,,,3.88,3.84,2.11,,,20.72,122.7811,71.28
2024-09-04,,,,,,,,,,,,,,,,,,,,,,,,,3.76,3.77,2.07,,,21.32,122.5144,70.11
2024-09-05,,,,,,,,,,,,,,,,,,,,,,,,,3.75,3.73,2.03,,,19.9,122.4533,70.09
2024-09-06,,,,,,,,,,,,,,,,,,,,,,,,,3.66,3.72,2.03,,,22.38,122.4991,68.58
2024-09-09,,,,,,,,,,,,,,,,,,,,,,,,,3.68,3.7,2.04,,,19.45,122.7156,69.65
2024-09-10,,,,,,,,,,,,,,,,,,,,,,,,,3.59,3.65,2.02,,,19.08,123.0071,66.73
2024-09-11,,,,,,,,,,,,,,,,,,,,,,,,,3.62,3.65,2.04,,,17.69,122.7754,68.25
2024-09-12,,,,,,,,,,,,,,,,,,,,,,,,,3.64,3.68,2.05,,,17.07,122.4423,69.89
2024-09-13,,,,,,,,,,,,,,,,,,,,,,,,,3.57,3.66,2.08,,,16.56,121.6551,69.59
2024-09-16,,,,,,,,,,,,,,,,,,,,,,,,,3.56,3.63,2.09,,,17.14,121.4976,71.1
2024-09-17,,,,,,,,,,,,,,,,,,,,,,,,,3.59,3.65,2.12,,,17.61,121.6031,72.16
2024-09-18,,,,,,,,,,,,,,,,,,,,,,,,,3.61,3.7,2.12,,,18.23,121.5618,71.87
2024-09-19,,,,,,,,,,,,,,,,,,,,,,,,,3.59,3.73,2.17,,,16.33,121.3059,72.86
2024-09-20,,,,,,,,,,,,,,,,,,,,,,,,,3.55,3.73,2.15,,,16.15,121.4052,72.72
2024-09-23,,,,,,,,,,,,,,,,,,,,,,,,,3.57,3.75,2.17,,,15.89,121.4303,71.33
2024-09-24,,,,,,,,,,,,,,,,,,,,,,,,,3.49,3.74,2.19,,,15.39,121.1291,72.34
2024-09-25,,,,,,,,,,,,,,,,,,,,,,,,,3.53,3.79,2.18,,,15.41,121.4447,70.42
2024-09-26,,,,,,,,,,,,,,,,,,,,,,,,,3.6,3.79,2.16,,,15.37,121.0785,68.28
2024-09-27,,,,,,,,,,,,,,,,,,,,,,,,,3.55,3.75,2.15,,,16.96,121.1111,68.72
2024-09-30,,,,,,,,,,,,,,,,,,,,,,,,,3.66,3.81,2.18,,,16.73,121.2864,68.75
2024-10-01,315.631,315.664,321.731,124.494,123.832,372.486,281.588,307.867,405.721,131.741,177.734,708290.0,718256.0,572687.0,20226.0,16247.7,2210.1,4124.6,13891.4,17810.5,5.0,4.1,157945.0,4.83,3.61,3.74,2.19,70.5,2.7,19.26,121.6881,70.41
2024-10-02,,,,,,,,,,,,,,,,,,,,,,,,,3.63,3.79,2.21,,,18.9,121.5724,70.74
2024-10-03,,,,,,,,,,,,,,,,,,,,,,,,,3.7,3.85,2.21,,,20.49,122.1197,74.33
2024-10-04,,,,,,,,,,,,,,,,,,,,,,,,,3.93,3.98,2.23,,,19.21,122.2197,74.93
2024-10-07,,,,,,,,,,,,,,,,,,,,,,,,,3.99,4.03,2.27,,,22.64,122.4241,77.76
2024-10-08,,,,,,,,,,,,,,,,,,,,,,,,,3.98,4.04,2.27,,,21.42,122.6625,74.26
2024-10-09,,,,,,,,,,,,,,,,,,,,,,,,,3.99,4.06,2.29,,,20.86,122.8821,73.85
2024-10-10,,,,,,,,,,,,,,,,,,,,,,,,,3.98,4.09,2.33,,,20.93,123.0951,76.46
2024-10-11,,,,,,,,,,,,,,,,,,,,,,,,,3.95,4.08,2.33,,,20.46,122.9805,76.11
2024-10-14,,,,,,,,,,,,,,,,,,,,,,,,,,,,,,19.7,,
2024-10-15,,,,,,,,,,,,,,,,,,,,,,,,,3.95,4.03,2.28,,,20.64,123.5124,71.22
2024-10-16,,,,,,,,,,,,,,,,,,,,,,,,,3.93,4.02,2.27,,,19.58,123.9235,70.97
2024-10-17,,,,,,,,,,,,,,,,,,,,,,,,,3.96,4.09,2.3,,,19.11,124.1122,71.26
2024-10-18,,,,,,,,,,,,,,,,,,,,,,,,,3.95,4.08,2.31,,,18.03,123.9185,69.78
2024-10-21,,,,,,,,,,,,,,,,,,,,,,,,,4.02,4.19,2.31,,,18.37,124.4757,71.16
2024-10-22,,,,,,,,,,,,,,,,,,,,,,,,,4.03,4.2,2.33,,,18.2,124.4107,72.84
2024-10-23,,,,,,,,,,,,,,,,,,,,,,,,,4.07,4.24,2.31,,,19.24,124.6931,71.37
2024-10-24,,,,,,,,,,,,,,,,,,,,,,,,,4.07,4.21,2.3,,,19.08,124.5127,70.58
2024-10-25,,,,,,,,,,,,,,,,,,,,,,,,,4.11,4.25,2.29,,,20.33,124.6105,72.02
2024-10-28,,,,,,,,,,,,,,,,,,,,,,,,,4.12,4.28,2.29,,,19.8,124.8076,67.65
2024-10-29,,,,,,,,,,,,,,,,,,,,,,,,,4.11,4.28,2.3,,,19.34,124.8612,67.48
2024-10-30,,,,,,,,,,,,,,,,,,,,,,,,,4.15,4.29,2.34,,,20.35,124.8153,68.91
2024-10-31,,,,,,,,,,,,,,,,,,,,,,,,,4.16,4.28,2.33,,,23.16,124.7988,69.58
2024-11-01,316.528,315.493,322.657,124.637,123.962,373.53,281.939,309.093,407.114,131.692,179.904,711853.0,722947.0,572288.0,20313.6,16299.5,2246.5,4124.3,13942.9,17851.4,4.9,4.2,158079.0,4.64,4.21,4.37,2.33,71.8,2.6,21.88,124.8076,69.81
2024-11-04,,,,,,,,,,,,,,,,,,,,,,,,,4.17,4.31,2.28,,,21.98,124.5903,71.83
2024-11-05,,,,,,,,,,,,,,,,,,,,,,,,,4.19,4.26,2.27,,,20.49,124.5532,72.26
2024-11-06,,,,,,,,,,,,,,,,,,,,,,,,,4.27,4.42,2.38,,,16.27,125.7035,71.98
2024-11-07,,,,,,,,,,,,,,,,,,,,,,,,,4.21,4.31,2.33,,,15.2,124.775,72.69
2024-11-08,,,,,,,,,,,,,,,,,,,,,,,,,4.26,4.3,2.35,,,14.94,125.5811,70.69
2024-11-11,,,,,,,,,,,,,,,,,,,,,,,,,,,,,,14.97,,
2024-11-12,,,,,,,,,,,,,,,,,,,,,,,,,4.34,4.43,2.35,,,14.71,126.7762,68.43
2024-11-13,,,,,,,,,,,,,,,,,,,,,,,,,4.27,4.44,2.35,,,14.02,126.9572,68.76
2024-11-14,,,,,,,,,,,,,,,,,,,,,,,,,4.34,4.43,2.33,,,14.31,127.0015,68.99
2024-11-15,,,,,,,,,,,,,,,,,,,,,,,,,4.31,4.43,2.33,,,16.14,126.8848,67.33
2024-11-18,,,,,,,,,,,,,,,,,,,,,,,,,4.29,4.42,2.34,,,15.58,126.6045,69.46
2024-11-19,,,,,,,,,,,,,,,,,,,,,,,,,4.27,4.39,2.34,,,16.35,126.3994,69.75
2024-11-20,,,,,,,,,,,,,,,,,,,,,,,,,4.31,4.41,2.35,,,17.16,126.88,69.25
2024-11-21,,,,,,,,,,,,,,,,,,,,,,,,,4.34,4.43,2.34,,,16.87,127.1047,70.39
2024-11-22,,,,,,,,,,,,,,,,,,,,,,,,,4.37,4.41,2.34,,,15.24,127.4712,71.68
2024-11-25,,,,,,,,,,,,,,,,,,,,,,,,,4.21,4.27,2.29,,,14.6,126.9948,69.41
2024-11-26,,,,,,,,,,,,,,,,,,,,,,,,,4.21,4.3,2.28,,,14.1,127.4301,69.05
2024-11-27,,,,,,,,,,,,,,,,,,,,,,,,,4.19,4.25,2.26,,,14.1,126.8205,69.03
2024-11-28,,,,,,,,,,,,,,,,,,,,,,,,,,,,,,13.9,,
2024-11-29,,,,,,,,,,,,,,,,,,,,,,,,,4.13,4.18,2.26,,,13.51,126.5798,68.26
2024-12-01,317.604,315.605,323.259,124.979,124.196,374.644,293.155,309.767,408.165,131.568,181.705,717265.0,786673.0,577232.0,20514.3,16415.5,2294.1,4182.1,14038.0,17867.9,4.3,4.1,158316.0,4.48,,,,74.0,2.8,,,
2024-12-02,,,,,,,,,,,,,,,,,,,,,,,,,4.17,4.19,2.26,,,13.34,127.1272,68.35
2024-12-03,,,,,,,,,,,,,,,,,,,,,,,,,4.17,4.23,2.28,,,13.3,126.9565,70.15
2024-12-04,,,,,,,,,,,,,,,,,,,,,,,,,4.13,4.19,2.29,,,13.45,126.7574,68.81
2024-12-05,,,,,,,,,,,,,,,,,,,,,,,,,4.15,4.17,2.25,,,13.54,126.4286,68.58
2024-12-06,,,,,,,,,,,,,,,,,,,,,,,,,4.1,4.15,2.24,,,12.77,126.688,68.58
2024-12-09,,,,,,,,,,,,,,,,,,,,,,,,,4.13,4.2,2.27,,,14.19,126.5981,68.65
2024-12-10,,,,,,,,,,,,,,,,,,,,,,,,,4.15,4.22,2.29,,,14.18,126.957,68.85
2024-12-11,,,,,,,,,,,,,,,,,,,,,,,,,4.15,4.26,2.3,,,13.58,126.8483,70.57
2024-12-12,,,,,,,,,,,,,,,,,,,,,,,,,4.18,4.32,2.32,,,13.92,126.9556,70.25
2024-12-13,,,,,,,,,,,,,,,,,,,,,,,,,4.25,4.4,2.33,,,13.81,127.3096,71.54
2024-12-16,,,,,,,,,,,,,,,,,,,,,,,,,4.25,4.39,2.32,,,14.69,127.2687,71.03
2024-12-17,,,,,,,,,,,,,,,,,,,,,,,,,4.25,4.4,2.31,,,15.87,127.5043,70.31
2024-12-18,,,,,,,,,,,,,,,,,,,,,,,,,4.35,4.5,2.32,,,27.62,127.6418,70.8
2024-12-19,,,,,,,,,,,,,,,,,,,,,,,,,4.32,4.57,2.29,,,24.09,128.6366,70.1
2024-12-20,,,,,,,,,,,,,,,,,,,,,,,,,4.3,4.52,2.29,,,18.36,127.893,69.71
2024-12-23,,,,,,,,,,,,,,,,,,,,,,,,,4.3,4.59,2.32,,,16.78,128.3021,69.5
2024-12-24,,,,,,,,,,,,,,,,,,,,,,,,,4.29,4.59,2.35,,,14.27,128.3377,70.87
2024-12-25,,,,,,,,,,,,,,,,,,,,,,,,,,,,,,,,
2024-12-26,,,,,,,,,,,,,,,,,,,,,,,,,4.3,4.58,2.35,,,14.73,128.3329,70.38
2024-12-27,,,,,,,,,,,,,,,,,,,,,,,,,4.31,4.62,2.34,,,15.95,128.45,71.28
2024-12-30,,,,,,,,,,,,,,,,,,,,,,,,,4.24,4.55,2.31,,,17.4,128.8205,71.73
2024-12-31,,,,,,,,,,,,,,,,,,,,,,,,,4.25,4.58,2.34,,,17.35,129.2775,72.44
2025-01-01,318.961,317.671,324.638,125.417,124.587,375.532,296.78,310.817,409.579,130.436,184.891,711260.0,654511.0,574070.0,20462.2,16316.5,2198.0,4185.1,14079.1,17889.8,5.1,4.0,158268.0,4.33,,,,71.7,3.3,,,
2025-01-02,,,,,,,,,,,,,,,,,,,,,,,,,4.25,4.57,2.34,,,17.93,129.4598,73.79
2025-01-03,,,,,,,,,,,,,,,,,,,,,,,,,4.28,4.6,2.34,,,16.13,129.4535,74.64
2025-01-06,,,,,,,,,,,,,,,,,,,,,,,,,4.28,4.62,2.34,,,16.04,128.538,74.31
2025-01-07,,,,,,,,,,,,,,,,,,,,,,,,,4.3,4.67,2.38,,,17.82,128.613,74.99
2025-01-08,,,,,,,,,,,,,,,,,,,,,,,,,4.28,4.67,2.4,,,17.7,129.0785,73.99
2025-01-09,,,,,,,,,,,,,,,,,,,,,,,,,4.27,4.68,2.39,,,18.07,129.2827,
2025-01-10,,,,,,,,,,,,,,,,,,,,,,,,,4.4,4.77,2.43,,,19.54,129.8664,77.27
2025-01-13,,,,,,,,,,,,,,,,,,,,,,,,,4.4,4.79,2.45,,,19.19,130.0413,79.57
2025-01-14,,,,,,,,,,,,,,,,,,,,,,,,,4.37,4.78,2.44,,,18.71,129.3812,78.2
2025-01-15,,,,,,,,,,,,,,,,,,,,,,,,,4.27,4.66,2.42,,,16.12,129.2092,80.73
2025-01-16,,,,,,,,,,,,,,,,,,,,,,,,,4.23,4.61,2.42,,,16.6,129.436,79.35
2025-01-17,,,,,,,,,,,,,,,,,,,,,,,,,4.27,4.61,2.41,,,15.97,129.4859,78.56
2025-01-20,,,,,,,,,,,,,,,,,,,,,,,,,,,,,,15.81,,
2025-01-21,,,,,,,,,,,,,,,,,,,,,,,,,4.29,4.57,2.38,,,15.06,128.4151,76.79
2025-01-22,,,,,,,,,,,,,,,,,,,,,,,,,4.29,4.6,2.4,,,15.1,128.3402,76.12
2025-01-23,,,,,,,,,,,,,,,,,,,,,,,,,4.29,4.65,2.42,,,15.02,128.2162,75.03
2025-01-24,,,,,,,,,,,,,,,,,,,,,,,,,4.27,4.63,2.43,,,14.85,127.4611,74.97
2025-01-27,,,,,,,,,,,,,,,,,,,,,,,,,4.17,4.53,2.4,,,17.9,128.0912,73.51
2025-01-28,,,,,,,,,,,,,,,,,,,,,,,,,4.19,4.55,2.42,,,16.41,128.2817,74.15
2025-01-29,,,,,,,,,,,,,,,,,,,,,,,,,4.21,4.55,2.4,,,16.56,128.3418,72.94
2025-01-30,,,,,,,,,,,,,,,,,,,,,,,,,4.18,4.52,2.38,,,15.84,128.1004,73.1
2025-01-31,,,,,,,,,,,,,,,,,,,,,,,,,4.22,4.58,2.42,,,16.43,128.4828,72.84
2025-02-01,319.679,319.082,325.465,125.921,125.145,376.991,293.232,310.955,410.793,131.095,186.557,711575.0,630744.0,577763.0,20519.8,16297.0,2209.2,4209.2,14101.4,17910.5,5.2,4.2,158310.0,4.33,,,,64.7,4.3,,,
2025-02-03,,,,,,,,,,,,,,,,,,,,,,,,,4.26,4.54,2.45,,,18.62,129.109,73.52
2025-02-04,,,,,,,,,,,,,,,,,,,,,,,,,4.21,4.52,2.44,,,17.21,128.1083,73.04
2025-02-05,,,,,,,,,,,,,,,,,,,,,,,,,4.17,4.43,2.42,,,15.77,127.9751,71.39
2025-02-06,,,,,,,,,,,,,,,,,,,,,,,,,4.21,4.45,2.42,,,15.5,128.2017,70.97
2025-02-07,,,,,,,,,,,,,,,,,,,,,,,,,4.29,4.49,2.42,,,16.54,128.4292,71.32
2025-02-10,,,,,,,,,,,,,,,,,,,,,,,,,4.28,4.51,2.44,,,15.81,128.6382,72.73
2025-02-11,,,,,,,,,,,,,,,,,,,,,,,,,4.29,4.54,2.46,,,16.02,128.4322,73.67
2025-02-12,,,,,,,,,,,,,,,,,,,,,,,,,4.36,4.62,2.46,,,15.89,128.3288,71.72
2025-02-13,,,,,,,,,,,,,,,,,,,,,,,,,4.31,4.52,2.44,,,15.1,127.8931,71.66
2025-02-14,,,,,,,,,,,,,,,,,,,,,,,,,4.26,4.47,2.43,,,14.77,127.1491,71.05
2025-02-17,,,,,,,,,,,,,,,,,,,,,,,,,,,,,,15.37,,
2025-02-18,,,,,,,,,,,,,,,,,,,,,,,,,4.29,4.55,2.45,,,15.35,127.2906,72.21
2025-02-19,,,,,,,,,,,,,,,,,,,,,,,,,4.28,4.53,2.45,,,15.27,127.7317,72.58
2025-02-20,,,,,,,,,,,,,,,,,,,,,,,,,4.28,4.5,2.45,,,15.66,127.1126,72.88
2025-02-21,,,,,,,,,,,,,,,,,,,,,,,,,4.19,4.42,2.42,,,18.21,127.1408,70.72
2025-02-24,,,,,,,,,,,,,,,,,,,,,,,,,4.13,4.4,2.42,,,18.98,127.1921,71.06
2025-02-25,,,,,,,,,,,,,,,,,,,,,,,,,4.07,4.3,2.38,,,19.43,127.3752,69.15
2025-02-26,,,,,,,,,,,,,,,,,,,,,,,,,4.05,4.25,2.36,,,19.1,127.2822,68.87
2025-02-27,,,,,,,,,,,,,,,,,,,,,,,,,4.07,4.29,2.37,,,21.13,127.9704,70.62
2025-02-28,,,,,,,,,,,,,,,,,,,,,,,,,3.99,4.24,2.38,,,19.63,128.2805,69.97
2025-03-01,319.785,319.799,325.69,125.941,125.267,378.363,282.129,312.154,411.639,131.388,185.728,723339.0,726888.0,581017.0,20683.0,16423.9,2300.2,4195.2,14187.5,18029.1,5.1,4.2,158377.0,4.33,,,,57.0,5.0,,,
2025-03-03,,,,,,,,,,,,,,,,,,,,,,,,,3.96,4.16,2.36,,,22.78,127.75,68.63
2025-03-04,,,,,,,,,,,,,,,,,,,,,,,,,3.96,4.22,2.35,,,23.51,127.9966,68.47
2025-03-05,,,,,,,,,,,,,,,,,,,,,,,,,3.99,4.28,2.34,,,21.93,126.504,66.58
2025-03-06,,,,,,,,,,,,,,,,,,,,,,,,,3.96,4.29,2.34,,,24.87,126.1099,66.62
2025-03-07,,,,,,,,,,,,,,,,,,,,,,,,,3.99,4.32,2.33,,,23.37,125.9814,67.29
2025-03-10,,,,,,,,,,,,,,,,,,,,,,,,,3.89,4.22,2.31,,,27.86,126.268,66.31
2025-03-11,,,,,,,,,,,,,,,,,,,,,,,,,3.94,4.28,2.31,,,26.92,126.0457,66.52
2025-03-12,,,,,,,,,,,,,,,,,,,,,,,,,4.01,4.32,2.33,,,24.23,125.8664,67.65
2025-03-13,,,,,,,,,,,,,,,,,,,,,,,,,3.94,4.27,2.29,,,24.66,126.0031,66.82
2025-03-14,,,,,,,,,,,,,,,,,,,,,,,,,4.02,4.31,2.3,,,21.77,125.6942,67.43
2025-03-17,,,,,,,,,,,,,,,,,,,,,,,,,4.06,4.31,2.29,,,20.51,125.3688,67.84
2025-03-18,,,,,,,,,,,,,,,,,,,,,,,,,4.04,4.29,2.3,,,21.7,125.488,67.49
2025-03-19,,,,,,,,,,,,,,,,,,,,,,,,,3.99,4.25,2.31,,,19.9,125.8006,67.4
2025-03-20,,,,,,,,,,,,,,,,,,,,,,,,,3.95,4.24,2.31,,,19.8,125.985,68.55
2025-03-21,,,,,,,,,,,,,,,,,,,,,,,,,3.94,4.25,2.33,,,19.28,126.2679,68.52
2025-03-24,,,,,,,,,,,,,,,,,,,,,,,,,4.04,4.34,2.36,,,17.48,126.1956,69.46
2025-03-25,,,,,,,,,,,,,,,,,,,,,,,,,3.96,4.31,2.35,,,17.15,126.0535,69.48
2025-03-26,,,,,,,,,,,,,,,,,,,,,,,,,3.98,4.35,2.37,,,18.33,126.2364,70.05
2025-03-27,,,,,,,,,,,,,,,,,,,,,,,,,3.97,4.38,2.39,,,18.69,126.3626,70.3
2025-03-28,,,,,,,,,,,,,,,,,,,,,,,,,3.89,4.27,2.37,,,21.65,126.4187,69.74
2025-03-31,,,,,,,,,,,,,,,,,,,,,,,,,3.89,4.23,2.38,,,22.28,126.7075,71.87
2025-04-01,320.302,320.795,326.467,126.15,125.502,380.039,275.454,311.44,413.04,131.201,184.8,722442.0,722319.0,581242.0,20746.4,16446.9,2296.6,4191.1,14258.6,18132.9,5.5,4.2,158485.0,4.33,3.87,4.17,2.33,52.2,6.5,21.77,126.4338,71.61
2025-04-02,,,,,,,,,,,,,,,,,,,,,,,,,3.91,4.2,2.32,,,21.51,126.3811,72.12
2025-04-03,,,,,,,,,,,,,,,,,,,,,,,,,3.71,4.06,2.28,,,30.02,124.7316,67.43
2025-04-04,,,,,,,,,,,,,,,,,,,,,,,,,3.68,4.01,2.18,,,45.31,125.8129,62.42
2025-04-07,,,,,,,,,,,,,,,,,,,,,,,,,3.73,4.15,2.19,,,46.98,126.8282,61.05
2025-04-08,,,,,,,,,,,,,,,,,,,,,,,,,3.71,4.26,2.22,,,52.33,126.8668,60.04
2025-04-09,,,,,,,,,,,,,,,,,,,,,,,,,3.91,4.34,2.27,,,33.62,126.628,62.63
2025-04-10,,,,,,,,,,,,,,,,,,,,,,,,,3.84,4.4,2.19,,,40.72,125.089,60.57
2025-04-11,,,,,,,,,,,,,,,,,,,,,,,,,3.96,4.48,2.2,,,37.56,124.0163,61.91
2025-04-14,,,,,,,,,,,,,,,,,,,,,,,,,3.84,4.38,2.23,,,30.89,123.6598,61.99
2025-04-15,,,,,,,,,,,,,,,,,,,,,,,,,3.84,4.35,2.19,,,30.12,123.776,61.74
2025-04-16,,,,,,,,,,,,,,,,,,,,,,,,,3.77,4.29,2.17,,,32.64,123.2724,62.88
2025-04-17,,,,,,,,,,,,,,,,,,,,,,,,,3.81,4.34,2.23,,,29.65,123.1298,65.07
2025-04-18,,,,,,,,,,,,,,,,,,,,,,,,,,,,,,,122.9865,
2025-04-21,,,,,,,,,,,,,,,,,,,,,,,,,3.75,4.42,2.22,,,33.82,122.3145,63.48
2025-04-22,,,,,,,,,,,,,,,,,,,,,,,,,3.76,4.41,2.27,,,30.57,122.4175,64.6
2025-04-23,,,,,,,,,,,,,,,,,,,,,,,,,3.81,4.4,2.29,,,28.45,123.0252,62.64
2025-04-24,,,,,,,,,,,,,,,,,,,,,,,,,3.77,4.32,2.3,,,26.47,122.9251,63.55
2025-04-25,,,,,,,,,,,,,,,,,,,,,,,,,3.74,4.29,2.27,,,24.84,122.8858,63.85
2025-04-28,,,,,,,,,,,,,,,,,,,,,,,,,3.67,4.23,2.25,,,25.15,122.7176,63.3
2025-04-29,,,,,,,,,,,,,,,,,,,,,,,,,3.65,4.19,2.23,,,24.17,122.5944,61.84
2025-04-30,,,,,,,,,,,,,,,,,,,,,,,,,3.6,4.17,2.23,,,24.7,122.5921,59.55
2025-05-01,320.62,321.465,326.893,126.38,125.79,381.228,269.584,312.296,414.109,130.782,183.664,714513.0,753313.0,580042.0,20755.0,16423.9,2247.0,4190.3,14317.8,17980.9,4.9,4.3,158498.0,4.33,3.7,4.25,2.25,52.2,6.6,24.6,123.1405,60.59
2025-05-02,,,,,,,,,,,,,,,,,,,,,,,,,3.83,4.33,2.27,,,22.68,122.4962,59.67
2025-05-05,,,,,,,,,,,,,,,,,,,,,,,,,3.83,4.36,2.28,,,23.64,122.2613,58.5
2025-05-06,,,,,,,,,,,,,,,,,,,,,,,,,3.78,4.3,2.26,,,24.76,122.0417,60.42
2025-05-07,,,,,,,,,,,,,,,,,,,,,,,,,3.78,4.26,2.25,,,23.55,122.117,59.42
2025-05-08,,,,,,,,,,,,,,,,,,,,,,,,,3.9,4.37,2.29,,,22.48,122.7568,61.25
2025-05-09,,,,,,,,,,,,,,,,,,,,,,,,,3.88,4.37,2.29,,,21.9,122.5191,62.37
2025-05-12,,,,,,,,,,,,,,,,,,,,,,,,,3.98,4.45,2.29,,,18.39,123.4863,63.32
2025-05-13,,,,,,,,,,,,,,,,,,,,,,,,,4.02,4.49,2.32,,,18.22,122.9583,65.04
2025-05-14,,,,,,,,,,,,,,,,,,,,,,,,,4.05,4.53,2.37,,,18.62,122.6746,64.48
2025-05-15,,,,,,,,,,,,,,,,,,,,,,,,,3.96,4.45,2.34,,,17.83,122.8174,63.03
2025-05-16,,,,,,,,,,,,,,,,,,,,,,,,,3.98,4.43,2.34,,,17.24,123.0737,63.84
2025-05-19,,,,,,,,,,,,,,,,,,,,,,,,,3.97,4.46,2.36,,,18.14,122.4186,63.98
2025-05-20,,,,,,,,,,,,,,,,,,,,,,,,,3.97,4.48,2.35,,,18.09,122.3199,63.97
2025-05-21,,,,,,,,,,,,,,,,,,,,,,,,,4.0,4.58,2.35,,,20.87,121.7496,62.93
2025-05-22,,,,,,,,,,,,,,,,,,,,,,,,,4.0,4.54,2.34,,,20.28,122.0429,62.55
2025-05-23,,,,,,,,,,,,,,,,,,,,,,,,,4.0,4.51,2.33,,,22.29,121.3837,62.89
2025-05-26,,,,,,,,,,,,,,,,,,,,,,,,,,,,,,20.57,,
2025-05-27,,,,,,,,,,,,,,,,,,,,,,,,,3.92,4.43,2.32,,,18.96,121.6099,61.61
2025-05-28,,,,,,,,,,,,,,,,,,,,,,,,,3.96,4.47,2.32,,,19.31,121.9888,62.54
2025-05-29,,,,,,,,,,,,,,,,,,,,,,,,,3.92,4.43,2.32,,,19.18,121.5617,61.66
2025-05-30,,,,,,,,,,,,,,,,,,,,,,,,,3.89,4.41,2.34,,,18.57,121.7674,61.46
2025-06-01,321.435,322.561,327.658,126.743,126.121,382.75,269.865,312.982,414.981,131.214,182.833,719484.0,716698.0,583995.0,20868.4,16466.3,2253.6,4234.8,14380.0,17962.1,4.6,4.1,158478.0,4.33,,,,60.7,5.0,,,
2025-06-02,,,,,,,,,,,,,,,,,,,,,,,,,3.94,4.46,2.33,,,18.36,121.1881,63.27
2025-06-03,,,,,,,,,,,,,,,,,,,,,,,,,3.96,4.46,2.32,,,17.69,121.4592,64.1
2025-06-04,,,,,,,,,,,,,,,,,,,,,,,,,3.87,4.37,2.31,,,17.61,121.0539,63.57
2025-06-05,,,,,,,,,,,,,,,,,,,,,,,,,3.92,4.4,2.29,,,18.48,120.9596,64.06
2025-06-06,,,,,,,,,,,,,,,,,,,,,,,,,4.04,4.51,2.31,,,16.77,121.161,65.3
2025-06-09,,,,,,,,,,,,,,,,,,,,,,,,,4.01,4.49,2.31,,,17.16,120.9103,65.99
2025-06-10,,,,,,,,,,,,,,,,,,,,,,,,,4.01,4.47,2.29,,,16.95,121.0485,65.66
2025-06-11,,,,,,,,,,,,,,,,,,,,,,,,,3.94,4.41,2.27,,,17.26,120.587,68.91
2025-06-12,,,,,,,,,,,,,,,,,,,,,,,,,3.9,4.36,2.25,,,18.02,120.1723,68.73
2025-06-13,,,,,,,,,,,,,,,,,,,,,,,,,3.96,4.41,2.28,,,20.82,120.3245,73.84
2025-06-16,,,,,,,,,,,,,,,,,,,,,,,,,3.97,4.46,2.3,,,19.11,120.1565,72.53
2025-06-17,,,,,,,,,,,,,,,,,,,,,,,,,3.94,4.39,2.31,,,21.6,120.5048,75.62
2025-06-18,,,,,,,,,,,,,,,,,,,,,,,,,3.94,4.38,2.31,,,20.14,120.7305,75.89
2025-06-19,,,,,,,,,,,,,,,,,,,,,,,,,,,,,,22.17,,
2025-06-20,,,,,,,,,,,,,,,,,,,,,,,,,3.9,4.38,2.33,,,20.62,121.0408,75.72
2025-06-23,,,,,,,,,,,,,,,,,,,,,,,,,3.84,4.34,2.3,,,19.83,121.1694,69.36
2025-06-24,,,,,,,,,,,,,,,,,,,,,,,,,3.75,4.3,2.29,,,17.48,120.3645,65.45
2025-06-25,,,,,,,,,,,,,,,,,,,,,,,,,3.74,4.29,2.28,,,16.76,120.3336,65.98
2025-06-26,,,,,,,,,,,,,,,,,,,,,,,,,3.7,4.26,2.28,,,16.59,119.6451,66.44
2025-06-27,,,,,,,,,,,,,,,,,,,,,,,,,3.73,4.29,2.29,,,16.32,119.659,66.66
2025-06-30,,,,,,,,,,,,,,,,,,,,,,,,,3.72,4.24,2.29,,,16.73,119.4088,66.3
2025-07-01,322.169,323.048,328.682,126.96,126.43,383.808,266.542,313.035,415.931,131.354,183.746,727837.0,745651.0,588964.0,21007.3,16547.5,2280.3,4241.3,14485.7,18040.9,4.5,4.3,158542.0,4.33,3.78,4.26,2.29,61.7,4.5,16.83,119.3436,66.64
2025-07-02,,,,,,,,,,,,,,,,,,,,,,,,,3.78,4.3,2.3,,,16.64,119.3037,68.66
2025-07-03,,,,,,,,,,,,,,,,,,,,,,,,,3.88,4.35,2.33,,,16.38,119.2382,68.13
2025-07-04,,,,,,,,,,,,,,,,,,,,,,,,,,,,,,17.48,,
2025-07-07,,,,,,,,,,,,,,,,,,,,,,,,,3.9,4.4,2.35,,,17.79,119.6201,69.16
2025-07-08,,,,,,,,,,,,,,,,,,,,,,,,,3.9,4.42,2.35,,,16.81,119.8371,69.55
2025-07-09,,,,,,,,,,,,,,,,,,,,,,,,,3.86,4.34,2.33,,,15.94,119.7311,69.61
2025-07-10,,,,,,,,,,,,,,,,,,,,,,,,,3.86,4.35,2.34,,,15.78,119.8343,67.78
2025-07-11,,,,,,,,,,,,,,,,,,,,,,,,,3.9,4.43,2.37,,,16.4,119.9214,69.63
2025-07-14,,,,,,,,,,,,,,,,,,,,,,,,,3.9,4.43,2.39,,,17.2,120.2209,68.19
2025-07-15,,,,,,,,,,,,,,,,,,,,,,,,,3.95,4.5,2.41,,,17.38,120.5105,67.76
2025-07-16,,,,,,,,,,,,,,,,,,,,,,,,,3.88,4.46,2.41,,,17.16,120.4175,67.13
2025-07-17,,,,,,,,,,,,,,,,,,,,,,,,,3.91,4.47,2.43,,,16.52,120.6384,68.76
2025-07-18,,,,,,,,,,,,,,,,,,,,,,,,,3.88,4.44,2.41,,,16.41,120.356,68.53
2025-07-21,,,,,,,,,,,,,,,,,,,,,,,,,3.85,4.38,2.4,,,16.65,119.9961,68.39
2025-07-22,,,,,,,,,,,,,,,,,,,,,,,,,3.83,4.35,2.39,,,16.5,119.681,67.56
2025-07-23,,,,,,,,,,,,,,,,,,,,,,,,,3.88,4.4,2.37,,,15.37,119.5697,66.05
2025-07-24,,,,,,,,,,,,,,,,,,,,,,,,,3.91,4.43,2.45,,,15.39,119.5664,67.16
2025-07-25,,,,,,,,,,,,,,,,,,,,,,,,,3.91,4.4,2.44,,,14.93,119.9857,66.38
2025-07-28,,,,,,,,,,,,,,,,,,,,,,,,,3.91,4.42,2.44,,,15.03,120.6149,67.81
2025-07-29,,,,,,,,,,,,,,,,,,,,,,,,,3.86,4.34,2.43,,,15.98,120.9674,70.27
2025-07-30,,,,,,,,,,,,,,,,,,,,,,,,,3.94,4.38,2.42,,,15.48,121.4042,71.09
2025-07-31,,,,,,,,,,,,,,,,,,,,,,,,,3.94,4.37,2.39,,,16.72,121.721,70.36
2025-08-01,323.291,323.976,329.7,127.293,126.714,384.909,270.922,314.647,417.555,131.694,185.259,730037.0,745232.0,590616.0,21123.8,16595.8,2281.8,4273.8,14568.2,18076.9,4.4,4.3,158472.0,4.33,3.69,4.23,2.33,58.2,4.8,20.38,121.2122,68.39
2025-08-04,,,,,,,,,,,,,,,,,,,,,,,,,3.69,4.22,2.37,,,17.52,120.9859,67.33
2025-08-05,,,,,,,,,,,,,,,,,,,,,,,,,3.72,4.22,2.36,,,17.85,120.9082,66.2
2025-08-06,,,,,,,,,,,,,,,,,,,,,,,,,3.69,4.22,2.34,,,16.77,120.5082,65.38
2025-08-07,,,,,,,,,,,,,,,,,,,,,,,,,3.72,4.23,2.35,,,16.57,120.5043,64.9
2025-08-08,,,,,,,,,,,,,,,,,,,,,,,,,3.76,4.27,2.39,,,15.15,120.3329,64.94
2025-08-11,,,,,,,,,,,,,,,,,,,,,,,,,3.76,4.27,2.4,,,16.25,120.6892,65.03
2025-08-12,,,,,,,,,,,,,,,,,,,,,,,,,3.72,4.29,2.38,,,14.73,120.2736,64.22
2025-08-13,,,,,,,,,,,,,,,,,,,,,,,,,3.67,4.24,2.37,,,14.49,120.13,63.68
2025-08-14,,,,,,,,,,,,,,,,,,,,,,,,,3.74,4.29,2.39,,,14.83,120.6446,64.99
2025-08-15,,,,,,,,,,,,,,,,,,,,,,,,,3.75,4.33,2.38,,,15.09,120.3377,63.78
2025-08-18,,,,,,,,,,,,,,,,,,,,,,,,,3.77,4.34,2.38,,,14.99,120.5622,64.51
2025-08-19,,,,,,,,,,,,,,,,,,,,,,,,,3.75,4.3,2.35,,,15.57,120.7224,63.38
2025-08-20,,,,,,,,,,,,,,,,,,,,,,,,,3.74,4.29,2.35,,,15.69,120.7757,64.19
2025-08-21,,,,,,,,,,,,,,,,,,,,,,,,,3.79,4.33,2.39,,,16.6,121.0843,64.56
2025-08-22,,,,,,,,,,,,,,,,,,,,,,,,,3.68,4.26,2.41,,,14.22,120.2774,64.08
2025-08-25,,,,,,,,,,,,,,,,,,,,,,,,,3.73,4.28,2.41,,,14.79,120.4214,65.18
2025-08-26,,,,,,,,,,,,,,,,,,,,,,,,,3.61,4.26,2.42,,,14.62,120.5274,63.6
2025-08-27,,,,,,,,,,,,,,,,,,,,,,,,,3.59,4.24,2.43,,,14.85,120.7274,64.49
2025-08-28,,,,,,,,,,,,,,,,,,,,,,,,,3.62,4.22,2.41,,,14.43,120.2595,64.96
2025-08-29,,,,,,,,,,,,,,,,,,,,,,,,,3.59,4.23,2.41,,,15.36,120.2082,64.36
2025-09-01,324.245,324.8,330.418,127.625,126.954,385.451,280.658,315.54,418.422,132.411,184.869,732192.0,708379.0,592652.0,21202.4,16614.3,2269.8,4289.9,14642.7,18094.6,4.3,4.4,158548.0,4.22,,,,55.1,4.7,16.12,,
2025-09-02,,,,,,,,,,,,,,,,,,,,,,,,,3.66,4.28,2.41,,,17.17,120.6837,65.95
2025-09-03,,,,,,,,,,,,,,,,,,,,,,,,,3.61,4.22,2.4,,,16.35,120.5052,64.36
2025-09-04,,,,,,,,,,,,,,,,,,,,,,,,,3.59,4.17,2.38,,,15.3,120.7629,63.81
2025-09-05,,,,,,,,,,,,,,,,,,,,,,,,,3.51,4.1,2.37,,,15.18,120.1282,62.22
2025-09-08,,,,,,,,,,,,,,,,,,,,,,,,,3.49,4.05,2.35,,,15.11,120.0971,62.6
2025-09-09,,,,,,,,,,,,,,,,,,,,,,,,,3.54,4.08,2.36,,,15.04,120.1569,62.97
2025-09-10,,,,,,,,,,,,,,,,,,,,,,,,,3.54,4.04,2.35,,,15.35,120.1223,64.01
2025-09-11,,,,,,,,,,,,,,,,,,,,,,,,,3.52,4.01,2.34,,,14.71,119.9534,62.71
2025-09-12,,,,,,,,,,,,,,,,,,,,,,,,,3.56,4.06,2.36,,,14.76,120.0611,63.02
2025-09-15,,,,,,,,,,,,,,,,,,,,,,,,,3.54,4.05,2.37,,,15.69,119.5644,63.66
2025-09-16,,,,,,,,,,,,,,,,,,,,,,,,,3.51,4.04,2.37,,,16.36,119.1348,64.89
2025-09-17,,,,,,,,,,,,,,,,,,,,,,,,,3.52,4.06,2.38,,,15.72,119.1582,64.41
2025-09-18,,,,,,,,,,,,,,,,,,,,,,,,,3.57,4.11,2.38,,,15.7,119.6616,63.91
2025-09-19,,,,,,,,,,,,,,,,,,,,,,,,,3.57,4.14,2.39,,,15.45,119.7858,63.02
2025-09-22,,,,,,,,,,,,,,,,,,,,,,,,,3.61,4.15,2.37,,,16.1,119.8152,62.99
2025-09-23,,,,,,,,,,,,,,,,,,,,,,,,,3.53,4.12,2.37,,,16.64,119.6202,63.76
2025-09-24,,,,,,,,,,,,,,,,,,,,,,,,,3.57,4.16,2.38,,,16.18,120.1707,65.4
2025-09-25,,,,,,,,,,,,,,,,,,,,,,,,,3.64,4.18,2.38,,,16.74,120.5419,65.51
2025-09-26,,,,,,,,,,,,,,,,,,,,,,,,,3.63,4.2,2.38,,,15.29,120.4349,66.5
2025-09-29,,,,,,,,,,,,,,,,,,,,,,,,,3.63,4.15,2.35,,,16.12,120.115,64.27
2025-09-30,,,,,,,,,,,,,,,,,,,,,,,,,3.6,4.16,2.36,,,16.28,120.1368,63.17
2025-10-01,,,,127.871,127.243,,276.991,,,,186.111,731051.0,743117.0,593611.0,21288.1,16649.3,2271.4,4289.7,14727.0,18037.3,3.9,,158408.0,4.09,3.55,4.12,2.35,53.6,4.6,16.29,120.1502,62.59
2025-10-02,,,,,,,,,,,,,,,,,,,,,,,,,3.55,4.1,2.34,,,16.63,120.4296,61.28
2025-10-03,,,,,,,,,,,,,,,,,,,,,,,,,3.58,4.13,2.33,,,16.65,120.0881,61.65
2025-10-06,,,,,,,,,,,,,,,,,,,,,,,,,3.6,4.18,2.34,,,16.37,120.2722,62.49
2025-10-07,,,,,,,,,,,,,,,,,,,,,,,,,3.57,4.14,2.35,,,17.24,120.4884,62.52
2025-10-08,,,,,,,,,,,,,,,,,,,,,,,,,3.58,4.13,2.35,,,16.3,120.7766,63.37
2025-10-09,,,,,,,,,,,,,,,,,,,,,,,,,3.6,4.14,2.34,,,16.43,121.0902,62.36
2025-10-10,,,,,,,,,,,,,,,,,,,,,,,,,3.52,4.05,2.3,,,21.66,121.1163,59.75
2025-10-13,,,,,,,,,,,,,,,,,,,,,,,,,,,,,,19.03,,
2025-10-14,,,,,,,,,,,,,,,,,,,,,,,,,3.48,4.03,2.3,,,20.81,121.1822,59.52
2025-10-15,,,,,,,,,,,,,,,,,,,,,,,,,3.5,4.05,2.29,,,20.64,120.8642,59.08
2025-10-16,,,,,,,,,,,,,,,,,,,,,,,,,3.41,3.99,2.28,,,25.31,120.6698,58.29
2025-10-17,,,,,,,,,,,,,,,,,,,,,,,,,3.46,4.02,2.27,,,20.78,120.7028,58.3
2025-10-20,,,,,,,,,,,,,,,,,,,,,,,,,3.46,4.0,2.26,,,18.23,120.6209,58.34
2025-10-21,,,,,,,,,,,,,,,,,,,,,,,,,3.45,3.98,2.28,,,17.87,120.8895,58.66
2025-10-22,,,,,,,,,,,,,,,,,,,,,,,,,3.45,3.97,2.29,,,18.6,120.8958,59.3
2025-10-23,,,,,,,,,,,,,,,,,,,,,,,,,3.48,4.01,2.3,,,17.3,120.9531,62.44
2025-10-24,,,,,,,,,,,,,,,,,,,,,,,,,3.48,4.02,2.29,,,16.37,120.9345,62.27
2025-10-27,,,,,,,,,,,,,,,,,,,,,,,,,3.48,4.01,2.28,,,15.79,120.7988,62.13
2025-10-28,,,,,,,,,,,,,,,,,,,,,,,,,3.47,3.99,2.28,,,16.42,120.6361,60.97
2025-10-29,,,,,,,,,,,,,,,,,,,,,,,,,3.59,4.08,2.3,,,16.92,120.5312,61.26
2025-10-30,,,,,,,,,,,,,,,,,,,,,,,,,3.61,4.11,2.29,,,16.91,121.2832,61.36
2025-10-31,,,,,,,,,,,,,,,,,,,,,,,,,3.6,4.11,2.3,,,17.44,121.3859,61.75
2025-11-01,325.063,324.122,331.043,128.152,127.469,387.202,284.56,315.0,419.431,131.883,186.298,734718.0,736533.0,596008.0,21356.0,16665.7,2289.0,4304.0,14763.0,18035.1,3.8,4.5,158449.0,3.88,,,,51.0,4.5,,,
2025-11-03,,,,,,,,,,,,,,,,,,,,,,,,,3.6,4.13,2.31,,,17.17,121.4512,61.79
2025-11-04,,,,,,,,,,,,,,,,,,,,,,,,,3.58,4.1,2.29,,,19.0,121.8271,61.38
2025-11-05,,,,,,,,,,,,,,,,,,,,,,,,,3.63,4.17,2.3,,,18.01,121.8482,60.4
2025-11-06,,,,,,,,,,,,,,,,,,,,,,,,,3.57,4.11,2.28,,,19.5,121.6948,60.24
2025-11-07,,,,,,,,,,,,,,,,,,,,,,,,,3.55,4.11,2.28,,,19.08,121.388,60.54
2025-11-10,,,,,,,,,,,,,,,,,,,,,,,,,3.58,4.13,2.29,,,17.6,121.2984,60.94
2025-11-11,,,,,,,,,,,,,,,,,,,,,,,,,,,,,,17.28,,
2025-11-12,,,,,,,,,,,,,,,,,,,,,,,,,3.56,4.08,2.27,,,17.51,121.0458,59.3
2025-11-13,,,,,,,,,,,,,,,,,,,,,,,,,3.58,4.11,2.28,,,20.0,120.7725,59.54
2025-11-14,,,,,,,,,,,,,,,,,,,,,,,,,3.62,4.14,2.28,,,19.83,120.9666,60.87
2025-11-17,,,,,,,,,,,,,,,,,,,,,,,,,3.6,4.13,2.28,,,22.38,121.1146,60.66
2025-11-18,,,,,,,,,,,,,,,,,,,,,,,,,3.58,4.12,2.27,,,24.69,121.2127,61.51
2025-11-19,,,,,,,,,,,,,,,,,,,,,,,,,3.58,4.13,2.27,,,23.66,121.4978,60.27
2025-11-20,,,,,,,,,,,,,,,,,,,,,,,,,3.55,4.1,2.24,,,26.42,121.6889,60.07
2025-11-21,,,,,,,,,,,,,,,,,,,,,,,,,3.51,4.06,2.24,,,23.43,121.8653,58.86
2025-11-24,,,,,,,,,,,,,,,,,,,,,,,,,3.46,4.04,2.23,,,20.52,121.9171,59.11
2025-11-25,,,,,,,,,,,,,,,,,,,,,,,,,3.43,4.01,2.22,,,18.56,121.6335,58.25
2025-11-26,,,,,,,,,,,,,,,,,,,,,,,,,3.45,4.0,2.23,,,17.19,121.2437,58.81
2025-11-27,,,,,,,,,,,,,,,,,,,,,,,,,,,,,,17.21,,
2025-11-28,,,,,,,,,,,,,,,,,,,,,,,,,3.47,4.02,2.23,,,16.35,121.0527,58.58
2025-12-01,326.031,324.054,331.814,128.576,127.886,389.889,283.599,316.982,421.039,132.317,184.668,734717.0,816411.0,596072.0,21445.9,16680.7,2288.1,4307.2,14850.7,18018.5,3.6,4.4,158432.0,3.72,3.54,4.09,2.24,52.9,4.2,17.24,120.9862,59.47
2025-12-02,,,,,,,,,,,,,,,,,,,,,,,,,3.51,4.09,2.24,,,16.59,121.1467,58.81
2025-12-03,,,,,,,,,,,,,,,,,,,,,,,,,3.49,4.06,2.24,,,16.08,120.7336,59.09
2025-12-04,,,,,,,,,,,,,,,,,,,,,,,,,3.52,4.11,2.26,,,15.78,120.6766,59.82
2025-12-05,,,,,,,,,,,,,,,,,,,,,,,,,3.56,4.14,2.26,,,15.41,120.6863,60.23
2025-12-08,,,,,,,,,,,,,,,,,,,,,,,,,3.57,4.17,2.26,,,16.66,120.776,59.04
2025-12-09,,,,,,,,,,,,,,,,,,,,,,,,,3.61,4.18,2.26,,,16.93,120.6832,58.4
2025-12-10,,,,,,,,,,,,,,,,,,,,,,,,,3.54,4.13,2.25,,,15.77,120.6752,58.67
2025-12-11,,,,,,,,,,,,,,,,,,,,,,,,,3.52,4.14,2.25,,,14.85,119.98,57.76
2025-12-12,,,,,,,,,,,,,,,,,,,,,,,,,3.52,4.19,2.26,,,15.74,120.1442,57.61
2025-12-15,,,,,,,,,,,,,,,,,,,,,,,,,3.51,4.18,2.25,,,16.5,119.9561,56.97
2025-12-16,,,,,,,,,,,,,,,,,,,,,,,,,3.48,4.15,2.23,,,16.48,119.8902,55.44
2025-12-17,,,,,,,,,,,,,,,,,,,,,,,,,3.49,4.16,2.24,,,17.62,120.155,56.07
2025-12-18,,,,,,,,,,,,,,,,,,,,,,,,,3.46,4.12,2.24,,,16.87,120.0528,56.22
2025-12-19,,,,,,,,,,,,,,,,,,,,,,,,,3.48,4.16,2.24,,,14.91,120.1652,56.8
2025-12-22,,,,,,,,,,,,,,,,,,,,,,,,,3.44,4.17,2.23,,,14.08,119.9912,58.18
2025-12-23,,,,,,,,,,,,,,,,,,,,,,,,,3.48,4.18,2.24,,,14.0,119.7057,58.55
2025-12-24,,,,,,,,,,,,,,,,,,,,,,,,,3.47,4.15,2.24,,,13.47,119.4372,58.72
2025-12-25,,,,,,,,,,,,,,,,,,,,,,,,,,,,,,,,
2025-12-26,,,,,,,,,,,,,,,,,,,,,,,,,3.46,4.14,2.23,,,13.6,119.4723,56.6
2025-12-29,,,,,,,,,,,,,,,,,,,,,,,,,3.45,4.12,2.22,,,14.2,119.5899,57.89
2025-12-30,,,,,,,,,,,,,,,,,,,,,,,,,3.45,4.14,2.24,,,14.33,119.4939,57.79
2025-12-31,,,,,,,,,,,,,,,,,,,,,,,,,3.47,4.18,2.25,,,14.95,119.7456,57.26
2026-01-01,326.588,325.252,332.793,129.023,128.455,390.471,274.547,317.589,421.965,132.723,181.269,734503.0,674374.0,596884.0,21478.7,16648.5,2262.1,4297.6,14919.0,18134.6,4.4,4.3,158592.0,3.64,,,,56.4,4.0,,,
2026-01-02,,,,,,,,,,,,,,,,,,,,,,,,,3.47,4.19,2.25,,,14.51,119.6059,57.21
2026-01-05,,,,,,,,,,,,,,,,,,,,,,,,,3.46,4.17,2.26,,,14.9,119.6192,58.1
2026-01-06,,,,,,,,,,,,,,,,,,,,,,,,,3.47,4.18,2.27,,,14.75,119.7807,56.97
2026-01-07,,,,,,,,,,,,,,,,,,,,,,,,,3.47,4.15,2.27,,,15.38,119.8719,56.01
2026-01-08,,,,,,,,,,,,,,,,,,,,,,,,,3.49,4.19,2.27,,,15.45,120.0904,57.74
2026-01-09,,,,,,,,,,,,,,,,,,,,,,,,,3.54,4.18,2.28,,,14.49,120.2215,58.96
2026-01-12,,,,,,,,,,,,,,,,,,,,,,,,,3.54,4.19,2.29,,,15.12,119.9958,59.39
2026-01-13,,,,,,,,,,,,,,,,,,,,,,,,,3.53,4.18,2.3,,,15.98,120.1401,60.85
2026-01-14,,,,,,,,,,,,,,,,,,,,,,,,,3.51,4.15,2.29,,,16.75,119.9537,61.84
2026-01-15,,,,,,,,,,,,,,,,,,,,,,,,,3.56,4.17,2.29,,,15.84,119.9951,59.13
2026-01-16,,,,,,,,,,,,,,,,,,,,,,,,,3.59,4.24,2.33,,,15.86,120.0838,59.4
2026-01-19,,,,,,,,,,,,,,,,,,,,,,,,,,,,,,18.84,,
2026-01-20,,,,,,,,,,,,,,,,,,,,,,,,,3.6,4.3,2.33,,,20.09,119.4455,60.3
2026-01-21,,,,,,,,,,,,,,,,,,,,,,,,,3.6,4.26,2.34,,,16.9,119.3431,60.38
2026-01-22,,,,,,,,,,,,,,,,,,,,,,,,,3.61,4.26,2.31,,,15.64,119.1962,59.24
2026-01-23,,,,,,,,,,,,,,,,,,,,,,,,,3.6,4.24,2.32,,,16.09,118.8976,60.7
2026-01-26,,,,,,,,,,,,,,,,,,,,,,,,,3.56,4.22,2.32,,,16.15,118.0525,60.46
2026-01-27,,,,,,,,,,,,,,,,,,,,,,,,,3.53,4.24,2.34,,,16.35,117.4523,62.04
2026-01-28,,,,,,,,,,,,,,,,,,,,,,,,,3.56,4.26,2.36,,,16.35,117.5117,62.75
2026-01-29,,,,,,,,,,,,,,,,,,,,,,,,,3.53,4.24,2.35,,,16.88,117.4396,64.77
2026-01-30,,,,,,,,,,,,,,,,,,,,,,,,,3.52,4.26,2.36,,,17.44,117.8996,64.5
2026-02-01,327.46,326.785,333.512,129.539,128.961,391.706,276.754,318.985,422.942,134.419,180.589,741278.0,656082.0,602258.0,21611.4,16684.6,2332.1,4330.3,14949.0,18051.9,3.8,4.4,158436.0,3.64,,,,56.6,3.4,,,
2026-02-02,,,,,,,,,,,,,,,,,,,,,,,,,3.57,4.29,2.35,,,16.34,118.3609,61.6
2026-02-03,,,,,,,,,,,,,,,,,,,,,,,,,3.57,4.28,2.36,,,18.0,117.9764,62.62
2026-02-04,,,,,,,,,,,,,,,,,,,,,,,,,3.57,4.29,2.35,,,18.64,118.2602,64.56
2026-02-05,,,,,,,,,,,,,,,,,,,,,,,,,3.47,4.21,2.32,,,21.77,118.5034,62.9
2026-02-06,,,,,,,,,,,,,,,,,,,,,,,,,3.5,4.22,2.34,,,17.76,118.2407,63.77
2026-02-09,,,,,,,,,,,,,,,,,,,,,,,,,3.48,4.22,2.35,,,17.36,117.6392,64.53
2026-02-10,,,,,,,,,,,,,,,,,,,,,,,,,3.45,4.16,2.32,,,17.79,117.5216,64.2
2026-02-11,,,,,,,,,,,,,,,,,,,,,,,,,3.52,4.18,2.32,,,17.65,117.4601,64.8
2026-02-12,,,,,,,,,,,,,,,,,,,,,,,,,3.47,4.09,2.29,,,20.82,117.5376,63.08
2026-02-13,,,,,,,,,,,,,,,,,,,,,,,,,3.4,4.04,2.27,,,20.6,117.5258,63.05
2026-02-16,,,,,,,,,,,,,,,,,,,,,,,,,,,,,,21.2,,
2026-02-17,,,,,,,,,,,,,,,,,,,,,,,,,3.43,4.05,2.26,,,20.29,117.7375,62.53
2026-02-18,,,,,,,,,,,,,,,,,,,,,,,,,3.47,4.09,2.29,,,19.62,117.8426,65.33
2026-02-19,,,,,,,,,,,,,,,,,,,,,,,,,3.47,4.08,2.29,,,20.23,118.2354,66.66
2026-02-20,,,,,,,,,,,,,,,,,,,,,,,,,3.48,4.08,2.28,,,19.09,117.9917,66.69
2026-02-23,,,,,,,,,,,,,,,,,,,,,,,,,3.43,4.03,2.26,,,21.01,117.9395,66.36
2026-02-24,,,,,,,,,,,,,,,,,,,,,,,,,3.43,4.04,2.26,,,19.55,117.9463,65.62
2026-02-25,,,,,,,,,,,,,,,,,,,,,,,,,3.45,4.05,2.28,,,17.93,117.769,65.3
2026-02-26,,,,,,,,,,,,,,,,,,,,,,,,,3.42,4.02,2.28,,,18.63,117.9042,65.1
2026-02-27,,,,,,,,,,,,,,,,,,,,,,,,,3.38,3.97,2.25,,,19.86,117.8223,66.96
2026-03-01,330.293,330.213,334.165,130.403,129.343,392.652,335.5,318.462,424.069,135.804,179.83,754013.0,761135.0,614158.0,21814.7,16730.1,2373.7,4441.4,14999.6,18030.5,3.5,4.3,158650.0,3.64,,,,53.3,3.8,,,
2026-03-02,,,,,,,,,,,,,,,,,,,,,,,,,3.47,4.05,2.29,,,21.44,118.667,71.13
2026-03-03,,,,,,,,,,,,,,,,,,,,,,,,,3.51,4.06,2.29,,,23.57,119.4341,74.48
2026-03-04,,,,,,,,,,,,,,,,,,,,,,,,,3.54,4.09,2.29,,,21.15,119.0705,74.58
2026-03-05,,,,,,,,,,,,,,,,,,,,,,,,,3.57,4.13,2.31,,,23.75,119.5683,80.88
2026-03-06,,,,,,,,,,,,,,,,,,,,,,,,,3.56,4.15,2.35,,,29.49,119.491,90.77
2026-03-09,,,,,,,,,,,,,,,,,,,,,,,,,3.56,4.12,2.34,,,25.5,119.5151,94.65
2026-03-10,,,,,,,,,,,,,,,,,,,,,,,,,3.57,4.15,2.33,,,24.93,118.7255,83.71
2026-03-11,,,,,,,,,,,,,,,,,,,,,,,,,3.64,4.21,2.36,,,24.23,119.2885,86.8
2026-03-12,,,,,,,,,,,,,,,,,,,,,,,,,3.76,4.27,2.38,,,27.29,119.8227,95.61
2026-03-13,,,,,,,,,,,,,,,,,,,,,,,,,3.73,4.28,2.36,,,27.19,120.5518,98.48
2026-03-16,,,,,,,,,,,,,,,,,,,,,,,,,3.68,4.23,2.36,,,23.51,120.097,93.39
2026-03-17,,,,,,,,,,,,,,,,,,,,,,,,,3.68,4.2,2.37,,,22.37,119.8328,96.01
2026-03-18,,,,,,,,,,,,,,,,,,,,,,,,,3.76,4.26,2.4,,,25.09,119.9276,96.12
2026-03-19,,,,,,,,,,,,,,,,,,,,,,,,,3.79,4.25,2.37,,,24.06,120.1802,96.11
2026-03-20,,,,,,,,,,,,,,,,,,,,,,,,,3.88,4.39,2.38,,,26.78,120.2757,98.71
2026-03-23,,,,,,,,,,,,,,,,,,,,,,,,,3.83,4.34,2.33,,,26.15,119.9371,89.33
2026-03-24,,,,,,,,,,,,,,,,,,,,,,,,,3.9,4.39,2.33,,,26.95,120.1295,93.18
2026-03-25,,,,,,,,,,,,,,,,,,,,,,,,,3.84,4.33,2.31,,,25.33,120.1282,91.51
2026-03-26,,,,,,,,,,,,,,,,,,,,,,,,,3.96,4.42,2.34,,,27.44,120.389,96.18
2026-03-27,,,,,,,,,,,,,,,,,,,,,,,,,3.88,4.44,2.31,,,31.05,120.8851,101.26
2026-03-30,,,,,,,,,,,,,,,,,,,,,,,,,3.82,4.35,2.31,,,30.61,121.2851,104.69
2026-03-31,,,,,,,,,,,,,,,,,,,,,,,,,3.79,4.3,2.3,,,25.25,121.035,102.86
2026-04-01,332.407,333.02,335.423,130.946,129.681,393.546,353.74,320.633,426.642,136.67,179.822,759097.0,755742.0,619754.0,21949.5,16763.5,2360.6,4493.1,15095.8,17957.1,2.9,4.3,158798.0,3.64,3.81,4.33,2.31,49.8,4.7,24.54,120.1198,101.9
2026-04-02,,,,,,,,,,,,,,,,,,,,,,,,,3.79,4.31,2.34,,,23.87,120.503,113.23
2026-04-03,,,,,,,,,,,,,,,,,,,,,,,,,3.84,4.35,2.36,,,,120.6565,
2026-04-06,,,,,,,,,,,,,,,,,,,,,,,,,3.84,4.34,2.36,,,24.17,120.4302,114.01
2026-04-07,,,,,,,,,,,,,,,,,,,,,,,,,3.81,4.33,2.37,,,25.78,120.32,114.58
2026-04-08,,,,,,,,,,,,,,,,,,,,,,,,,3.79,4.29,2.33,,,21.04,119.0596,96.17
2026-04-09,,,,,,,,,,,,,,,,,,,,,,,,,3.78,4.29,2.34,,,19.49,118.8998,99.62
2026-04-10,,,,,,,,,,,,,,,,,,,,,,,,,3.81,4.31,2.36,,,19.23,118.8552,98.34
2026-04-13,,,,,,,,,,,,,,,,,,,,,,,,,3.78,4.3,2.38,,,19.12,118.9916,100.72
2026-04-14,,,,,,,,,,,,,,,,,,,,,,,,,3.76,4.26,2.37,,,18.36,118.3581,93.07
2026-04-15,,,,,,,,,,,,,,,,,,,,,,,,,3.76,4.29,2.39,,,18.17,118.3623,93.04
2026-04-16,,,,,,,,,,,,,,,,,,,,,,,,,3.78,4.32,2.39,,,17.94,118.3616,96.46
2026-04-17,,,,,,,,,,,,,,,,,,,,,,,,,3.71,4.26,2.36,,,17.48,118.0795,85.91
2026-04-20,,,,,,,,,,,,,,,,,,,,,,,,,3.72,4.26,2.35,,,18.87,118.2374,91.06
2026-04-21,,,,,,,,,,,,,,,,,,,,,,,,,3.78,4.3,2.38,,,19.5,118.4331,93.64
2026-04-22,,,,,,,,,,,,,,,,,,,,,,,,,3.79,4.3,2.38,,,18.92,118.6004,94.76
2026-04-23,,,,,,,,,,,,,,,,,,,,,,,,,3.83,4.34,2.42,,,19.31,118.7155,99.27
2026-04-24,,,,,,,,,,,,,,,,,,,,,,,,,3.78,4.31,2.42,,,18.71,118.7294,98.42
2026-04-27,,,,,,,,,,,,,,,,,,,,,,,,,3.78,4.35,2.44,,,18.02,118.5458,99.89
2026-04-28,,,,,,,,,,,,,,,,,,,,,,,,,3.84,4.36,2.44,,,17.83,118.7717,103.45
2026-04-29,,,,,,,,,,,,,,,,,,,,,,,,,3.92,4.42,2.46,,,18.81,119.0975,110.47
2026-04-30,,,,,,,,,,,,,,,,,,,,,,,,,3.88,4.4,2.46,,,16.89,118.671,108.64
2026-05-01,333.979,335.123,336.121,131.576,130.147,394.728,378.66,320.836,427.998,137.069,180.005,766192.0,796140.0,625517.0,22136.8,16825.5,2386.0,4515.7,15235.1,18000.1,2.8,4.3,158861.0,3.63,3.88,4.39,2.48,44.8,4.8,16.99,118.3926,105.38
2026-05-04,,,,,,,,,,,,,,,,,,,,,,,,,3.95,4.45,2.5,,,18.29,118.8264,109.76
2026-05-05,,,,,,,,,,,,,,,,,,,,,,,,,3.93,4.43,2.47,,,17.38,118.6207,105.66
2026-05-06,,,,,,,,,,,,,,,,,,,,,,,,,3.87,4.36,2.42,,,17.39,118.0982,98.75
2026-05-07,,,,,,,,,,,,,,,,,,,,,,,,,3.92,4.41,2.45,,,17.08,118.0116,98.38
2026-05-08,,,,,,,,,,,,,,,,,,,,,,,,,3.9,4.38,2.45,,,17.19,118.0392,98.87
2026-05-11,,,,,,,,,,,,,,,,,,,,,,,,,3.95,4.42,2.47,,,18.38,118.0562,101.56
2026-05-12,,,,,,,,,,,,,,,,,,,,,,,,,4.0,4.46,2.47,,,17.99,118.5238,105.78
2026-05-13,,,,,,,,,,,,,,,,,,,,,,,,,3.98,4.46,2.47,,,17.87,118.4737,104.52
2026-05-14,,,,,,,,,,,,,,,,,,,,,,,,,4.0,4.47,2.47,,,17.26,118.6696,104.66
2026-05-15,,,,,,,,,,,,,,,,,,,,,,,,,4.09,4.59,2.49,,,18.43,119.2825,108.99
2026-05-18,,,,,,,,,,,,,,,,,,,,,,,,,4.07,4.61,2.48,,,17.82,119.0574,112.25
2026-05-19,,,,,,,,,,,,,,,,,,,,,,,,,4.13,4.67,2.49,,,18.06,119.451,112.09
2026-05-20,,,,,,,,,,,,,,,,,,,,,,,,,4.04,4.57,2.44,,,17.44,119.1624,101.69
2026-05-21,,,,,,,,,,,,,,,,,,,,,,,,,4.08,4.57,2.39,,,16.76,119.369,100.2
2026-05-22,,,,,,,,,,,,,,,,,,,,,,,,,4.13,4.56,2.4,,,16.7,119.2868,100.35
2026-05-25,,,,,,,,,,,,,,,,,,,,,,,,,,,,,,16.59,,
2026-05-26,,,,,,,,,,,,,,,,,,,,,,,,,4.01,4.5,2.4,,,17.01,119.1696,97.63
2026-05-27,,,,,,,,,,,,,,,,,,,,,,,,,4.0,4.48,2.39,,,16.29,119.1829,92.35
2026-05-28,,,,,,,,,,,,,,,,,,,,,,,,,3.99,4.45,2.39,,,15.74,119.0318,92.65
2026-05-29,,,,,,,,,,,,,,,,,,,,,,,,,3.98,4.45,2.38,,,15.32,118.8783,91.16
2026-06-01,332.568,333.952,336.065,131.454,130.338,395.633,341.98,321.446,428.501,136.313,179.591,768587.0,776516.0,624447.0,22214.2,16900.0,2404.7,4494.6,15314.9,18054.9,2.6,4.2,158892.0,3.63,4.05,4.47,2.4,49.5,4.6,16.05,119.1653,95.96
2026-06-02,,,,,,,,,,,,,,,,,,,,,,,,,4.05,4.46,2.39,,,15.77,119.0359,97.47
2026-06-03,,,,,,,,,,,,,,,,,,,,,,,,,4.08,4.49,2.38,,,16.06,119.3848,99.76
2026-06-04,,,,,,,,,,,,,,,,,,,,,,,,,4.05,4.47,2.36,,,15.4,119.3615,96.83
2026-06-05,,,,,,,,,,,,,,,,,,,,,,,,,4.17,4.55,2.36,,,21.51,120.0831,94.32
2026-06-08,,,,,,,,,,,,,,,,,,,,,,,,,4.15,4.56,2.35,,,18.92,120.034,95.0
2026-06-09,,,,,,,,,,,,,,,,,,,,,,,,,4.13,4.53,2.33,,,19.87,119.9617,91.9
2026-06-10,,,,,,,,,,,,,,,,,,,,,,,,,4.13,4.55,2.34,,,22.22,119.9134,93.68
2026-06-11,,,,,,,,,,,,,,,,,,,,,,,,,4.05,4.45,2.29,,,19.44,120.1174,91.58
2026-06-12,,,,,,,,,,,,,,,,,,,,,,,,,4.09,4.48,2.31,,,17.68,119.5073,88.62
2026-06-15,,,,,,,,,,,,,,,,,,,,,,,,,4.07,4.47,2.32,,,16.2,119.3158,84.65
2026-06-16,,,,,,,,,,,,,,,,,,,,,,,,,4.05,4.43,2.29,,,16.41,119.256,79.8
2026-06-17,,,,,,,,,,,,,,,,,,,,,,,,,4.2,4.49,2.26,,,18.44,119.3871,80.65
2026-06-18,,,,,,,,,,,,,,,,,,,,,,,,,4.19,4.46,2.25,,,16.4,120.3958,80.35
2026-06-19,,,,,,,,,,,,,,,,,,,,,,,,,,,,,,16.78,,
2026-06-22,,,,,,,,,,,,,,,,,,,,,,,,,4.24,4.51,2.23,,,17.28,120.5463,78.94
2026-06-23,,,,,,,,,,,,,,,,,,,,,,,,,4.16,4.5,2.21,,,19.49,121.0552,74.62
2026-06-24,,,,,,,,,,,,,,,,,,,,,,,,,4.11,4.41,2.18,,,18.63,121.412,71.42
2026-06-25,,,,,,,,,,,,,,,,,,,,,,,,,4.09,4.4,2.21,,,18.89,121.0559,72.67
2026-06-26,,,,,,,,,,,,,,,,,,,,,,,,,4.07,4.38,2.2,,,18.41,120.8866,70.3
2026-06-29,,,,,,,,,,,,,,,,,,,,,,,,,4.1,4.38,2.22,,,17.65,120.9525,71.87
2026-06-30,,,,,,,,,,,,,,,,,,,,,,,,,4.14,4.44,2.24,,,16.45,120.9248,70.56
2026-07-01,332.813,333.918,336.789,131.659,130.658,396.859,332.215,321.216,429.095,136.434,180.306,764462.0,784603.0,622897.0,22250.4,16901.3,2380.1,4469.3,15401.0,18122.5,3.0,4.1,158913.0,3.63,4.17,4.48,2.23,55.2,4.2,16.59,121.1455,69.74
2026-07-02,,,,,,,,,,,,,,,,,,,,,,,,,4.14,4.49,2.23,,,16.15,120.6902,69.73
2026-07-03,,,,,,,,,,,,,,,,,,,,,,,,,,,,,,15.81,,
2026-07-06,,,,,,,,,,,,,,,,,,,,,,,,,4.13,4.48,2.24,,,15.57,120.835,69.6
2026-07-07,,,,,,,,,,,,,,,,,,,,,,,,,4.19,4.55,2.25,,,16.13,120.8145,71.53
2026-07-08,,,,,,,,,,,,,,,,,,,,,,,,,4.21,4.56,2.25,,,16.9,121.1307,74.56
2026-07-09,,,,,,,,,,,,,,,,,,,,,,,,,4.16,4.54,2.23,,,15.84,120.753,73.15
2026-07-10,,,,,,,,,,,,,,,,,,,,,,,,,4.21,4.56,2.24,,,15.03,120.5046,72.45
2026-07-13,,,,,,,,,,,,,,,,,,,,,,,,,4.26,4.62,2.26,,,17.16,120.7413,79.2
2026-07-14,,,,,,,,,,,,,,,,,,,,,,,,,4.18,4.58,2.25,,,16.5,120.4728,80.44
2026-07-15,,,,,,,,,,,,,,,,,,,,,,,,,4.13,4.55,2.23,,,15.67,120.3088,80.73
2026-07-16,,,,,,,,,,,,,,,,,,,,,,,,,4.16,4.57,2.22,,,16.73,120.331,80.03
2026-07-17,,,,,,,,,,,,,,,,,,,,,,,,,4.18,4.55,2.24,,,18.77,120.5315,83.43
2026-07-20,,,,,,,,,,,,,,,,,,,,,,,,,4.21,4.6,2.25,,,18.65,120.5401,84.38
2026-07-21,,,,,,,,,,,,,,,,,,,,,,,,,4.26,4.63,2.26,,,17.05,120.5779,86.04
2026-07-22,,,,,,,,,,,,,,,,,,,,,,,,,4.31,4.67,2.28,,,16.64,120.5736,87.66
2026-07-23,,,,,,,,,,,,,,,,,,,,,,,,,4.37,4.71,2.28,,,18.7,120.9075,93.08
2026-07-24,,,,,,,,,,,,,,,,,,,,,,,,,4.33,4.69,2.26,,,18.58,120.7105,91.74
2026-07-27,,,,,,,,,,,,,,,,,,,,,,,,,4.31,4.65,2.21,,,18.67,120.7739,84.25
2026-07-28,,,,,,,,,,,,,,,,,,,,,,,,,4.26,4.61,2.2,,,18.21,120.6247,80.91
2026-07-29,,,,,,,,,,,,,,,,,,,,,,,,,4.22,4.67,2.26,,,20.66,120.7892,86.08
2026-07-30,,,,,,,,,,,,,,,,,,,,,,,,,4.23,4.68,2.27,,,17.09,119.6753,85.15
2026-07-31,,,,,,,,,,,,,,,,,,,,,,,,,4.28,4.75,2.28,,,15.99,119.7034,86.16
2026-08-01,334.131,334.98,337.765,,,397.868,345.169,321.335,430.227,136.457,180.965,773947.0,784846.0,631568.0,,,,,,,,4.1,159075.0,3.63,,,,,,,,
2026-08-03,,,,,,,,,,,,,,,,,,,,,,,,,4.25,4.7,2.27,,,15.86,119.6951,81.96
2026-08-04,,,,,,,,,,,,,,,,,,,,,,,,,4.2,4.63,2.23,,,16.5,119.5977,77.33
2026-08-05,,,,,,,,,,,,,,,,,,,,,,,,,4.18,4.63,2.22,,,15.81,119.3881,76.78
2026-08-06,,,,,,,,,,,,,,,,,,,,,,,,,4.25,4.69,2.26,,,15.15,119.5113,78.88
2026-08-07,,,,,,,,,,,,,,,,,,,,,,,,,4.19,4.65,2.25,,,14.9,119.0649,79.77
2026-08-10,,,,,,,,,,,,,,,,,,,,,,,,,4.25,4.72,2.29,,,15.46,119.1187,83.76
2026-08-11,,,,,,,,,,,,,,,,,,,,,,,,,4.22,4.7,2.27,,,15.28,119.179,84.77
2026-08-12,,,,,,,,,,,,,,,,,,,,,,,,,4.2,4.68,2.26,,,14.55,119.1179,84.97
2026-08-13,,,,,,,,,,,,,,,,,,,,,,,,,4.15,4.63,2.24,,,14.63,119.1848,82.77
2026-08-14,,,,,,,,,,,,,,,,,,,,,,,,,4.17,4.68,2.27,,,14.25,118.9028,83.99
2026-08-17,,,,,,,,,,,,,,,,,,,,,,,,,4.19,4.72,2.28,,,15.19,118.814,86.04
2026-08-18,,,,,,,,,,,,,,,,,,,,,,,,,4.19,4.71,2.3,,,15.84,118.9831,86.48
2026-08-19,,,,,,,,,,,,,,,,,,,,,,,,,4.19,4.65,2.3,,,14.89,118.3328,87.28
2026-08-20,,,,,,,,,,,,,,,,,,,,,,,,,4.19,4.69,2.34,,,16.01,118.2548,89.75
2026-08-21,,,,,,,,,,,,,,,,,,,,,,,,,4.24,4.74,2.34,,,15.13,118.0628,87.21
2026-08-24,,,,,,,,,,,,,,,,,,,,,,,,,4.24,4.7,2.32,,,15.85,118.3195,86.34
2026-08-25,,,,,,,,,,,,,,,,,,,,,,,,,4.17,4.64,2.32,,,15.45,118.2283,83.9
2026-08-26,,,,,,,,,,,,,,,,,,,,,,,,,4.19,4.66,2.32,,,15.21,118.4461,83.46
2026-08-27,,,,,,,,,,,,,,,,,,,,,,,,,4.2,4.67,2.33,,,14.51,118.3583,84.81
2026-08-28,,,,,,,,,,,,,,,,,,,,,,,,,4.34,4.73,2.31,,,14.43,118.7479,84.57
2026-08-31,,,,,,,,,,,,,,,,,,,,,,,,,4.34,4.75,2.31,,,14.92,118.5679,87.03
2026-09-01,,,,,,,,,,,,,,,,,,,,,,,,,4.39,4.79,2.35,,,16.34,118.6568,91.48
2026-09-02,,,,,,,,,,,,,,,,,,,,,,,,,4.39,4.79,2.34,,,15.2,118.5296,92.15
2026-09-03,,,,,,,,,,,,,,,,,,,,,,,,,4.34,4.77,2.35,,,14.32,118.127,92.55
2026-09-04,,,,,,,,,,,,,,,,,,,,,,,,,4.37,4.78,2.35,,,14.53,118.0732,92.69
2026-09-07,,,,,,,,,,,,,,,,,,,,,,,,,,,,,,15.3,,
2026-09-08,,,,,,,,,,,,,,,,,,,,,,,,,4.39,4.8,2.37,,,15.72,117.9127,94.21
2026-09-09,,,,,,,,,,,,,,,,,,,,,,,,,4.43,4.83,2.37,,,16.46,117.8834,97.26
2026-09-10,,,,,,,,,,,,,,,,,,,,,,,,,4.56,4.95,2.4,,,17.84,118.0787,103.57
2026-09-11,,,,,,,,,,,,,,,,,,,,,,,,,4.63,4.96,2.36,,,15.84,118.2126,101.27
2026-09-14,,,,,,,,,,,,,,,,,,,,,,,,,4.65,4.97,2.37,,,17.1,,102.42
2026-09-15,,,,,,,,,,,,,,,,,,,,,,,,,4.67,5.0,2.38,,,17.2,,107.02
2026-09-16,,,,,,,,,,,,,,,,,,,,,,,,,4.74,5.01,2.33,,,17.71,,
2026-09-17,,,,,,,,,,,,,,,,,,,,,,,,,4.67,4.94,2.33,,,15.44,,
2026-09-18,,,,,,,,,,,,,,,,,,,,,,,,,,,2.33,,,,,
